Уровень 1	Уровень 2	Уровень 3	Уровень 4	Уровень 5	Путь	Конечная категория	FBY %	FBS %	Express %	DBS %	FBS минус FBY, п.п.
Товары для красоты					Товары для красоты	нет	55.0	62.0	55.0	62.0	7.0
Товары для красоты	Косметика, парфюмерия и уход				Товары для красоты > Косметика, парфюмерия и уход	нет	49.0	56.0	49.0	56.0	7.0
Товары для красоты	Косметика, парфюмерия и уход	Ароматерапия			Товары для красоты > Косметика, парфюмерия и уход > Ароматерапия	нет	47.5	54.5	47.5	54.5	7.0
Товары для красоты	Косметика, парфюмерия и уход	Ароматерапия	Аксессуары		Товары для красоты > Косметика, парфюмерия и уход > Ароматерапия > Аксессуары	нет	47.5	54.5	47.5	54.5	7.0
Товары для красоты	Косметика, парфюмерия и уход	Ароматерапия	Аксессуары	Аромакулоны	Товары для красоты > Косметика, парфюмерия и уход > Ароматерапия > Аксессуары > Аромакулоны	да	47.0	54.0	47.0	54.0	7.0
Товары для красоты	Косметика, парфюмерия и уход	Ароматерапия	Аксессуары	Аромалампы	Товары для красоты > Косметика, парфюмерия и уход > Ароматерапия > Аксессуары > Аромалампы	да	47.5	54.5	47.5	54.5	7.0
Товары для красоты	Косметика, парфюмерия и уход	Ароматерапия	Аксессуары	Аромасветильники	Товары для красоты > Косметика, парфюмерия и уход > Ароматерапия > Аксессуары > Аромасветильники	да	47.0	54.0	47.0	54.0	7.0
Товары для красоты	Косметика, парфюмерия и уход	Ароматерапия	Аксессуары	Благовония	Товары для красоты > Косметика, парфюмерия и уход > Ароматерапия > Аксессуары > Благовония	да	46.0	53.0	46.0	53.0	7.0
Товары для красоты	Косметика, парфюмерия и уход	Ароматерапия	Аксессуары	Инструменты для благовоний	Товары для красоты > Косметика, парфюмерия и уход > Ароматерапия > Аксессуары > Инструменты для благовоний	да	46.0	53.0	46.0	53.0	7.0
Товары для красоты	Косметика, парфюмерия и уход	Ароматерапия	Аксессуары	Конусы для формовки благовоний	Товары для красоты > Косметика, парфюмерия и уход > Ароматерапия > Аксессуары > Конусы для формовки благовоний	да	45.0	52.0	45.0	52.0	7.0
Товары для красоты	Косметика, парфюмерия и уход	Ароматерапия	Аксессуары	Курильницы для благовоний	Товары для красоты > Косметика, парфюмерия и уход > Ароматерапия > Аксессуары > Курильницы для благовоний	да	47.0	54.0	47.0	54.0	7.0
Товары для красоты	Косметика, парфюмерия и уход	Ароматерапия	Аксессуары	Наборы для ароматерапии	Товары для красоты > Косметика, парфюмерия и уход > Ароматерапия > Аксессуары > Наборы для ароматерапии	да	40.0	47.0	40.0	47.0	7.0
Товары для красоты	Косметика, парфюмерия и уход	Ароматерапия	Аксессуары	Подставки для благовоний	Товары для красоты > Косметика, парфюмерия и уход > Ароматерапия > Аксессуары > Подставки для благовоний	да	46.0	53.0	46.0	53.0	7.0
Товары для красоты	Косметика, парфюмерия и уход	Ароматерапия	Аксессуары	Стенды под благовония	Товары для красоты > Косметика, парфюмерия и уход > Ароматерапия > Аксессуары > Стенды под благовония	да	45.0	52.0	45.0	52.0	7.0
Товары для красоты	Косметика, парфюмерия и уход	Ароматерапия	Аксессуары	Флаконы для аромамасел	Товары для красоты > Косметика, парфюмерия и уход > Ароматерапия > Аксессуары > Флаконы для аромамасел	да	46.5	53.5	46.5	53.5	7.0
Товары для красоты	Косметика, парфюмерия и уход	Ароматерапия	Эфирные масла		Товары для красоты > Косметика, парфюмерия и уход > Ароматерапия > Эфирные масла	нет	40.0	47.0	40.0	47.0	7.0
Товары для красоты	Косметика, парфюмерия и уход	Ароматерапия	Эфирные масла	Ароматические масла	Товары для красоты > Косметика, парфюмерия и уход > Ароматерапия > Эфирные масла > Ароматические масла	да	40.0	47.0	40.0	47.0	7.0
Товары для красоты	Косметика, парфюмерия и уход	Ароматерапия	Эфирные масла	Смеси эфирных масел	Товары для красоты > Косметика, парфюмерия и уход > Ароматерапия > Эфирные масла > Смеси эфирных масел	да	40.0	47.0	40.0	47.0	7.0
Товары для красоты	Косметика, парфюмерия и уход	Ароматерапия	Эфирные масла	Эфирные масла	Товары для красоты > Косметика, парфюмерия и уход > Ароматерапия > Эфирные масла > Эфирные масла	да	40.0	47.0	40.0	47.0	7.0
Товары для красоты	Косметика, парфюмерия и уход	Косметика для детей			Товары для красоты > Косметика, парфюмерия и уход > Косметика для детей	нет	40.0	47.0	40.0	47.0	7.0
Товары для красоты	Косметика, парфюмерия и уход	Косметика для детей	Детская косметика и духи		Товары для красоты > Косметика, парфюмерия и уход > Косметика для детей > Детская косметика и духи	да	40.0	47.0	40.0	47.0	7.0
Товары для красоты	Косметика, парфюмерия и уход	Макияж			Товары для красоты > Косметика, парфюмерия и уход > Макияж	нет	49.0	56.0	49.0	56.0	7.0
Товары для красоты	Косметика, парфюмерия и уход	Макияж	Аксессуары		Товары для красоты > Косметика, парфюмерия и уход > Макияж > Аксессуары	нет	49.0	56.0	49.0	56.0	7.0
Товары для красоты	Косметика, парфюмерия и уход	Макияж	Аксессуары	Зеркала косметические	Товары для красоты > Косметика, парфюмерия и уход > Макияж > Аксессуары > Зеркала косметические	да	46.0	53.0	46.0	53.0	7.0
Товары для красоты	Косметика, парфюмерия и уход	Макияж	Аксессуары	Кисти, спонжи и аппликаторы	Товары для красоты > Косметика, парфюмерия и уход > Макияж > Аксессуары > Кисти, спонжи и аппликаторы	нет	49.0	56.0	49.0	56.0	7.0
Товары для красоты	Косметика, парфюмерия и уход	Макияж	Аксессуары	Кисти, спонжи и аппликаторы	Товары для красоты > Косметика, парфюмерия и уход > Макияж > Аксессуары > Кисти, спонжи и аппликаторы > Аппликаторы косметические	да	41.0	48.0	41.0	48.0	7.0
Товары для красоты	Косметика, парфюмерия и уход	Макияж	Аксессуары	Кисти, спонжи и аппликаторы	Товары для красоты > Косметика, парфюмерия и уход > Макияж > Аксессуары > Кисти, спонжи и аппликаторы > Брашгарды для кистей	да	41.0	48.0	41.0	48.0	7.0
Товары для красоты	Косметика, парфюмерия и уход	Макияж	Аксессуары	Кисти, спонжи и аппликаторы	Товары для красоты > Косметика, парфюмерия и уход > Макияж > Аксессуары > Кисти, спонжи и аппликаторы > Кисти косметические	да	41.0	48.0	41.0	48.0	7.0
Товары для красоты	Косметика, парфюмерия и уход	Макияж	Аксессуары	Кисти, спонжи и аппликаторы	Товары для красоты > Косметика, парфюмерия и уход > Макияж > Аксессуары > Кисти, спонжи и аппликаторы > Наборы аксессуаров для макияжа	да	41.0	48.0	41.0	48.0	7.0
Товары для красоты	Косметика, парфюмерия и уход	Макияж	Аксессуары	Кисти, спонжи и аппликаторы	Товары для красоты > Косметика, парфюмерия и уход > Макияж > Аксессуары > Кисти, спонжи и аппликаторы > Наборы косметических кистей	да	41.0	48.0	41.0	48.0	7.0
Товары для красоты	Косметика, парфюмерия и уход	Макияж	Аксессуары	Кисти, спонжи и аппликаторы	Товары для красоты > Косметика, парфюмерия и уход > Макияж > Аксессуары > Кисти, спонжи и аппликаторы > Органайзеры для косметики и аксессуаров	да	49.0	56.0	49.0	56.0	7.0
Товары для красоты	Косметика, парфюмерия и уход	Макияж	Аксессуары	Кисти, спонжи и аппликаторы	Товары для красоты > Косметика, парфюмерия и уход > Макияж > Аксессуары > Кисти, спонжи и аппликаторы > Очистители для кистей электрические	да	40.0	47.0	40.0	47.0	7.0
Товары для красоты	Косметика, парфюмерия и уход	Макияж	Аксессуары	Кисти, спонжи и аппликаторы	Товары для красоты > Косметика, парфюмерия и уход > Макияж > Аксессуары > Кисти, спонжи и аппликаторы > Пуховки	да	41.0	48.0	41.0	48.0	7.0
Товары для красоты	Косметика, парфюмерия и уход	Макияж	Аксессуары	Кисти, спонжи и аппликаторы	Товары для красоты > Косметика, парфюмерия и уход > Макияж > Аксессуары > Кисти, спонжи и аппликаторы > Спонжи косметические	да	41.0	48.0	41.0	48.0	7.0
Товары для красоты	Косметика, парфюмерия и уход	Макияж	Аксессуары	Кисти, спонжи и аппликаторы	Товары для красоты > Косметика, парфюмерия и уход > Макияж > Аксессуары > Кисти, спонжи и аппликаторы > Средства для очищения косметических принадлежностей	да	41.0	48.0	41.0	48.0	7.0
Товары для красоты	Косметика, парфюмерия и уход	Макияж	Аксессуары	Мелочи для макияжа	Товары для красоты > Косметика, парфюмерия и уход > Макияж > Аксессуары > Мелочи для макияжа	нет	43.0	50.0	43.0	50.0	7.0
Товары для красоты	Косметика, парфюмерия и уход	Макияж	Аксессуары	Мелочи для макияжа	Товары для красоты > Косметика, парфюмерия и уход > Макияж > Аксессуары > Мелочи для макияжа > Аксессуары для макияжа	да	40.0	47.0	40.0	47.0	7.0
Товары для красоты	Косметика, парфюмерия и уход	Макияж	Аксессуары	Мелочи для макияжа	Товары для красоты > Косметика, парфюмерия и уход > Макияж > Аксессуары > Мелочи для макияжа > Плойки для завивки ресниц	да	40.0	47.0	40.0	47.0	7.0
Товары для красоты	Косметика, парфюмерия и уход	Макияж	Аксессуары	Мелочи для макияжа	Товары для красоты > Косметика, парфюмерия и уход > Макияж > Аксессуары > Мелочи для макияжа > Стразы для лица	да	43.0	50.0	43.0	50.0	7.0
Товары для красоты	Косметика, парфюмерия и уход	Макияж	Аксессуары	Мелочи для макияжа	Товары для красоты > Косметика, парфюмерия и уход > Макияж > Аксессуары > Мелочи для макияжа > Щипцы для завивки ресниц	да	41.0	48.0	41.0	48.0	7.0
Товары для красоты	Косметика, парфюмерия и уход	Макияж	Аксессуары	Пинцеты косметические	Товары для красоты > Косметика, парфюмерия и уход > Макияж > Аксессуары > Пинцеты косметические	нет	40.0	47.0	40.0	47.0	7.0
Товары для красоты	Косметика, парфюмерия и уход	Макияж	Аксессуары	Пинцеты косметические	Товары для красоты > Косметика, парфюмерия и уход > Макияж > Аксессуары > Пинцеты косметические > Наборы для коррекции бровей	да	40.0	47.0	40.0	47.0	7.0
Товары для красоты	Косметика, парфюмерия и уход	Макияж	Аксессуары	Пинцеты косметические	Товары для красоты > Косметика, парфюмерия и уход > Макияж > Аксессуары > Пинцеты косметические > Нити для тридинга	да	39.0	46.0	39.0	46.0	7.0
Товары для красоты	Косметика, парфюмерия и уход	Макияж	Аксессуары	Пинцеты косметические	Товары для красоты > Косметика, парфюмерия и уход > Макияж > Аксессуары > Пинцеты косметические > Ножницы для бровей	да	40.0	47.0	40.0	47.0	7.0
Товары для красоты	Косметика, парфюмерия и уход	Макияж	Аксессуары	Пинцеты косметические	Товары для красоты > Косметика, парфюмерия и уход > Макияж > Аксессуары > Пинцеты косметические > Пинцеты косметические	да	40.0	47.0	40.0	47.0	7.0
Товары для красоты	Косметика, парфюмерия и уход	Макияж	Аксессуары	Пинцеты косметические	Товары для красоты > Косметика, парфюмерия и уход > Макияж > Аксессуары > Пинцеты косметические > Триммеры для бровей	да	37.0	44.0	37.0	44.0	7.0
Товары для красоты	Косметика, парфюмерия и уход	Макияж	Аксессуары	Ресницы и клей	Товары для красоты > Косметика, парфюмерия и уход > Макияж > Аксессуары > Ресницы и клей	нет	42.0	49.0	42.0	49.0	7.0
Товары для красоты	Косметика, парфюмерия и уход	Макияж	Аксессуары	Ресницы и клей	Товары для красоты > Косметика, парфюмерия и уход > Макияж > Аксессуары > Ресницы и клей > Аксессуары для ламинирования ресниц	да	40.0	47.0	40.0	47.0	7.0
Товары для красоты	Косметика, парфюмерия и уход	Макияж	Аксессуары	Ресницы и клей	Товары для красоты > Косметика, парфюмерия и уход > Макияж > Аксессуары > Ресницы и клей > Аксессуары для наращивания ресниц	да	40.0	47.0	40.0	47.0	7.0
Товары для красоты	Косметика, парфюмерия и уход	Макияж	Аксессуары	Ресницы и клей	Товары для красоты > Косметика, парфюмерия и уход > Макияж > Аксессуары > Ресницы и клей > Ресницы для наращивания	да	40.0	47.0	40.0	47.0	7.0
Товары для красоты	Косметика, парфюмерия и уход	Макияж	Аксессуары	Ресницы и клей	Товары для красоты > Косметика, парфюмерия и уход > Макияж > Аксессуары > Ресницы и клей > Ресницы накладные	да	41.0	48.0	41.0	48.0	7.0
Товары для красоты	Косметика, парфюмерия и уход	Макияж	Аксессуары	Ресницы и клей	Товары для красоты > Косметика, парфюмерия и уход > Макияж > Аксессуары > Ресницы и клей > Средства для ламинирования ресниц	да	42.0	49.0	42.0	49.0	7.0
Товары для красоты	Косметика, парфюмерия и уход	Макияж	Аксессуары	Ресницы и клей	Товары для красоты > Косметика, парфюмерия и уход > Макияж > Аксессуары > Ресницы и клей > Средства для наращивания ресниц	да	40.0	47.0	40.0	47.0	7.0
Товары для красоты	Косметика, парфюмерия и уход	Макияж	Для бровей		Товары для красоты > Косметика, парфюмерия и уход > Макияж > Для бровей	нет	47.0	54.0	47.0	54.0	7.0
Товары для красоты	Косметика, парфюмерия и уход	Макияж	Для бровей	Карандаши для бровей	Товары для красоты > Косметика, парфюмерия и уход > Макияж > Для бровей > Карандаши для бровей	нет	41.0	48.0	41.0	48.0	7.0
Товары для красоты	Косметика, парфюмерия и уход	Макияж	Для бровей	Карандаши для бровей	Товары для красоты > Косметика, парфюмерия и уход > Макияж > Для бровей > Карандаши для бровей > Карандаши для бровей	да	41.0	48.0	41.0	48.0	7.0
Товары для красоты	Косметика, парфюмерия и уход	Макияж	Для бровей	Карандаши для бровей	Товары для красоты > Косметика, парфюмерия и уход > Макияж > Для бровей > Карандаши для бровей > Консилеры для бровей	да	40.0	47.0	40.0	47.0	7.0
Товары для красоты	Косметика, парфюмерия и уход	Макияж	Для бровей	Карандаши для бровей	Товары для красоты > Косметика, парфюмерия и уход > Макияж > Для бровей > Карандаши для бровей > Маркеры для бровей	да	41.0	48.0	41.0	48.0	7.0
Товары для красоты	Косметика, парфюмерия и уход	Макияж	Для бровей	Карандаши для бровей	Товары для красоты > Косметика, парфюмерия и уход > Макияж > Для бровей > Карандаши для бровей > Тинты для бровей	да	41.0	48.0	41.0	48.0	7.0
Товары для красоты	Косметика, парфюмерия и уход	Макияж	Для бровей	Краска для бровей и ресниц	Товары для красоты > Косметика, парфюмерия и уход > Макияж > Для бровей > Краска для бровей и ресниц	нет	47.0	54.0	47.0	54.0	7.0
Товары для красоты	Косметика, парфюмерия и уход	Макияж	Для бровей	Краска для бровей и ресниц	Товары для красоты > Косметика, парфюмерия и уход > Макияж > Для бровей > Краска для бровей и ресниц > Инструменты для окрашивания бровей	да	40.0	47.0	40.0	47.0	7.0
Товары для красоты	Косметика, парфюмерия и уход	Макияж	Для бровей	Краска для бровей и ресниц	Товары для красоты > Косметика, парфюмерия и уход > Макияж > Для бровей > Краска для бровей и ресниц > Краски для бровей	да	47.0	54.0	47.0	54.0	7.0
Товары для красоты	Косметика, парфюмерия и уход	Макияж	Для бровей	Краска для бровей и ресниц	Товары для красоты > Косметика, парфюмерия и уход > Макияж > Для бровей > Краска для бровей и ресниц > Лампы для заваривания хны	да	38.0	45.0	38.0	45.0	7.0
Товары для красоты	Косметика, парфюмерия и уход	Макияж	Для бровей	Краска для бровей и ресниц	Товары для красоты > Косметика, парфюмерия и уход > Макияж > Для бровей > Краска для бровей и ресниц > Наборы для окрашивания бровей	да	43.0	50.0	43.0	50.0	7.0
Товары для красоты	Косметика, парфюмерия и уход	Макияж	Для бровей	Краска для бровей и ресниц	Товары для красоты > Косметика, парфюмерия и уход > Макияж > Для бровей > Краска для бровей и ресниц > Нити для разметки бровей	да	41.0	48.0	41.0	48.0	7.0
Товары для красоты	Косметика, парфюмерия и уход	Макияж	Для бровей	Краска для бровей и ресниц	Товары для красоты > Косметика, парфюмерия и уход > Макияж > Для бровей > Краска для бровей и ресниц > Обезжириватели для бровей	да	41.0	48.0	41.0	48.0	7.0
Товары для красоты	Косметика, парфюмерия и уход	Макияж	Для бровей	Краска для бровей и ресниц	Товары для красоты > Косметика, парфюмерия и уход > Макияж > Для бровей > Краска для бровей и ресниц > Окислители для краски для бровей	да	40.0	47.0	40.0	47.0	7.0
Товары для красоты	Косметика, парфюмерия и уход	Макияж	Для бровей	Краска для бровей и ресниц	Товары для красоты > Косметика, парфюмерия и уход > Макияж > Для бровей > Краска для бровей и ресниц > Осветлители для краски для бровей	да	40.0	47.0	40.0	47.0	7.0
Товары для красоты	Косметика, парфюмерия и уход	Макияж	Для бровей	Краска для бровей и ресниц	Товары для красоты > Косметика, парфюмерия и уход > Макияж > Для бровей > Краска для бровей и ресниц > Средства для защиты кожи при окрашивании бровей	да	41.0	48.0	41.0	48.0	7.0
Товары для красоты	Косметика, парфюмерия и уход	Макияж	Для бровей	Краска для бровей и ресниц	Товары для красоты > Косметика, парфюмерия и уход > Макияж > Для бровей > Краска для бровей и ресниц > Средства для окрашивания бровей	да	40.0	47.0	40.0	47.0	7.0
Товары для красоты	Косметика, парфюмерия и уход	Макияж	Для бровей	Краска для бровей и ресниц	Товары для красоты > Косметика, парфюмерия и уход > Макияж > Для бровей > Краска для бровей и ресниц > Средства для снятия краски для бровей	да	41.0	48.0	41.0	48.0	7.0
Товары для красоты	Косметика, парфюмерия и уход	Макияж	Для бровей	Краска для бровей и ресниц	Товары для красоты > Косметика, парфюмерия и уход > Макияж > Для бровей > Краска для бровей и ресниц > Хна для бровей	да	40.0	47.0	40.0	47.0	7.0
Товары для красоты	Косметика, парфюмерия и уход	Макияж	Для бровей	Тени для бровей	Товары для красоты > Косметика, парфюмерия и уход > Макияж > Для бровей > Тени для бровей	да	40.0	47.0	40.0	47.0	7.0
Товары для красоты	Косметика, парфюмерия и уход	Макияж	Для бровей	Тушь и гель для бровей	Товары для красоты > Косметика, парфюмерия и уход > Макияж > Для бровей > Тушь и гель для бровей	да	41.0	48.0	41.0	48.0	7.0
Товары для красоты	Косметика, парфюмерия и уход	Макияж	Для глаз		Товары для красоты > Косметика, парфюмерия и уход > Макияж > Для глаз	нет	41.0	48.0	41.0	48.0	7.0
Товары для красоты	Косметика, парфюмерия и уход	Макияж	Для глаз	Карандаши и подводки для глаз	Товары для красоты > Косметика, парфюмерия и уход > Макияж > Для глаз > Карандаши и подводки для глаз	нет	41.0	48.0	41.0	48.0	7.0
Товары для красоты	Косметика, парфюмерия и уход	Макияж	Для глаз	Карандаши и подводки для глаз	Товары для красоты > Косметика, парфюмерия и уход > Макияж > Для глаз > Карандаши и подводки для глаз > Карандаши для глаз	да	41.0	48.0	41.0	48.0	7.0
Товары для красоты	Косметика, парфюмерия и уход	Макияж	Для глаз	Карандаши и подводки для глаз	Товары для красоты > Косметика, парфюмерия и уход > Макияж > Для глаз > Карандаши и подводки для глаз > Подводки для глаз	да	41.0	48.0	41.0	48.0	7.0
Товары для красоты	Косметика, парфюмерия и уход	Макияж	Для глаз	Карандаши и подводки для глаз	Товары для красоты > Косметика, парфюмерия и уход > Макияж > Для глаз > Карандаши и подводки для глаз > Сурьма	да	40.0	47.0	40.0	47.0	7.0
Товары для красоты	Косметика, парфюмерия и уход	Макияж	Для глаз	Тени	Товары для красоты > Косметика, парфюмерия и уход > Макияж > Для глаз > Тени	да	40.0	47.0	40.0	47.0	7.0
Товары для красоты	Косметика, парфюмерия и уход	Макияж	Для глаз	Тушь	Товары для красоты > Косметика, парфюмерия и уход > Макияж > Для глаз > Тушь	да	40.0	47.0	40.0	47.0	7.0
Товары для красоты	Косметика, парфюмерия и уход	Макияж	Для губ		Товары для красоты > Косметика, парфюмерия и уход > Макияж > Для губ	нет	40.0	47.0	40.0	47.0	7.0
Товары для красоты	Косметика, парфюмерия и уход	Макияж	Для губ	Блески и тинты	Товары для красоты > Косметика, парфюмерия и уход > Макияж > Для губ > Блески и тинты	нет	40.0	47.0	40.0	47.0	7.0
Товары для красоты	Косметика, парфюмерия и уход	Макияж	Для губ	Блески и тинты	Товары для красоты > Косметика, парфюмерия и уход > Макияж > Для губ > Блески и тинты > Блески для губ	да	40.0	47.0	40.0	47.0	7.0
Товары для красоты	Косметика, парфюмерия и уход	Макияж	Для губ	Блески и тинты	Товары для красоты > Косметика, парфюмерия и уход > Макияж > Для губ > Блески и тинты > Тинты для губ	да	40.0	47.0	40.0	47.0	7.0
Товары для красоты	Косметика, парфюмерия и уход	Макияж	Для губ	Карандаши для губ	Товары для красоты > Косметика, парфюмерия и уход > Макияж > Для губ > Карандаши для губ	да	40.0	47.0	40.0	47.0	7.0
Товары для красоты	Косметика, парфюмерия и уход	Макияж	Для губ	Помада	Товары для красоты > Косметика, парфюмерия и уход > Макияж > Для губ > Помада	да	40.0	47.0	40.0	47.0	7.0
Товары для красоты	Косметика, парфюмерия и уход	Макияж	Для лица		Товары для красоты > Косметика, парфюмерия и уход > Макияж > Для лица	нет	41.0	48.0	41.0	48.0	7.0
Товары для красоты	Косметика, парфюмерия и уход	Макияж	Для лица	Корректоры и консилеры	Товары для красоты > Косметика, парфюмерия и уход > Макияж > Для лица > Корректоры и консилеры	нет	41.0	48.0	41.0	48.0	7.0
Товары для красоты	Косметика, парфюмерия и уход	Макияж	Для лица	Корректоры и консилеры	Товары для красоты > Косметика, парфюмерия и уход > Макияж > Для лица > Корректоры и консилеры > Консилеры для лица	да	41.0	48.0	41.0	48.0	7.0
Товары для красоты	Косметика, парфюмерия и уход	Макияж	Для лица	Корректоры и консилеры	Товары для красоты > Косметика, парфюмерия и уход > Макияж > Для лица > Корректоры и консилеры > Корректоры для лица	да	41.0	48.0	41.0	48.0	7.0
Товары для красоты	Косметика, парфюмерия и уход	Макияж	Для лица	Основа и фиксаторы для макияжа	Товары для красоты > Косметика, парфюмерия и уход > Макияж > Для лица > Основа и фиксаторы для макияжа	нет	41.0	48.0	41.0	48.0	7.0
Товары для красоты	Косметика, парфюмерия и уход	Макияж	Для лица	Основа и фиксаторы для макияжа	Товары для красоты > Косметика, парфюмерия и уход > Макияж > Для лица > Основа и фиксаторы для макияжа > Основы под макияж	да	40.0	47.0	40.0	47.0	7.0
Товары для красоты	Косметика, парфюмерия и уход	Макияж	Для лица	Основа и фиксаторы для макияжа	Товары для красоты > Косметика, парфюмерия и уход > Макияж > Для лица > Основа и фиксаторы для макияжа > Фиксаторы макияжа	да	41.0	48.0	41.0	48.0	7.0
Товары для красоты	Косметика, парфюмерия и уход	Макияж	Для лица	Пудра	Товары для красоты > Косметика, парфюмерия и уход > Макияж > Для лица > Пудра	да	40.0	47.0	40.0	47.0	7.0
Товары для красоты	Косметика, парфюмерия и уход	Макияж	Для лица	Румяна и бронзеры	Товары для красоты > Косметика, парфюмерия и уход > Макияж > Для лица > Румяна и бронзеры	нет	40.0	47.0	40.0	47.0	7.0
Товары для красоты	Косметика, парфюмерия и уход	Макияж	Для лица	Румяна и бронзеры	Товары для красоты > Косметика, парфюмерия и уход > Макияж > Для лица > Румяна и бронзеры > Бронзеры	да	40.0	47.0	40.0	47.0	7.0
Товары для красоты	Косметика, парфюмерия и уход	Макияж	Для лица	Румяна и бронзеры	Товары для красоты > Косметика, парфюмерия и уход > Макияж > Для лица > Румяна и бронзеры > Румяна	да	40.0	47.0	40.0	47.0	7.0
Товары для красоты	Косметика, парфюмерия и уход	Макияж	Для лица	Тональные средства	Товары для красоты > Косметика, парфюмерия и уход > Макияж > Для лица > Тональные средства	да	40.0	47.0	40.0	47.0	7.0
Товары для красоты	Косметика, парфюмерия и уход	Макияж	Для лица	Хайлайтеры и контуринг	Товары для красоты > Косметика, парфюмерия и уход > Макияж > Для лица > Хайлайтеры и контуринг	нет	41.0	48.0	41.0	48.0	7.0
Товары для красоты	Косметика, парфюмерия и уход	Макияж	Для лица	Хайлайтеры и контуринг	Товары для красоты > Косметика, парфюмерия и уход > Макияж > Для лица > Хайлайтеры и контуринг > Глиттеры для лица	да	41.0	48.0	41.0	48.0	7.0
Товары для красоты	Косметика, парфюмерия и уход	Макияж	Для лица	Хайлайтеры и контуринг	Товары для красоты > Косметика, парфюмерия и уход > Макияж > Для лица > Хайлайтеры и контуринг > Наборы для контуринга	да	38.0	45.0	38.0	45.0	7.0
Товары для красоты	Косметика, парфюмерия и уход	Макияж	Для лица	Хайлайтеры и контуринг	Товары для красоты > Косметика, парфюмерия и уход > Макияж > Для лица > Хайлайтеры и контуринг > Скульпторы для лица	да	40.0	47.0	40.0	47.0	7.0
Товары для красоты	Косметика, парфюмерия и уход	Макияж	Для лица	Хайлайтеры и контуринг	Товары для красоты > Косметика, парфюмерия и уход > Макияж > Для лица > Хайлайтеры и контуринг > Хайлайтеры	да	40.0	47.0	40.0	47.0	7.0
Товары для красоты	Косметика, парфюмерия и уход	Макияж	Для лица	Хайлайтеры и контуринг	Товары для красоты > Косметика, парфюмерия и уход > Макияж > Для лица > Хайлайтеры и контуринг > Шиммеры для лица	да	40.0	47.0	40.0	47.0	7.0
Товары для красоты	Косметика, парфюмерия и уход	Макияж	Наборы		Товары для красоты > Косметика, парфюмерия и уход > Макияж > Наборы	да	40.0	47.0	40.0	47.0	7.0
Товары для красоты	Косметика, парфюмерия и уход	Мужчинам			Товары для красоты > Косметика, парфюмерия и уход > Мужчинам	нет	41.0	48.0	41.0	48.0	7.0
Товары для красоты	Косметика, парфюмерия и уход	Мужчинам	Бритвы и лезвия		Товары для красоты > Косметика, парфюмерия и уход > Мужчинам > Бритвы и лезвия	нет	41.0	48.0	41.0	48.0	7.0
Товары для красоты	Косметика, парфюмерия и уход	Мужчинам	Бритвы и лезвия	Аксессуары для мужских бритв	Товары для красоты > Косметика, парфюмерия и уход > Мужчинам > Бритвы и лезвия > Аксессуары для мужских бритв	да	44.0	51.0	44.0	51.0	7.0
Товары для красоты	Косметика, парфюмерия и уход	Мужчинам	Бритвы и лезвия	Бритвенные станки мужские	Товары для красоты > Косметика, парфюмерия и уход > Мужчинам > Бритвы и лезвия > Бритвенные станки мужские	да	44.0	51.0	44.0	51.0	7.0
Товары для красоты	Косметика, парфюмерия и уход	Мужчинам	Бритвы и лезвия	Лезвия для опасных бритв	Товары для красоты > Косметика, парфюмерия и уход > Мужчинам > Бритвы и лезвия > Лезвия для опасных бритв	да	41.0	48.0	41.0	48.0	7.0
Товары для красоты	Косметика, парфюмерия и уход	Мужчинам	Бритвы и лезвия	Лезвия классические	Товары для красоты > Косметика, парфюмерия и уход > Мужчинам > Бритвы и лезвия > Лезвия классические	да	47.0	54.0	47.0	54.0	7.0
Товары для красоты	Косметика, парфюмерия и уход	Мужчинам	Бритвы и лезвия	Помазки	Товары для красоты > Косметика, парфюмерия и уход > Мужчинам > Бритвы и лезвия > Помазки	да	44.0	51.0	44.0	51.0	7.0
Товары для красоты	Косметика, парфюмерия и уход	Мужчинам	Бритвы и лезвия	Сменные кассеты для мужских бритв	Товары для красоты > Косметика, парфюмерия и уход > Мужчинам > Бритвы и лезвия > Сменные кассеты для мужских бритв	да	44.0	51.0	44.0	51.0	7.0
Товары для красоты	Косметика, парфюмерия и уход	Мужчинам	Дезодоранты		Товары для красоты > Косметика, парфюмерия и уход > Мужчинам > Дезодоранты	да	40.0	47.0	40.0	47.0	7.0
Товары для красоты	Косметика, парфюмерия и уход	Мужчинам	Для бороды и усов		Товары для красоты > Косметика, парфюмерия и уход > Мужчинам > Для бороды и усов	нет	40.5	47.5	40.5	47.5	7.0
Товары для красоты	Косметика, парфюмерия и уход	Мужчинам	Для бороды и усов	Краска для бороды	Товары для красоты > Косметика, парфюмерия и уход > Мужчинам > Для бороды и усов > Краска для бороды	да	40.0	47.0	40.0	47.0	7.0
Товары для красоты	Косметика, парфюмерия и уход	Мужчинам	Для бороды и усов	Наборы средств для ухода за бородой	Товары для красоты > Косметика, парфюмерия и уход > Мужчинам > Для бороды и усов > Наборы средств для ухода за бородой	да	40.5	47.5	40.5	47.5	7.0
Товары для красоты	Косметика, парфюмерия и уход	Мужчинам	Для бороды и усов	Средства для ухода за бородой	Товары для красоты > Косметика, парфюмерия и уход > Мужчинам > Для бороды и усов > Средства для ухода за бородой	да	40.5	47.5	40.5	47.5	7.0
Товары для красоты	Косметика, парфюмерия и уход	Мужчинам	Для бороды и усов	Стайлинг для бороды	Товары для красоты > Косметика, парфюмерия и уход > Мужчинам > Для бороды и усов > Стайлинг для бороды	да	40.5	47.5	40.5	47.5	7.0
Товары для красоты	Косметика, парфюмерия и уход	Мужчинам	Расчески и щетки для бороды и усов		Товары для красоты > Косметика, парфюмерия и уход > Мужчинам > Расчески и щетки для бороды и усов	нет	41.0	48.0	41.0	48.0	7.0
Товары для красоты	Косметика, парфюмерия и уход	Мужчинам	Расчески и щетки для бороды и усов	Наборы аксессуаров для ухода за бородой	Товары для красоты > Косметика, парфюмерия и уход > Мужчинам > Расчески и щетки для бороды и усов > Наборы аксессуаров для ухода за бородой	да	40.0	47.0	40.0	47.0	7.0
Товары для красоты	Косметика, парфюмерия и уход	Мужчинам	Расчески и щетки для бороды и усов	Расчески для бороды	Товары для красоты > Косметика, парфюмерия и уход > Мужчинам > Расчески и щетки для бороды и усов > Расчески для бороды	да	41.0	48.0	41.0	48.0	7.0
Товары для красоты	Косметика, парфюмерия и уход	Мужчинам	Расчески и щетки для бороды и усов	Трафареты для бороды и усов	Товары для красоты > Косметика, парфюмерия и уход > Мужчинам > Расчески и щетки для бороды и усов > Трафареты для бороды и усов	да	41.0	48.0	41.0	48.0	7.0
Товары для красоты	Косметика, парфюмерия и уход	Мужчинам	Расчески и щетки для бороды и усов	Чехлы для расчесок для бороды	Товары для красоты > Косметика, парфюмерия и уход > Мужчинам > Расчески и щетки для бороды и усов > Чехлы для расчесок для бороды	да	41.0	48.0	41.0	48.0	7.0
Товары для красоты	Косметика, парфюмерия и уход	Мужчинам	Расчески и щетки для бороды и усов	Щетки для бороды	Товары для красоты > Косметика, парфюмерия и уход > Мужчинам > Расчески и щетки для бороды и усов > Щетки для бороды	да	41.0	48.0	41.0	48.0	7.0
Товары для красоты	Косметика, парфюмерия и уход	Мужчинам	Средства для бритья		Товары для красоты > Косметика, парфюмерия и уход > Мужчинам > Средства для бритья	нет	40.0	47.0	40.0	47.0	7.0
Товары для красоты	Косметика, парфюмерия и уход	Мужчинам	Средства для бритья	Квасцовые камни после бритья	Товары для красоты > Косметика, парфюмерия и уход > Мужчинам > Средства для бритья > Квасцовые камни после бритья	да	41.0	48.0	41.0	48.0	7.0
Товары для красоты	Косметика, парфюмерия и уход	Мужчинам	Средства для бритья	Наборы средств для бритья	Товары для красоты > Косметика, парфюмерия и уход > Мужчинам > Средства для бритья > Наборы средств для бритья	да	40.0	47.0	40.0	47.0	7.0
Товары для красоты	Косметика, парфюмерия и уход	Мужчинам	Средства для бритья	Средства для бритья	Товары для красоты > Косметика, парфюмерия и уход > Мужчинам > Средства для бритья > Средства для бритья	да	40.0	47.0	40.0	47.0	7.0
Товары для красоты	Косметика, парфюмерия и уход	Мужчинам	Средства для бритья	Средства после бритья	Товары для красоты > Косметика, парфюмерия и уход > Мужчинам > Средства для бритья > Средства после бритья	да	40.0	47.0	40.0	47.0	7.0
Товары для красоты	Косметика, парфюмерия и уход	Мужчинам	Уход за лицом		Товары для красоты > Косметика, парфюмерия и уход > Мужчинам > Уход за лицом	да	41.0	48.0	41.0	48.0	7.0
Товары для красоты	Косметика, парфюмерия и уход	Наборы			Товары для красоты > Косметика, парфюмерия и уход > Наборы	нет	41.0	48.0	41.0	48.0	7.0
Товары для красоты	Косметика, парфюмерия и уход	Наборы	Косметические наборы		Товары для красоты > Косметика, парфюмерия и уход > Наборы > Косметические наборы	да	41.0	48.0	41.0	48.0	7.0
Товары для красоты	Косметика, парфюмерия и уход	Наборы	Косметические наборы для ухода за волосами		Товары для красоты > Косметика, парфюмерия и уход > Наборы > Косметические наборы для ухода за волосами	да	40.5	47.5	40.5	47.5	7.0
Товары для красоты	Косметика, парфюмерия и уход	Наборы	Наборы для ухода за кожей лица		Товары для красоты > Косметика, парфюмерия и уход > Наборы > Наборы для ухода за кожей лица	да	41.0	48.0	41.0	48.0	7.0
Товары для красоты	Косметика, парфюмерия и уход	Наборы	Наборы средств для ванны		Товары для красоты > Косметика, парфюмерия и уход > Наборы > Наборы средств для ванны	да	41.0	48.0	41.0	48.0	7.0
Товары для красоты	Косметика, парфюмерия и уход	Парфюмерия			Товары для красоты > Косметика, парфюмерия и уход > Парфюмерия	да	40.0	47.0	40.0	47.0	7.0
Товары для красоты	Косметика, парфюмерия и уход	Уход за волосами			Товары для красоты > Косметика, парфюмерия и уход > Уход за волосами	нет	49.0	56.0	49.0	56.0	7.0
Товары для красоты	Косметика, парфюмерия и уход	Уход за волосами	Бальзамы и кондиционеры		Товары для красоты > Косметика, парфюмерия и уход > Уход за волосами > Бальзамы и кондиционеры	нет	40.0	47.0	40.0	47.0	7.0
Товары для красоты	Косметика, парфюмерия и уход	Уход за волосами	Бальзамы и кондиционеры	Ополаскиватели для волос	Товары для красоты > Косметика, парфюмерия и уход > Уход за волосами > Бальзамы и кондиционеры > Ополаскиватели для волос	да	40.0	47.0	40.0	47.0	7.0
Товары для красоты	Косметика, парфюмерия и уход	Уход за волосами	Бальзамы и кондиционеры	Уксус для волос	Товары для красоты > Косметика, парфюмерия и уход > Уход за волосами > Бальзамы и кондиционеры > Уксус для волос	да	40.0	47.0	40.0	47.0	7.0
Товары для красоты	Косметика, парфюмерия и уход	Уход за волосами	Бигуди		Товары для красоты > Косметика, парфюмерия и уход > Уход за волосами > Бигуди	нет	41.0	48.0	41.0	48.0	7.0
Товары для красоты	Косметика, парфюмерия и уход	Уход за волосами	Бигуди	Аксессуары для бигуди	Товары для красоты > Косметика, парфюмерия и уход > Уход за волосами > Бигуди > Аксессуары для бигуди	да	40.0	47.0	40.0	47.0	7.0
Товары для красоты	Косметика, парфюмерия и уход	Уход за волосами	Бигуди	Бигуди	Товары для красоты > Косметика, парфюмерия и уход > Уход за волосами > Бигуди > Бигуди	да	41.0	48.0	41.0	48.0	7.0
Товары для красоты	Косметика, парфюмерия и уход	Уход за волосами	Бигуди	Электробигуди	Товары для красоты > Косметика, парфюмерия и уход > Уход за волосами > Бигуди > Электробигуди	да	38.0	45.0	38.0	45.0	7.0
Товары для красоты	Косметика, парфюмерия и уход	Уход за волосами	Для укладки		Товары для красоты > Косметика, парфюмерия и уход > Уход за волосами > Для укладки	нет	41.0	48.0	41.0	48.0	7.0
Товары для красоты	Косметика, парфюмерия и уход	Уход за волосами	Для укладки	Воск и паста	Товары для красоты > Косметика, парфюмерия и уход > Уход за волосами > Для укладки > Воск и паста	да	40.5	47.5	40.5	47.5	7.0
Товары для красоты	Косметика, парфюмерия и уход	Уход за волосами	Для укладки	Гели и лосьоны	Товары для красоты > Косметика, парфюмерия и уход > Уход за волосами > Для укладки > Гели и лосьоны	да	41.0	48.0	41.0	48.0	7.0
Товары для красоты	Косметика, парфюмерия и уход	Уход за волосами	Для укладки	Лаки и спреи	Товары для красоты > Косметика, парфюмерия и уход > Уход за волосами > Для укладки > Лаки и спреи	да	40.0	47.0	40.0	47.0	7.0
Товары для красоты	Косметика, парфюмерия и уход	Уход за волосами	Для укладки	Мусс и пенка	Товары для красоты > Косметика, парфюмерия и уход > Уход за волосами > Для укладки > Мусс и пенка	да	41.0	48.0	41.0	48.0	7.0
Товары для красоты	Косметика, парфюмерия и уход	Уход за волосами	Заколки		Товары для красоты > Косметика, парфюмерия и уход > Уход за волосами > Заколки	нет	49.0	56.0	49.0	56.0	7.0
Товары для красоты	Косметика, парфюмерия и уход	Уход за волосами	Заколки	Гребни для волос	Товары для красоты > Косметика, парфюмерия и уход > Уход за волосами > Заколки > Гребни для волос	да	47.0	54.0	47.0	54.0	7.0
Товары для красоты	Косметика, парфюмерия и уход	Уход за волосами	Заколки	Заколки для волос	Товары для красоты > Косметика, парфюмерия и уход > Уход за волосами > Заколки > Заколки для волос	да	49.0	56.0	49.0	56.0	7.0
Товары для красоты	Косметика, парфюмерия и уход	Уход за волосами	Заколки	Наборы аксессуаров для волос	Товары для красоты > Косметика, парфюмерия и уход > Уход за волосами > Заколки > Наборы аксессуаров для волос	да	49.0	56.0	49.0	56.0	7.0
Товары для красоты	Косметика, парфюмерия и уход	Уход за волосами	Заколки	Невидимки для волос	Товары для красоты > Косметика, парфюмерия и уход > Уход за волосами > Заколки > Невидимки для волос	да	47.0	54.0	47.0	54.0	7.0
Товары для красоты	Косметика, парфюмерия и уход	Уход за волосами	Заколки	Шпильки для волос	Товары для красоты > Косметика, парфюмерия и уход > Уход за волосами > Заколки > Шпильки для волос	да	47.0	54.0	47.0	54.0	7.0
Товары для красоты	Косметика, парфюмерия и уход	Уход за волосами	Маски и сыворотки		Товары для красоты > Косметика, парфюмерия и уход > Уход за волосами > Маски и сыворотки	да	40.0	47.0	40.0	47.0	7.0
Товары для красоты	Косметика, парфюмерия и уход	Уход за волосами	Окрашивание		Товары для красоты > Косметика, парфюмерия и уход > Уход за волосами > Окрашивание	нет	41.0	48.0	41.0	48.0	7.0
Товары для красоты	Косметика, парфюмерия и уход	Уход за волосами	Окрашивание	Кисти и аксессуары	Товары для красоты > Косметика, парфюмерия и уход > Уход за волосами > Окрашивание > Кисти и аксессуары	да	40.0	47.0	40.0	47.0	7.0
Товары для красоты	Косметика, парфюмерия и уход	Уход за волосами	Окрашивание	Краска	Товары для красоты > Косметика, парфюмерия и уход > Уход за волосами > Окрашивание > Краска	нет	41.0	48.0	41.0	48.0	7.0
Товары для красоты	Косметика, парфюмерия и уход	Уход за волосами	Окрашивание	Краска	Товары для красоты > Косметика, парфюмерия и уход > Уход за волосами > Окрашивание > Краска > Аромат для красителя краски для волос	да	40.0	47.0	40.0	47.0	7.0
Товары для красоты	Косметика, парфюмерия и уход	Уход за волосами	Окрашивание	Краска	Товары для красоты > Косметика, парфюмерия и уход > Уход за волосами > Окрашивание > Краска > Загустители краски для волос	да	39.5	46.5	39.5	46.5	7.0
Товары для красоты	Косметика, парфюмерия и уход	Уход за волосами	Окрашивание	Краска	Товары для красоты > Косметика, парфюмерия и уход > Уход за волосами > Окрашивание > Краска > Краска для волос	да	40.0	47.0	40.0	47.0	7.0
Товары для красоты	Косметика, парфюмерия и уход	Уход за волосами	Окрашивание	Краска	Товары для красоты > Косметика, парфюмерия и уход > Уход за волосами > Окрашивание > Краска > Наборы для окрашивания волос	да	40.0	47.0	40.0	47.0	7.0
Товары для красоты	Косметика, парфюмерия и уход	Уход за волосами	Окрашивание	Краска	Товары для красоты > Косметика, парфюмерия и уход > Уход за волосами > Окрашивание > Краска > Смывки краски для волос	да	41.0	48.0	41.0	48.0	7.0
Товары для красоты	Косметика, парфюмерия и уход	Уход за волосами	Окрашивание	Краска	Товары для красоты > Косметика, парфюмерия и уход > Уход за волосами > Окрашивание > Краска > Средства для защиты кожи	да	40.0	47.0	40.0	47.0	7.0
Товары для красоты	Косметика, парфюмерия и уход	Уход за волосами	Окрашивание	Краска	Товары для красоты > Косметика, парфюмерия и уход > Уход за волосами > Окрашивание > Краска > Средства для удаления краски с кожи	да	40.0	47.0	40.0	47.0	7.0
Товары для красоты	Косметика, парфюмерия и уход	Уход за волосами	Окрашивание	Окислители	Товары для красоты > Косметика, парфюмерия и уход > Уход за волосами > Окрашивание > Окислители	нет	40.0	47.0	40.0	47.0	7.0
Товары для красоты	Косметика, парфюмерия и уход	Уход за волосами	Окрашивание	Окислители	Товары для красоты > Косметика, парфюмерия и уход > Уход за волосами > Окрашивание > Окислители > Наборы для обесцвечивания волос	да	40.0	47.0	40.0	47.0	7.0
Товары для красоты	Косметика, парфюмерия и уход	Уход за волосами	Окрашивание	Окислители	Товары для красоты > Косметика, парфюмерия и уход > Уход за волосами > Окрашивание > Окислители > Окислители для волос	да	40.0	47.0	40.0	47.0	7.0
Товары для красоты	Косметика, парфюмерия и уход	Уход за волосами	Окрашивание	Окислители	Товары для красоты > Косметика, парфюмерия и уход > Уход за волосами > Окрашивание > Окислители > Осветляющая пудра для волос	да	40.0	47.0	40.0	47.0	7.0
Товары для красоты	Косметика, парфюмерия и уход	Уход за волосами	Окрашивание	Оттеночные средства	Товары для красоты > Косметика, парфюмерия и уход > Уход за волосами > Окрашивание > Оттеночные средства	нет	41.0	48.0	41.0	48.0	7.0
Товары для красоты	Косметика, парфюмерия и уход	Уход за волосами	Окрашивание	Оттеночные средства	Товары для красоты > Косметика, парфюмерия и уход > Уход за волосами > Окрашивание > Оттеночные средства > Басма для волос	да	40.0	47.0	40.0	47.0	7.0
Товары для красоты	Косметика, парфюмерия и уход	Уход за волосами	Окрашивание	Оттеночные средства	Товары для красоты > Косметика, парфюмерия и уход > Уход за волосами > Окрашивание > Оттеночные средства > Красители прямого действия	да	41.0	48.0	41.0	48.0	7.0
Товары для красоты	Косметика, парфюмерия и уход	Уход за волосами	Окрашивание	Оттеночные средства	Товары для красоты > Косметика, парфюмерия и уход > Уход за волосами > Окрашивание > Оттеночные средства > Мелки для волос	да	39.0	46.0	39.0	46.0	7.0
Товары для красоты	Косметика, парфюмерия и уход	Уход за волосами	Окрашивание	Оттеночные средства	Товары для красоты > Косметика, парфюмерия и уход > Уход за волосами > Окрашивание > Оттеночные средства > Натуральная краска для волос	да	40.0	47.0	40.0	47.0	7.0
Товары для красоты	Косметика, парфюмерия и уход	Уход за волосами	Окрашивание	Оттеночные средства	Товары для красоты > Косметика, парфюмерия и уход > Уход за волосами > Окрашивание > Оттеночные средства > Тонирующие средства для волос	да	41.0	48.0	41.0	48.0	7.0
Товары для красоты	Косметика, парфюмерия и уход	Уход за волосами	Окрашивание	Оттеночные средства	Товары для красоты > Косметика, парфюмерия и уход > Уход за волосами > Окрашивание > Оттеночные средства > Тушь для волос	да	40.0	47.0	40.0	47.0	7.0
Товары для красоты	Косметика, парфюмерия и уход	Уход за волосами	Окрашивание	Оттеночные средства	Товары для красоты > Косметика, парфюмерия и уход > Уход за волосами > Окрашивание > Оттеночные средства > Хна для волос	да	41.0	48.0	41.0	48.0	7.0
Товары для красоты	Косметика, парфюмерия и уход	Уход за волосами	Парики и шиньоны		Товары для красоты > Косметика, парфюмерия и уход > Уход за волосами > Парики и шиньоны	нет	41.0	48.0	41.0	48.0	7.0
Товары для красоты	Косметика, парфюмерия и уход	Уход за волосами	Парики и шиньоны	Искусственные пряди волос	Товары для красоты > Косметика, парфюмерия и уход > Уход за волосами > Парики и шиньоны > Искусственные пряди волос	да	40.0	47.0	40.0	47.0	7.0
Товары для красоты	Косметика, парфюмерия и уход	Уход за волосами	Парики и шиньоны	Крепления для парика	Товары для красоты > Косметика, парфюмерия и уход > Уход за волосами > Парики и шиньоны > Крепления для парика	да	40.0	47.0	40.0	47.0	7.0
Товары для красоты	Косметика, парфюмерия и уход	Уход за волосами	Парики и шиньоны	Парики	Товары для красоты > Косметика, парфюмерия и уход > Уход за волосами > Парики и шиньоны > Парики	да	40.0	47.0	40.0	47.0	7.0
Товары для красоты	Косметика, парфюмерия и уход	Уход за волосами	Парики и шиньоны	Подставки для парика	Товары для красоты > Косметика, парфюмерия и уход > Уход за волосами > Парики и шиньоны > Подставки для парика	да	41.0	48.0	41.0	48.0	7.0
Товары для красоты	Косметика, парфюмерия и уход	Уход за волосами	Парики и шиньоны	Сетки для волос под парик	Товары для красоты > Косметика, парфюмерия и уход > Уход за волосами > Парики и шиньоны > Сетки для волос под парик	да	39.0	46.0	39.0	46.0	7.0
Товары для красоты	Косметика, парфюмерия и уход	Уход за волосами	Парики и шиньоны	Шиньоны	Товары для красоты > Косметика, парфюмерия и уход > Уход за волосами > Парики и шиньоны > Шиньоны	да	40.0	47.0	40.0	47.0	7.0
Товары для красоты	Косметика, парфюмерия и уход	Уход за волосами	Расчески и щетки		Товары для красоты > Косметика, парфюмерия и уход > Уход за волосами > Расчески и щетки	нет	40.0	47.0	40.0	47.0	7.0
Товары для красоты	Косметика, парфюмерия и уход	Уход за волосами	Расчески и щетки	Брашинги	Товары для красоты > Косметика, парфюмерия и уход > Уход за волосами > Расчески и щетки > Брашинги	да	40.0	47.0	40.0	47.0	7.0
Товары для красоты	Косметика, парфюмерия и уход	Уход за волосами	Расчески и щетки	Расчески для волос	Товары для красоты > Косметика, парфюмерия и уход > Уход за волосами > Расчески и щетки > Расчески для волос	да	40.0	47.0	40.0	47.0	7.0
Товары для красоты	Косметика, парфюмерия и уход	Уход за волосами	Расчески и щетки	Расчески-гребни для волос	Товары для красоты > Косметика, парфюмерия и уход > Уход за волосами > Расчески и щетки > Расчески-гребни для волос	да	40.0	47.0	40.0	47.0	7.0
Товары для красоты	Косметика, парфюмерия и уход	Уход за волосами	Расчески и щетки	Термобрашинги	Товары для красоты > Косметика, парфюмерия и уход > Уход за волосами > Расчески и щетки > Термобрашинги	да	39.5	46.5	39.5	46.5	7.0
Товары для красоты	Косметика, парфюмерия и уход	Уход за волосами	Расчески и щетки	Чехлы для расчесок	Товары для красоты > Косметика, парфюмерия и уход > Уход за волосами > Расчески и щетки > Чехлы для расчесок	да	39.0	46.0	39.0	46.0	7.0
Товары для красоты	Косметика, парфюмерия и уход	Уход за волосами	Расчески и щетки	Щетки для волос	Товары для красоты > Косметика, парфюмерия и уход > Уход за волосами > Расчески и щетки > Щетки для волос	да	40.0	47.0	40.0	47.0	7.0
Товары для красоты	Косметика, парфюмерия и уход	Уход за волосами	Расчески и щетки	Щетки для чистки расчесок	Товары для красоты > Косметика, парфюмерия и уход > Уход за волосами > Расчески и щетки > Щетки для чистки расчесок	да	39.0	46.0	39.0	46.0	7.0
Товары для красоты	Косметика, парфюмерия и уход	Уход за волосами	Резинки, ободки, повязки		Товары для красоты > Косметика, парфюмерия и уход > Уход за волосами > Резинки, ободки, повязки	нет	49.0	56.0	49.0	56.0	7.0
Товары для красоты	Косметика, парфюмерия и уход	Уход за волосами	Резинки, ободки, повязки	Банты для волос	Товары для красоты > Косметика, парфюмерия и уход > Уход за волосами > Резинки, ободки, повязки > Банты для волос	да	44.0	51.0	44.0	51.0	7.0
Товары для красоты	Косметика, парфюмерия и уход	Уход за волосами	Резинки, ободки, повязки	Бублики для волос	Товары для красоты > Косметика, парфюмерия и уход > Уход за волосами > Резинки, ободки, повязки > Бублики для волос	да	39.0	46.0	39.0	46.0	7.0
Товары для красоты	Косметика, парфюмерия и уход	Уход за волосами	Резинки, ободки, повязки	Волюмайзеры	Товары для красоты > Косметика, парфюмерия и уход > Уход за волосами > Резинки, ободки, повязки > Волюмайзеры	да	39.0	46.0	39.0	46.0	7.0
Товары для красоты	Косметика, парфюмерия и уход	Уход за волосами	Резинки, ободки, повязки	Диадема для волос	Товары для красоты > Косметика, парфюмерия и уход > Уход за волосами > Резинки, ободки, повязки > Диадема для волос	да	47.0	54.0	47.0	54.0	7.0
Товары для красоты	Косметика, парфюмерия и уход	Уход за волосами	Резинки, ободки, повязки	Кольца для волос	Товары для красоты > Косметика, парфюмерия и уход > Уход за волосами > Резинки, ободки, повязки > Кольца для волос	да	47.0	54.0	47.0	54.0	7.0
Товары для красоты	Косметика, парфюмерия и уход	Уход за волосами	Резинки, ободки, повязки	Лулы для волос	Товары для красоты > Косметика, парфюмерия и уход > Уход за волосами > Резинки, ободки, повязки > Лулы для волос	да	46.5	53.5	46.5	53.5	7.0
Товары для красоты	Косметика, парфюмерия и уход	Уход за волосами	Резинки, ободки, повязки	Ободки для волос	Товары для красоты > Косметика, парфюмерия и уход > Уход за волосами > Резинки, ободки, повязки > Ободки для волос	да	47.0	54.0	47.0	54.0	7.0
Товары для красоты	Косметика, парфюмерия и уход	Уход за волосами	Резинки, ободки, повязки	Повязки для волос	Товары для красоты > Косметика, парфюмерия и уход > Уход за волосами > Резинки, ободки, повязки > Повязки для волос	нет	40.0	47.0	40.0	47.0	7.0
Товары для красоты	Косметика, парфюмерия и уход	Уход за волосами	Резинки, ободки, повязки	Повязки для волос	Товары для красоты > Косметика, парфюмерия и уход > Уход за волосами > Резинки, ободки, повязки > Повязки для волос > Повязки косметические	да	40.0	47.0	40.0	47.0	7.0
Товары для красоты	Косметика, парфюмерия и уход	Уход за волосами	Резинки, ободки, повязки	Повязки для волос	Товары для красоты > Косметика, парфюмерия и уход > Уход за волосами > Резинки, ободки, повязки > Повязки для волос > Повязки на голову	да	47.0	54.0	47.0	54.0	7.0
Товары для красоты	Косметика, парфюмерия и уход	Уход за волосами	Резинки, ободки, повязки	Резинки для волос	Товары для красоты > Косметика, парфюмерия и уход > Уход за волосами > Резинки, ободки, повязки > Резинки для волос	да	47.0	54.0	47.0	54.0	7.0
Товары для красоты	Косметика, парфюмерия и уход	Уход за волосами	Резинки, ободки, повязки	Сеточки для волос	Товары для красоты > Косметика, парфюмерия и уход > Уход за волосами > Резинки, ободки, повязки > Сеточки для волос	да	47.0	54.0	47.0	54.0	7.0
Товары для красоты	Косметика, парфюмерия и уход	Уход за волосами	Резинки, ободки, повязки	Стразы для волос	Товары для красоты > Косметика, парфюмерия и уход > Уход за волосами > Резинки, ободки, повязки > Стразы для волос	да	42.0	49.0	42.0	49.0	7.0
Товары для красоты	Косметика, парфюмерия и уход	Уход за волосами	Резинки, ободки, повязки	Тики на голову	Товары для красоты > Косметика, парфюмерия и уход > Уход за волосами > Резинки, ободки, повязки > Тики на голову	да	49.0	56.0	49.0	56.0	7.0
Товары для красоты	Косметика, парфюмерия и уход	Уход за волосами	Сухие шампуни		Товары для красоты > Косметика, парфюмерия и уход > Уход за волосами > Сухие шампуни	нет	41.0	48.0	41.0	48.0	7.0
Товары для красоты	Косметика, парфюмерия и уход	Уход за волосами	Сухие шампуни	Сухие шампуни	Товары для красоты > Косметика, парфюмерия и уход > Уход за волосами > Сухие шампуни > Сухие шампуни	да	41.0	48.0	41.0	48.0	7.0
Товары для красоты	Косметика, парфюмерия и уход	Уход за волосами	Сухие шампуни	Твердые шампуни	Товары для красоты > Косметика, парфюмерия и уход > Уход за волосами > Сухие шампуни > Твердые шампуни	да	41.0	48.0	41.0	48.0	7.0
Товары для красоты	Косметика, парфюмерия и уход	Уход за волосами	Химическая завивка и выпрямление		Товары для красоты > Косметика, парфюмерия и уход > Уход за волосами > Химическая завивка и выпрямление	нет	41.0	48.0	41.0	48.0	7.0
Товары для красоты	Косметика, парфюмерия и уход	Уход за волосами	Химическая завивка и выпрямление	Нейтрализаторы химической завивки	Товары для красоты > Косметика, парфюмерия и уход > Уход за волосами > Химическая завивка и выпрямление > Нейтрализаторы химической завивки	да	39.0	46.0	39.0	46.0	7.0
Товары для красоты	Косметика, парфюмерия и уход	Уход за волосами	Химическая завивка и выпрямление	Средства для защиты волос перед химической завивкой	Товары для красоты > Косметика, парфюмерия и уход > Уход за волосами > Химическая завивка и выпрямление > Средства для защиты волос перед химической завивкой	да	40.0	47.0	40.0	47.0	7.0
Товары для красоты	Косметика, парфюмерия и уход	Уход за волосами	Химическая завивка и выпрямление	Средства для ламинирования волос	Товары для красоты > Косметика, парфюмерия и уход > Уход за волосами > Химическая завивка и выпрямление > Средства для ламинирования волос	да	41.0	48.0	41.0	48.0	7.0
Товары для красоты	Косметика, парфюмерия и уход	Уход за волосами	Химическая завивка и выпрямление	Средства для перманентного выпрямления волос	Товары для красоты > Косметика, парфюмерия и уход > Уход за волосами > Химическая завивка и выпрямление > Средства для перманентного выпрямления волос	да	41.0	48.0	41.0	48.0	7.0
Товары для красоты	Косметика, парфюмерия и уход	Уход за волосами	Химическая завивка и выпрямление	Средства для химической завивки волос	Товары для красоты > Косметика, парфюмерия и уход > Уход за волосами > Химическая завивка и выпрямление > Средства для химической завивки волос	да	40.0	47.0	40.0	47.0	7.0
Товары для красоты	Косметика, парфюмерия и уход	Уход за волосами	Химическая завивка и выпрямление	Термобумага для волос	Товары для красоты > Косметика, парфюмерия и уход > Уход за волосами > Химическая завивка и выпрямление > Термобумага для волос	да	40.0	47.0	40.0	47.0	7.0
Товары для красоты	Косметика, парфюмерия и уход	Уход за волосами	Шампуни		Товары для красоты > Косметика, парфюмерия и уход > Уход за волосами > Шампуни	да	40.0	47.0	40.0	47.0	7.0
Товары для красоты	Косметика, парфюмерия и уход	Уход за лицом			Товары для красоты > Косметика, парфюмерия и уход > Уход за лицом	нет	41.0	48.0	41.0	48.0	7.0
Товары для красоты	Косметика, парфюмерия и уход	Уход за лицом	Аксессуары		Товары для красоты > Косметика, парфюмерия и уход > Уход за лицом > Аксессуары	нет	41.0	48.0	41.0	48.0	7.0
Товары для красоты	Косметика, парфюмерия и уход	Уход за лицом	Аксессуары	Аксессуары для косметических масок	Товары для красоты > Косметика, парфюмерия и уход > Уход за лицом > Аксессуары > Аксессуары для косметических масок	да	41.0	48.0	41.0	48.0	7.0
Товары для красоты	Косметика, парфюмерия и уход	Уход за лицом	Аксессуары	Аксессуары для умывания	Товары для красоты > Косметика, парфюмерия и уход > Уход за лицом > Аксессуары > Аксессуары для умывания	да	40.0	47.0	40.0	47.0	7.0
Товары для красоты	Косметика, парфюмерия и уход	Уход за лицом	Аксессуары	Гуаша	Товары для красоты > Косметика, парфюмерия и уход > Уход за лицом > Аксессуары > Гуаша	да	41.0	48.0	41.0	48.0	7.0
Товары для красоты	Косметика, парфюмерия и уход	Уход за лицом	Аксессуары	Корректоры формы ушей	Товары для красоты > Косметика, парфюмерия и уход > Уход за лицом > Аксессуары > Корректоры формы ушей	да	40.0	47.0	40.0	47.0	7.0
Товары для красоты	Косметика, парфюмерия и уход	Уход за лицом	Аксессуары	Криосферы для лица	Товары для красоты > Косметика, парфюмерия и уход > Уход за лицом > Аксессуары > Криосферы для лица	да	40.0	47.0	40.0	47.0	7.0
Товары для красоты	Косметика, парфюмерия и уход	Уход за лицом	Аксессуары	Маски многоразовые для лица	Товары для красоты > Косметика, парфюмерия и уход > Уход за лицом > Аксессуары > Маски многоразовые для лица	да	40.0	47.0	40.0	47.0	7.0
Товары для красоты	Косметика, парфюмерия и уход	Уход за лицом	Аксессуары	Массажеры для лица	Товары для красоты > Косметика, парфюмерия и уход > Уход за лицом > Аксессуары > Массажеры для лица	да	41.0	48.0	41.0	48.0	7.0
Товары для красоты	Косметика, парфюмерия и уход	Уход за лицом	Аксессуары	Мезороллеры	Товары для красоты > Косметика, парфюмерия и уход > Уход за лицом > Аксессуары > Мезороллеры	да	41.0	48.0	41.0	48.0	7.0
Товары для красоты	Косметика, парфюмерия и уход	Уход за лицом	Аксессуары	Тейпы косметические для лица	Товары для красоты > Косметика, парфюмерия и уход > Уход за лицом > Аксессуары > Тейпы косметические для лица	да	41.0	48.0	41.0	48.0	7.0
Товары для красоты	Косметика, парфюмерия и уход	Уход за лицом	Аксессуары	Тренажеры для подбородка	Товары для красоты > Косметика, парфюмерия и уход > Уход за лицом > Аксессуары > Тренажеры для подбородка	да	39.0	46.0	39.0	46.0	7.0
Товары для красоты	Косметика, парфюмерия и уход	Уход за лицом	Загар и защита от солнца		Товары для красоты > Косметика, парфюмерия и уход > Уход за лицом > Загар и защита от солнца	да	41.0	48.0	41.0	48.0	7.0
Товары для красоты	Косметика, парфюмерия и уход	Уход за лицом	Кремы и сыворотки		Товары для красоты > Косметика, парфюмерия и уход > Уход за лицом > Кремы и сыворотки	нет	40.0	47.0	40.0	47.0	7.0
Товары для красоты	Косметика, парфюмерия и уход	Уход за лицом	Кремы и сыворотки	Гели контактные	Товары для красоты > Косметика, парфюмерия и уход > Уход за лицом > Кремы и сыворотки > Гели контактные	да	39.5	46.5	39.5	46.5	7.0
Товары для красоты	Косметика, парфюмерия и уход	Уход за лицом	Кремы и сыворотки	Средства для ухода за лицом	Товары для красоты > Косметика, парфюмерия и уход > Уход за лицом > Кремы и сыворотки > Средства для ухода за лицом	да	40.0	47.0	40.0	47.0	7.0
Товары для красоты	Косметика, парфюмерия и уход	Уход за лицом	Маски		Товары для красоты > Косметика, парфюмерия и уход > Уход за лицом > Маски	нет	41.0	48.0	41.0	48.0	7.0
Товары для красоты	Косметика, парфюмерия и уход	Уход за лицом	Маски	Маски для лица	Товары для красоты > Косметика, парфюмерия и уход > Уход за лицом > Маски > Маски для лица	да	41.0	48.0	41.0	48.0	7.0
Товары для красоты	Косметика, парфюмерия и уход	Уход за лицом	Маски	Очищающие полоски для лица	Товары для красоты > Косметика, парфюмерия и уход > Уход за лицом > Маски > Очищающие полоски для лица	да	41.0	48.0	41.0	48.0	7.0
Товары для красоты	Косметика, парфюмерия и уход	Уход за лицом	Очищение и снятие макияжа		Товары для красоты > Косметика, парфюмерия и уход > Уход за лицом > Очищение и снятие макияжа	нет	41.0	48.0	41.0	48.0	7.0
Товары для красоты	Косметика, парфюмерия и уход	Уход за лицом	Очищение и снятие макияжа	Матирующие салфетки для лица	Товары для красоты > Косметика, парфюмерия и уход > Уход за лицом > Очищение и снятие макияжа > Матирующие салфетки для лица	да	41.0	48.0	41.0	48.0	7.0
Товары для красоты	Косметика, парфюмерия и уход	Уход за лицом	Очищение и снятие макияжа	Средства для снятия макияжа	Товары для красоты > Косметика, парфюмерия и уход > Уход за лицом > Очищение и снятие макияжа > Средства для снятия макияжа	да	41.0	48.0	41.0	48.0	7.0
Товары для красоты	Косметика, парфюмерия и уход	Уход за лицом	Очищение и снятие макияжа	Средства для умывания	Товары для красоты > Косметика, парфюмерия и уход > Уход за лицом > Очищение и снятие макияжа > Средства для умывания	да	41.0	48.0	41.0	48.0	7.0
Товары для красоты	Косметика, парфюмерия и уход	Уход за лицом	Скрабы и пилинги		Товары для красоты > Косметика, парфюмерия и уход > Уход за лицом > Скрабы и пилинги	нет	41.0	48.0	41.0	48.0	7.0
Товары для красоты	Косметика, парфюмерия и уход	Уход за лицом	Скрабы и пилинги	Активаторы пилинга	Товары для красоты > Косметика, парфюмерия и уход > Уход за лицом > Скрабы и пилинги > Активаторы пилинга	да	40.0	47.0	40.0	47.0	7.0
Товары для красоты	Косметика, парфюмерия и уход	Уход за лицом	Скрабы и пилинги	Нейтрализаторы пилинга	Товары для красоты > Косметика, парфюмерия и уход > Уход за лицом > Скрабы и пилинги > Нейтрализаторы пилинга	да	41.0	48.0	41.0	48.0	7.0
Товары для красоты	Косметика, парфюмерия и уход	Уход за лицом	Скрабы и пилинги	Палочки для пилинга	Товары для красоты > Косметика, парфюмерия и уход > Уход за лицом > Скрабы и пилинги > Палочки для пилинга	да	40.0	47.0	40.0	47.0	7.0
Товары для красоты	Косметика, парфюмерия и уход	Уход за лицом	Скрабы и пилинги	Пилинги для лица	Товары для красоты > Косметика, парфюмерия и уход > Уход за лицом > Скрабы и пилинги > Пилинги для лица	да	40.0	47.0	40.0	47.0	7.0
Товары для красоты	Косметика, парфюмерия и уход	Уход за лицом	Скрабы и пилинги	Постпилинговые средства	Товары для красоты > Косметика, парфюмерия и уход > Уход за лицом > Скрабы и пилинги > Постпилинговые средства	да	39.0	46.0	39.0	46.0	7.0
Товары для красоты	Косметика, парфюмерия и уход	Уход за лицом	Скрабы и пилинги	Предпилинговые средства	Товары для красоты > Косметика, парфюмерия и уход > Уход за лицом > Скрабы и пилинги > Предпилинговые средства	да	41.0	48.0	41.0	48.0	7.0
Товары для красоты	Косметика, парфюмерия и уход	Уход за лицом	Скрабы и пилинги	Скрабы для лица	Товары для красоты > Косметика, парфюмерия и уход > Уход за лицом > Скрабы и пилинги > Скрабы для лица	да	41.0	48.0	41.0	48.0	7.0
Товары для красоты	Косметика, парфюмерия и уход	Уход за лицом	Скрабы и пилинги	Шелковые коконы	Товары для красоты > Косметика, парфюмерия и уход > Уход за лицом > Скрабы и пилинги > Шелковые коконы	да	39.0	46.0	39.0	46.0	7.0
Товары для красоты	Косметика, парфюмерия и уход	Уход за лицом	Уход за кожей вокруг глаз		Товары для красоты > Косметика, парфюмерия и уход > Уход за лицом > Уход за кожей вокруг глаз	да	41.0	48.0	41.0	48.0	7.0
Товары для красоты	Косметика, парфюмерия и уход	Уход за лицом	Уход за кожей губ		Товары для красоты > Косметика, парфюмерия и уход > Уход за лицом > Уход за кожей губ	да	40.0	47.0	40.0	47.0	7.0
Товары для красоты	Косметика, парфюмерия и уход	Уход за ногтями			Товары для красоты > Косметика, парфюмерия и уход > Уход за ногтями	нет	44.0	51.0	44.0	51.0	7.0
Товары для красоты	Косметика, парфюмерия и уход	Уход за ногтями	Аксессуары для маникюра и педикюра		Товары для красоты > Косметика, парфюмерия и уход > Уход за ногтями > Аксессуары для маникюра и педикюра	нет	40.0	47.0	40.0	47.0	7.0
Товары для красоты	Косметика, парфюмерия и уход	Уход за ногтями	Аксессуары для маникюра и педикюра	Аксессуары для маникюра и педикюра	Товары для красоты > Косметика, парфюмерия и уход > Уход за ногтями > Аксессуары для маникюра и педикюра > Аксессуары для маникюра и педикюра	да	40.0	47.0	40.0	47.0	7.0
Товары для красоты	Косметика, парфюмерия и уход	Уход за ногтями	Аксессуары для маникюра и педикюра	Корректоры от вросшего ногтя	Товары для красоты > Косметика, парфюмерия и уход > Уход за ногтями > Аксессуары для маникюра и педикюра > Корректоры от вросшего ногтя	да	40.0	47.0	40.0	47.0	7.0
Товары для красоты	Косметика, парфюмерия и уход	Уход за ногтями	Аксессуары для маникюра и педикюра	Тренировочные модели для маникюра	Товары для красоты > Косметика, парфюмерия и уход > Уход за ногтями > Аксессуары для маникюра и педикюра > Тренировочные модели для маникюра	да	40.0	47.0	40.0	47.0	7.0
Товары для красоты	Косметика, парфюмерия и уход	Уход за ногтями	Аппараты для маникюра и педикюра		Товары для красоты > Косметика, парфюмерия и уход > Уход за ногтями > Аппараты для маникюра и педикюра	нет	40.0	47.0	40.0	47.0	7.0
Товары для красоты	Косметика, парфюмерия и уход	Уход за ногтями	Аппараты для маникюра и педикюра	Аксессуары к маникюрно-педикюрному аппарату	Товары для красоты > Косметика, парфюмерия и уход > Уход за ногтями > Аппараты для маникюра и педикюра > Аксессуары к маникюрно-педикюрному аппарату	да	39.0	46.0	39.0	46.0	7.0
Товары для красоты	Косметика, парфюмерия и уход	Уход за ногтями	Аппараты для маникюра и педикюра	Аппараты для маникюра и педикюра	Товары для красоты > Косметика, парфюмерия и уход > Уход за ногтями > Аппараты для маникюра и педикюра > Аппараты для маникюра и педикюра	да	40.0	47.0	40.0	47.0	7.0
Товары для красоты	Косметика, парфюмерия и уход	Уход за ногтями	Аппараты для маникюра и педикюра	Запчасти к маникюрно-педикюрному аппарату	Товары для красоты > Косметика, парфюмерия и уход > Уход за ногтями > Аппараты для маникюра и педикюра > Запчасти к маникюрно-педикюрному аппарату	да	38.0	45.0	38.0	45.0	7.0
Товары для красоты	Косметика, парфюмерия и уход	Уход за ногтями	Аппараты для маникюра и педикюра	Насадки для маникюрно-педикюрного аппарата	Товары для красоты > Косметика, парфюмерия и уход > Уход за ногтями > Аппараты для маникюра и педикюра > Насадки для маникюрно-педикюрного аппарата	да	40.0	47.0	40.0	47.0	7.0
Товары для красоты	Косметика, парфюмерия и уход	Уход за ногтями	Аппараты для маникюра и педикюра	Пылесосы для маникюра и педикюра	Товары для красоты > Косметика, парфюмерия и уход > Уход за ногтями > Аппараты для маникюра и педикюра > Пылесосы для маникюра и педикюра	да	40.0	47.0	40.0	47.0	7.0
Товары для красоты	Косметика, парфюмерия и уход	Уход за ногтями	Аппараты для маникюра и педикюра	Сменные насадки для пилки для ногтей	Товары для красоты > Косметика, парфюмерия и уход > Уход за ногтями > Аппараты для маникюра и педикюра > Сменные насадки для пилки для ногтей	да	40.0	47.0	40.0	47.0	7.0
Товары для красоты	Косметика, парфюмерия и уход	Уход за ногтями	Аппараты для маникюра и педикюра	Сменные насадки для роликовой пилки	Товары для красоты > Косметика, парфюмерия и уход > Уход за ногтями > Аппараты для маникюра и педикюра > Сменные насадки для роликовой пилки	да	39.0	46.0	39.0	46.0	7.0
Товары для красоты	Косметика, парфюмерия и уход	Уход за ногтями	Аппараты для маникюра и педикюра	Электрические педикюрная пилка	Товары для красоты > Косметика, парфюмерия и уход > Уход за ногтями > Аппараты для маникюра и педикюра > Электрические педикюрная пилка	да	41.0	48.0	41.0	48.0	7.0
Товары для красоты	Косметика, парфюмерия и уход	Уход за ногтями	Аппараты для маникюра и педикюра	Электрические пилки для ногтей	Товары для красоты > Косметика, парфюмерия и уход > Уход за ногтями > Аппараты для маникюра и педикюра > Электрические пилки для ногтей	да	39.0	46.0	39.0	46.0	7.0
Товары для красоты	Косметика, парфюмерия и уход	Уход за ногтями	Базы и топы		Товары для красоты > Косметика, парфюмерия и уход > Уход за ногтями > Базы и топы	нет	40.0	47.0	40.0	47.0	7.0
Товары для красоты	Косметика, парфюмерия и уход	Уход за ногтями	Базы и топы	Базы для ногтей	Товары для красоты > Косметика, парфюмерия и уход > Уход за ногтями > Базы и топы > Базы для ногтей	да	40.0	47.0	40.0	47.0	7.0
Товары для красоты	Косметика, парфюмерия и уход	Уход за ногтями	Базы и топы	Наборы из топа и базы	Товары для красоты > Косметика, парфюмерия и уход > Уход за ногтями > Базы и топы > Наборы из топа и базы	да	40.0	47.0	40.0	47.0	7.0
Товары для красоты	Косметика, парфюмерия и уход	Уход за ногтями	Базы и топы	Топы для ногтей	Товары для красоты > Косметика, парфюмерия и уход > Уход за ногтями > Базы и топы > Топы для ногтей	да	40.0	47.0	40.0	47.0	7.0
Товары для красоты	Косметика, парфюмерия и уход	Уход за ногтями	Базы и топы	Топы и базы 2 в 1	Товары для красоты > Косметика, парфюмерия и уход > Уход за ногтями > Базы и топы > Топы и базы 2 в 1	да	40.0	47.0	40.0	47.0	7.0
Товары для красоты	Косметика, парфюмерия и уход	Уход за ногтями	Гель-лаки		Товары для красоты > Косметика, парфюмерия и уход > Уход за ногтями > Гель-лаки	да	40.0	47.0	40.0	47.0	7.0
Товары для красоты	Косметика, парфюмерия и уход	Уход за ногтями	Дизайн ногтей		Товары для красоты > Косметика, парфюмерия и уход > Уход за ногтями > Дизайн ногтей	нет	40.5	47.5	40.5	47.5	7.0
Товары для красоты	Косметика, парфюмерия и уход	Уход за ногтями	Дизайн ногтей	Инструменты	Товары для красоты > Косметика, парфюмерия и уход > Уход за ногтями > Дизайн ногтей > Инструменты	да	40.5	47.5	40.5	47.5	7.0
Товары для красоты	Косметика, парфюмерия и уход	Уход за ногтями	Дизайн ногтей	Краски	Товары для красоты > Косметика, парфюмерия и уход > Уход за ногтями > Дизайн ногтей > Краски	да	40.0	47.0	40.0	47.0	7.0
Товары для красоты	Косметика, парфюмерия и уход	Уход за ногтями	Дизайн ногтей	Наклейки, трафареты, фольга	Товары для красоты > Косметика, парфюмерия и уход > Уход за ногтями > Дизайн ногтей > Наклейки, трафареты, фольга	да	40.0	47.0	40.0	47.0	7.0
Товары для красоты	Косметика, парфюмерия и уход	Уход за ногтями	Дизайн ногтей	Стемпинг	Товары для красоты > Косметика, парфюмерия и уход > Уход за ногтями > Дизайн ногтей > Стемпинг	нет	40.0	47.0	40.0	47.0	7.0
Товары для красоты	Косметика, парфюмерия и уход	Уход за ногтями	Дизайн ногтей	Стемпинг	Товары для красоты > Косметика, парфюмерия и уход > Уход за ногтями > Дизайн ногтей > Стемпинг > Аксессуары для стемпинга	да	40.0	47.0	40.0	47.0	7.0
Товары для красоты	Косметика, парфюмерия и уход	Уход за ногтями	Дизайн ногтей	Стемпинг	Товары для красоты > Косметика, парфюмерия и уход > Уход за ногтями > Дизайн ногтей > Стемпинг > Жидкости для стемпинга	да	39.0	46.0	39.0	46.0	7.0
Товары для красоты	Косметика, парфюмерия и уход	Уход за ногтями	Дизайн ногтей	Стемпинг	Товары для красоты > Косметика, парфюмерия и уход > Уход за ногтями > Дизайн ногтей > Стемпинг > Лаки для стемпинга	да	40.0	47.0	40.0	47.0	7.0
Товары для красоты	Косметика, парфюмерия и уход	Уход за ногтями	Жидкости		Товары для красоты > Косметика, парфюмерия и уход > Уход за ногтями > Жидкости	нет	41.0	48.0	41.0	48.0	7.0
Товары для красоты	Косметика, парфюмерия и уход	Уход за ногтями	Жидкости	Антисептики для рук и ногтей	Товары для красоты > Косметика, парфюмерия и уход > Уход за ногтями > Жидкости > Антисептики для рук и ногтей	да	39.0	46.0	39.0	46.0	7.0
Товары для красоты	Косметика, парфюмерия и уход	Уход за ногтями	Жидкости	Бескислотные праймеры для ногтей	Товары для красоты > Косметика, парфюмерия и уход > Уход за ногтями > Жидкости > Бескислотные праймеры для ногтей	да	40.0	47.0	40.0	47.0	7.0
Товары для красоты	Косметика, парфюмерия и уход	Уход за ногтями	Жидкости	Дегидраторы для ногтей	Товары для красоты > Косметика, парфюмерия и уход > Уход за ногтями > Жидкости > Дегидраторы для ногтей	да	40.0	47.0	40.0	47.0	7.0
Товары для красоты	Косметика, парфюмерия и уход	Уход за ногтями	Жидкости	Кислотные праймеры для ногтей	Товары для красоты > Косметика, парфюмерия и уход > Уход за ногтями > Жидкости > Кислотные праймеры для ногтей	да	39.0	46.0	39.0	46.0	7.0
Товары для красоты	Косметика, парфюмерия и уход	Уход за ногтями	Жидкости	Обезжириватели для ногтей	Товары для красоты > Косметика, парфюмерия и уход > Уход за ногтями > Жидкости > Обезжириватели для ногтей	да	41.0	48.0	41.0	48.0	7.0
Товары для красоты	Косметика, парфюмерия и уход	Уход за ногтями	Жидкости	Разбавители для гель-лака	Товары для красоты > Косметика, парфюмерия и уход > Уход за ногтями > Жидкости > Разбавители для гель-лака	да	39.0	46.0	39.0	46.0	7.0
Товары для красоты	Косметика, парфюмерия и уход	Уход за ногтями	Жидкости	Разбавители лака для ногтей	Товары для красоты > Косметика, парфюмерия и уход > Уход за ногтями > Жидкости > Разбавители лака для ногтей	да	40.0	47.0	40.0	47.0	7.0
Товары для красоты	Косметика, парфюмерия и уход	Уход за ногтями	Инструменты для маникюра и педикюра		Товары для красоты > Косметика, парфюмерия и уход > Уход за ногтями > Инструменты для маникюра и педикюра	нет	44.0	51.0	44.0	51.0	7.0
Товары для красоты	Косметика, парфюмерия и уход	Уход за ногтями	Инструменты для маникюра и педикюра	Книпсеры	Товары для красоты > Косметика, парфюмерия и уход > Уход за ногтями > Инструменты для маникюра и педикюра > Книпсеры	да	41.0	48.0	41.0	48.0	7.0
Товары для красоты	Косметика, парфюмерия и уход	Уход за ногтями	Инструменты для маникюра и педикюра	Кусачки для маникюра и педикюра	Товары для красоты > Косметика, парфюмерия и уход > Уход за ногтями > Инструменты для маникюра и педикюра > Кусачки для маникюра и педикюра	да	41.0	48.0	41.0	48.0	7.0
Товары для красоты	Косметика, парфюмерия и уход	Уход за ногтями	Инструменты для маникюра и педикюра	Кюретки для маникюра	Товары для красоты > Косметика, парфюмерия и уход > Уход за ногтями > Инструменты для маникюра и педикюра > Кюретки для маникюра	да	44.0	51.0	44.0	51.0	7.0
Товары для красоты	Косметика, парфюмерия и уход	Уход за ногтями	Инструменты для маникюра и педикюра	Лезвия для педикюрного станка	Товары для красоты > Косметика, парфюмерия и уход > Уход за ногтями > Инструменты для маникюра и педикюра > Лезвия для педикюрного станка	да	39.0	46.0	39.0	46.0	7.0
Товары для красоты	Косметика, парфюмерия и уход	Уход за ногтями	Инструменты для маникюра и педикюра	Лопатки маникюрные	Товары для красоты > Косметика, парфюмерия и уход > Уход за ногтями > Инструменты для маникюра и педикюра > Лопатки маникюрные	да	40.0	47.0	40.0	47.0	7.0
Товары для красоты	Косметика, парфюмерия и уход	Уход за ногтями	Инструменты для маникюра и педикюра	Наборы маникюрные	Товары для красоты > Косметика, парфюмерия и уход > Уход за ногтями > Инструменты для маникюра и педикюра > Наборы маникюрные	да	41.0	48.0	41.0	48.0	7.0
Товары для красоты	Косметика, парфюмерия и уход	Уход за ногтями	Инструменты для маникюра и педикюра	Нож для кутикулы	Товары для красоты > Косметика, парфюмерия и уход > Уход за ногтями > Инструменты для маникюра и педикюра > Нож для кутикулы	да	40.0	47.0	40.0	47.0	7.0
Товары для красоты	Косметика, парфюмерия и уход	Уход за ногтями	Инструменты для маникюра и педикюра	Ножницы маникюрные	Товары для красоты > Косметика, парфюмерия и уход > Уход за ногтями > Инструменты для маникюра и педикюра > Ножницы маникюрные	да	41.0	48.0	41.0	48.0	7.0
Товары для красоты	Косметика, парфюмерия и уход	Уход за ногтями	Инструменты для маникюра и педикюра	Основы для пилки маникюрной	Товары для красоты > Косметика, парфюмерия и уход > Уход за ногтями > Инструменты для маникюра и педикюра > Основы для пилки маникюрной	да	40.0	47.0	40.0	47.0	7.0
Товары для красоты	Косметика, парфюмерия и уход	Уход за ногтями	Инструменты для маникюра и педикюра	Пемза для педикюра	Товары для красоты > Косметика, парфюмерия и уход > Уход за ногтями > Инструменты для маникюра и педикюра > Пемза для педикюра	да	41.0	48.0	41.0	48.0	7.0
Товары для красоты	Косметика, парфюмерия и уход	Уход за ногтями	Инструменты для маникюра и педикюра	Пилки педикюрные	Товары для красоты > Косметика, парфюмерия и уход > Уход за ногтями > Инструменты для маникюра и педикюра > Пилки педикюрные	да	41.0	48.0	41.0	48.0	7.0
Товары для красоты	Косметика, парфюмерия и уход	Уход за ногтями	Инструменты для маникюра и педикюра	Сменные файлы для пилки	Товары для красоты > Косметика, парфюмерия и уход > Уход за ногтями > Инструменты для маникюра и педикюра > Сменные файлы для пилки	да	40.0	47.0	40.0	47.0	7.0
Товары для красоты	Косметика, парфюмерия и уход	Уход за ногтями	Инструменты для маникюра и педикюра	Станки педикюрные	Товары для красоты > Косметика, парфюмерия и уход > Уход за ногтями > Инструменты для маникюра и педикюра > Станки педикюрные	да	39.0	46.0	39.0	46.0	7.0
Товары для красоты	Косметика, парфюмерия и уход	Уход за ногтями	Инструменты для маникюра и педикюра	Твизеры для кутикулы	Товары для красоты > Косметика, парфюмерия и уход > Уход за ногтями > Инструменты для маникюра и педикюра > Твизеры для кутикулы	да	40.0	47.0	40.0	47.0	7.0
Товары для красоты	Косметика, парфюмерия и уход	Уход за ногтями	Инструменты для маникюра и педикюра	Типсорезы	Товары для красоты > Косметика, парфюмерия и уход > Уход за ногтями > Инструменты для маникюра и педикюра > Типсорезы	да	40.0	47.0	40.0	47.0	7.0
Товары для красоты	Косметика, парфюмерия и уход	Уход за ногтями	Лаки для ногтей		Товары для красоты > Косметика, парфюмерия и уход > Уход за ногтями > Лаки для ногтей	да	41.0	48.0	41.0	48.0	7.0
Товары для красоты	Косметика, парфюмерия и уход	Уход за ногтями	Лампы для сушки		Товары для красоты > Косметика, парфюмерия и уход > Уход за ногтями > Лампы для сушки	да	40.5	47.5	40.5	47.5	7.0
Товары для красоты	Косметика, парфюмерия и уход	Уход за ногтями	Лечение и укрепление		Товары для красоты > Косметика, парфюмерия и уход > Уход за ногтями > Лечение и укрепление	да	41.0	48.0	41.0	48.0	7.0
Товары для красоты	Косметика, парфюмерия и уход	Уход за ногтями	Масло для кутикулы		Товары для красоты > Косметика, парфюмерия и уход > Уход за ногтями > Масло для кутикулы	да	41.0	48.0	41.0	48.0	7.0
Товары для красоты	Косметика, парфюмерия и уход	Уход за ногтями	Наращивание ногтей		Товары для красоты > Косметика, парфюмерия и уход > Уход за ногтями > Наращивание ногтей	нет	41.0	48.0	41.0	48.0	7.0
Товары для красоты	Косметика, парфюмерия и уход	Уход за ногтями	Наращивание ногтей	Акриловая система	Товары для красоты > Косметика, парфюмерия и уход > Уход за ногтями > Наращивание ногтей > Акриловая система	нет	40.0	47.0	40.0	47.0	7.0
Товары для красоты	Косметика, парфюмерия и уход	Уход за ногтями	Наращивание ногтей	Акриловая система	Товары для красоты > Косметика, парфюмерия и уход > Уход за ногтями > Наращивание ногтей > Акриловая система > Мономеры для акрила	да	39.0	46.0	39.0	46.0	7.0
Товары для красоты	Косметика, парфюмерия и уход	Уход за ногтями	Наращивание ногтей	Акриловая система	Товары для красоты > Косметика, парфюмерия и уход > Уход за ногтями > Наращивание ногтей > Акриловая система > Наборы для наращивания ногтей	да	39.0	46.0	39.0	46.0	7.0
Товары для красоты	Косметика, парфюмерия и уход	Уход за ногтями	Наращивание ногтей	Акриловая система	Товары для красоты > Косметика, парфюмерия и уход > Уход за ногтями > Наращивание ногтей > Акриловая система > Пудра акриловая для ногтей	да	40.0	47.0	40.0	47.0	7.0
Товары для красоты	Косметика, парфюмерия и уход	Уход за ногтями	Наращивание ногтей	Гелевая система	Товары для красоты > Косметика, парфюмерия и уход > Уход за ногтями > Наращивание ногтей > Гелевая система	нет	41.0	48.0	41.0	48.0	7.0
Товары для красоты	Косметика, парфюмерия и уход	Уход за ногтями	Наращивание ногтей	Гелевая система	Товары для красоты > Косметика, парфюмерия и уход > Уход за ногтями > Наращивание ногтей > Гелевая система > Гели для наращивания ногтей	да	41.0	48.0	41.0	48.0	7.0
Товары для красоты	Косметика, парфюмерия и уход	Уход за ногтями	Наращивание ногтей	Гелевая система	Товары для красоты > Косметика, парфюмерия и уход > Уход за ногтями > Наращивание ногтей > Гелевая система > Жидкости для акригеля	да	40.0	47.0	40.0	47.0	7.0
Товары для красоты	Косметика, парфюмерия и уход	Уход за ногтями	Наращивание ногтей	Накладные ногти, типсы	Товары для красоты > Косметика, парфюмерия и уход > Уход за ногтями > Наращивание ногтей > Накладные ногти, типсы	нет	41.0	48.0	41.0	48.0	7.0
Товары для красоты	Косметика, парфюмерия и уход	Уход за ногтями	Наращивание ногтей	Накладные ногти, типсы	Товары для красоты > Косметика, парфюмерия и уход > Уход за ногтями > Наращивание ногтей > Накладные ногти, типсы > Зажимы для наращивания ногтей	да	40.0	47.0	40.0	47.0	7.0
Товары для красоты	Косметика, парфюмерия и уход	Уход за ногтями	Наращивание ногтей	Накладные ногти, типсы	Товары для красоты > Косметика, парфюмерия и уход > Уход за ногтями > Наращивание ногтей > Накладные ногти, типсы > Клей для ногтей	да	40.0	47.0	40.0	47.0	7.0
Товары для красоты	Косметика, парфюмерия и уход	Уход за ногтями	Наращивание ногтей	Накладные ногти, типсы	Товары для красоты > Косметика, парфюмерия и уход > Уход за ногтями > Наращивание ногтей > Накладные ногти, типсы > Материал для коррекции ногтей	да	41.0	48.0	41.0	48.0	7.0
Товары для красоты	Косметика, парфюмерия и уход	Уход за ногтями	Наращивание ногтей	Накладные ногти, типсы	Товары для красоты > Косметика, парфюмерия и уход > Уход за ногтями > Наращивание ногтей > Накладные ногти, типсы > Накладные ногти	да	41.0	48.0	41.0	48.0	7.0
Товары для красоты	Косметика, парфюмерия и уход	Уход за ногтями	Наращивание ногтей	Накладные ногти, типсы	Товары для красоты > Косметика, парфюмерия и уход > Уход за ногтями > Наращивание ногтей > Накладные ногти, типсы > Типсы для наращивания ногтей	да	41.0	48.0	41.0	48.0	7.0
Товары для красоты	Косметика, парфюмерия и уход	Уход за ногтями	Наращивание ногтей	Накладные ногти, типсы	Товары для красоты > Косметика, парфюмерия и уход > Уход за ногтями > Наращивание ногтей > Накладные ногти, типсы > Трубочки для моделирования арки	да	39.0	46.0	39.0	46.0	7.0
Товары для красоты	Косметика, парфюмерия и уход	Уход за ногтями	Наращивание ногтей	Накладные ногти, типсы	Товары для красоты > Косметика, парфюмерия и уход > Уход за ногтями > Наращивание ногтей > Накладные ногти, типсы > Формы для наращивания ногтей	да	40.0	47.0	40.0	47.0	7.0
Товары для красоты	Косметика, парфюмерия и уход	Уход за ногтями	Пилки		Товары для красоты > Косметика, парфюмерия и уход > Уход за ногтями > Пилки	нет	41.0	48.0	41.0	48.0	7.0
Товары для красоты	Косметика, парфюмерия и уход	Уход за ногтями	Пилки	Пилки для ногтей	Товары для красоты > Косметика, парфюмерия и уход > Уход за ногтями > Пилки > Пилки для ногтей	да	41.0	48.0	41.0	48.0	7.0
Товары для красоты	Косметика, парфюмерия и уход	Уход за ногтями	Пилки	Пилки-бафы для ногтей	Товары для красоты > Косметика, парфюмерия и уход > Уход за ногтями > Пилки > Пилки-бафы для ногтей	да	41.0	48.0	41.0	48.0	7.0
Товары для красоты	Косметика, парфюмерия и уход	Уход за ногтями	Пилки	Футляры для пилки для ногтей	Товары для красоты > Косметика, парфюмерия и уход > Уход за ногтями > Пилки > Футляры для пилки для ногтей	да	41.0	48.0	41.0	48.0	7.0
Товары для красоты	Косметика, парфюмерия и уход	Уход за ногтями	Средства для снятия лака		Товары для красоты > Косметика, парфюмерия и уход > Уход за ногтями > Средства для снятия лака	да	40.0	47.0	40.0	47.0	7.0
Товары для красоты	Косметика, парфюмерия и уход	Уход за ногтями	Удаление кутикулы		Товары для красоты > Косметика, парфюмерия и уход > Уход за ногтями > Удаление кутикулы	да	41.0	48.0	41.0	48.0	7.0
Товары для красоты	Косметика, парфюмерия и уход	Уход за телом			Товары для красоты > Косметика, парфюмерия и уход > Уход за телом	нет	45.0	52.0	45.0	52.0	7.0
Товары для красоты	Косметика, парфюмерия и уход	Уход за телом	Аксессуары		Товары для красоты > Косметика, парфюмерия и уход > Уход за телом > Аксессуары	нет	44.0	51.0	44.0	51.0	7.0
Товары для красоты	Косметика, парфюмерия и уход	Уход за телом	Аксессуары	Аксессуары для парафинотерапии	Товары для красоты > Косметика, парфюмерия и уход > Уход за телом > Аксессуары > Аксессуары для парафинотерапии	да	39.0	46.0	39.0	46.0	7.0
Товары для красоты	Косметика, парфюмерия и уход	Уход за телом	Аксессуары	Дозаторы для косметического флакона	Товары для красоты > Косметика, парфюмерия и уход > Уход за телом > Аксессуары > Дозаторы для косметического флакона	да	44.0	51.0	44.0	51.0	7.0
Товары для красоты	Косметика, парфюмерия и уход	Уход за телом	Аксессуары	Носки косметические	Товары для красоты > Косметика, парфюмерия и уход > Уход за телом > Аксессуары > Носки косметические	да	41.0	48.0	41.0	48.0	7.0
Товары для красоты	Косметика, парфюмерия и уход	Уход за телом	Аксессуары	Перчатки косметические	Товары для красоты > Косметика, парфюмерия и уход > Уход за телом > Аксессуары > Перчатки косметические	да	40.0	47.0	40.0	47.0	7.0
Товары для красоты	Косметика, парфюмерия и уход	Уход за телом	Аксессуары	Шапочки для душа	Товары для красоты > Косметика, парфюмерия и уход > Уход за телом > Аксессуары > Шапочки для душа	да	41.0	48.0	41.0	48.0	7.0
Товары для красоты	Косметика, парфюмерия и уход	Уход за телом	Антицеллюлитные средства		Товары для красоты > Косметика, парфюмерия и уход > Уход за телом > Антицеллюлитные средства	нет	38.5	45.5	38.5	45.5	7.0
Товары для красоты	Косметика, парфюмерия и уход	Уход за телом	Антицеллюлитные средства	Массажные банки	Товары для красоты > Косметика, парфюмерия и уход > Уход за телом > Антицеллюлитные средства > Массажные банки	да	38.5	45.5	38.5	45.5	7.0
Товары для красоты	Косметика, парфюмерия и уход	Уход за телом	Антицеллюлитные средства	Моделирующие средства	Товары для красоты > Косметика, парфюмерия и уход > Уход за телом > Антицеллюлитные средства > Моделирующие средства	да	38.5	45.5	38.5	45.5	7.0
Товары для красоты	Косметика, парфюмерия и уход	Уход за телом	Антицеллюлитные средства	Пасты для массажа	Товары для красоты > Косметика, парфюмерия и уход > Уход за телом > Антицеллюлитные средства > Пасты для массажа	да	40.0	47.0	40.0	47.0	7.0
Товары для красоты	Косметика, парфюмерия и уход	Уход за телом	Антицеллюлитные средства	Пластыри для похудения	Товары для красоты > Косметика, парфюмерия и уход > Уход за телом > Антицеллюлитные средства > Пластыри для похудения	да	42.0	49.0	42.0	49.0	7.0
Товары для красоты	Косметика, парфюмерия и уход	Уход за телом	Антицеллюлитные средства	Плёнки для обёртывания	Товары для красоты > Косметика, парфюмерия и уход > Уход за телом > Антицеллюлитные средства > Плёнки для обёртывания	да	40.0	47.0	40.0	47.0	7.0
Товары для красоты	Косметика, парфюмерия и уход	Уход за телом	Антицеллюлитные средства	Средства антицеллюлитные	Товары для красоты > Косметика, парфюмерия и уход > Уход за телом > Антицеллюлитные средства > Средства антицеллюлитные	да	39.0	46.0	39.0	46.0	7.0
Товары для красоты	Косметика, парфюмерия и уход	Уход за телом	Вкладыши для одежды		Товары для красоты > Косметика, парфюмерия и уход > Уход за телом > Вкладыши для одежды	да	41.0	48.0	41.0	48.0	7.0
Товары для красоты	Косметика, парфюмерия и уход	Уход за телом	Дезодоранты		Товары для красоты > Косметика, парфюмерия и уход > Уход за телом > Дезодоранты	да	40.0	47.0	40.0	47.0	7.0
Товары для красоты	Косметика, парфюмерия и уход	Уход за телом	Депиляция и эпиляция		Товары для красоты > Косметика, парфюмерия и уход > Уход за телом > Депиляция и эпиляция	нет	45.0	52.0	45.0	52.0	7.0
Товары для красоты	Косметика, парфюмерия и уход	Уход за телом	Депиляция и эпиляция	Бритвы и лезвия	Товары для красоты > Косметика, парфюмерия и уход > Уход за телом > Депиляция и эпиляция > Бритвы и лезвия	да	45.0	52.0	45.0	52.0	7.0
Товары для красоты	Косметика, парфюмерия и уход	Уход за телом	Депиляция и эпиляция	Восковая эпиляция	Товары для красоты > Косметика, парфюмерия и уход > Уход за телом > Депиляция и эпиляция > Восковая эпиляция	нет	41.0	48.0	41.0	48.0	7.0
Товары для красоты	Косметика, парфюмерия и уход	Уход за телом	Депиляция и эпиляция	Восковая эпиляция	Товары для красоты > Косметика, парфюмерия и уход > Уход за телом > Депиляция и эпиляция > Восковая эпиляция > Бумага для депиляции	да	39.0	46.0	39.0	46.0	7.0
Товары для красоты	Косметика, парфюмерия и уход	Уход за телом	Депиляция и эпиляция	Восковая эпиляция	Товары для красоты > Косметика, парфюмерия и уход > Уход за телом > Депиляция и эпиляция > Восковая эпиляция > Воск для депиляции	да	41.0	48.0	41.0	48.0	7.0
Товары для красоты	Косметика, парфюмерия и уход	Уход за телом	Депиляция и эпиляция	Восковая эпиляция	Товары для красоты > Косметика, парфюмерия и уход > Уход за телом > Депиляция и эпиляция > Восковая эпиляция > Восковые полоски	да	41.0	48.0	41.0	48.0	7.0
Товары для красоты	Косметика, парфюмерия и уход	Уход за телом	Депиляция и эпиляция	Восковая эпиляция	Товары для красоты > Косметика, парфюмерия и уход > Уход за телом > Депиляция и эпиляция > Восковая эпиляция > Наборы для восковой депиляции	да	40.0	47.0	40.0	47.0	7.0
Товары для красоты	Косметика, парфюмерия и уход	Уход за телом	Депиляция и эпиляция	Восковая эпиляция	Товары для красоты > Косметика, парфюмерия и уход > Уход за телом > Депиляция и эпиляция > Восковая эпиляция > Полоски нетканые для депиляции	да	41.0	48.0	41.0	48.0	7.0
Товары для красоты	Косметика, парфюмерия и уход	Уход за телом	Депиляция и эпиляция	Восковая эпиляция	Товары для красоты > Косметика, парфюмерия и уход > Уход за телом > Депиляция и эпиляция > Восковая эпиляция > Сменные головки для воскового картриджа	да	41.0	48.0	41.0	48.0	7.0
Товары для красоты	Косметика, парфюмерия и уход	Уход за телом	Депиляция и эпиляция	Восковая эпиляция	Товары для красоты > Косметика, парфюмерия и уход > Уход за телом > Депиляция и эпиляция > Восковая эпиляция > Шпатели косметические	да	40.0	47.0	40.0	47.0	7.0
Товары для красоты	Косметика, парфюмерия и уход	Уход за телом	Депиляция и эпиляция	Воскоплавы и парафиновые ванны	Товары для красоты > Косметика, парфюмерия и уход > Уход за телом > Депиляция и эпиляция > Воскоплавы и парафиновые ванны	нет	41.0	48.0	41.0	48.0	7.0
Товары для красоты	Косметика, парфюмерия и уход	Уход за телом	Депиляция и эпиляция	Воскоплавы и парафиновые ванны	Товары для красоты > Косметика, парфюмерия и уход > Уход за телом > Депиляция и эпиляция > Воскоплавы и парафиновые ванны > Воскоплавы	да	41.0	48.0	41.0	48.0	7.0
Товары для красоты	Косметика, парфюмерия и уход	Уход за телом	Депиляция и эпиляция	Воскоплавы и парафиновые ванны	Товары для красоты > Косметика, парфюмерия и уход > Уход за телом > Депиляция и эпиляция > Воскоплавы и парафиновые ванны > Комплектующие для воскоплава	да	40.0	47.0	40.0	47.0	7.0
Товары для красоты	Косметика, парфюмерия и уход	Уход за телом	Депиляция и эпиляция	Воскоплавы и парафиновые ванны	Товары для красоты > Косметика, парфюмерия и уход > Уход за телом > Депиляция и эпиляция > Воскоплавы и парафиновые ванны > Нагреватели сахарной пасты	да	39.0	46.0	39.0	46.0	7.0
Товары для красоты	Косметика, парфюмерия и уход	Уход за телом	Депиляция и эпиляция	Воскоплавы и парафиновые ванны	Товары для красоты > Косметика, парфюмерия и уход > Уход за телом > Депиляция и эпиляция > Воскоплавы и парафиновые ванны > Парафиновые ванны	да	39.0	46.0	39.0	46.0	7.0
Товары для красоты	Косметика, парфюмерия и уход	Уход за телом	Депиляция и эпиляция	Воскоплавы и парафиновые ванны	Товары для красоты > Косметика, парфюмерия и уход > Уход за телом > Депиляция и эпиляция > Воскоплавы и парафиновые ванны > Средства для очистки воска	да	40.0	47.0	40.0	47.0	7.0
Товары для красоты	Косметика, парфюмерия и уход	Уход за телом	Депиляция и эпиляция	Средства для депиляции	Товары для красоты > Косметика, парфюмерия и уход > Уход за телом > Депиляция и эпиляция > Средства для депиляции	нет	41.0	48.0	41.0	48.0	7.0
Товары для красоты	Косметика, парфюмерия и уход	Уход за телом	Депиляция и эпиляция	Средства для депиляции	Товары для красоты > Косметика, парфюмерия и уход > Уход за телом > Депиляция и эпиляция > Средства для депиляции > Наборы для депиляции	да	40.0	47.0	40.0	47.0	7.0
Товары для красоты	Косметика, парфюмерия и уход	Уход за телом	Депиляция и эпиляция	Средства для депиляции	Товары для красоты > Косметика, парфюмерия и уход > Уход за телом > Депиляция и эпиляция > Средства для депиляции > Пилки-депиляторы	да	44.0	51.0	44.0	51.0	7.0
Товары для красоты	Косметика, парфюмерия и уход	Уход за телом	Депиляция и эпиляция	Средства для депиляции	Товары для красоты > Косметика, парфюмерия и уход > Уход за телом > Депиляция и эпиляция > Средства для депиляции > Средства для депиляции	да	41.0	48.0	41.0	48.0	7.0
Товары для красоты	Косметика, парфюмерия и уход	Уход за телом	Депиляция и эпиляция	Средства до и после депиляции	Товары для красоты > Косметика, парфюмерия и уход > Уход за телом > Депиляция и эпиляция > Средства до и после депиляции	нет	41.0	48.0	41.0	48.0	7.0
Товары для красоты	Косметика, парфюмерия и уход	Уход за телом	Депиляция и эпиляция	Средства до и после депиляции	Товары для красоты > Косметика, парфюмерия и уход > Уход за телом > Депиляция и эпиляция > Средства до и после депиляции > Средства до депиляции	да	41.0	48.0	41.0	48.0	7.0
Товары для красоты	Косметика, парфюмерия и уход	Уход за телом	Депиляция и эпиляция	Средства до и после депиляции	Товары для красоты > Косметика, парфюмерия и уход > Уход за телом > Депиляция и эпиляция > Средства до и после депиляции > Средства после депиляции	да	41.0	48.0	41.0	48.0	7.0
Товары для красоты	Косметика, парфюмерия и уход	Уход за телом	Депиляция и эпиляция	Средства до и после депиляции	Товары для красоты > Косметика, парфюмерия и уход > Уход за телом > Депиляция и эпиляция > Средства до и после депиляции > Средства против вросших волос	да	40.0	47.0	40.0	47.0	7.0
Товары для красоты	Косметика, парфюмерия и уход	Уход за телом	Депиляция и эпиляция	Шугаринг	Товары для красоты > Косметика, парфюмерия и уход > Уход за телом > Депиляция и эпиляция > Шугаринг	нет	41.0	48.0	41.0	48.0	7.0
Товары для красоты	Косметика, парфюмерия и уход	Уход за телом	Депиляция и эпиляция	Шугаринг	Товары для красоты > Косметика, парфюмерия и уход > Уход за телом > Депиляция и эпиляция > Шугаринг > Наборы для шугаринга	да	41.0	48.0	41.0	48.0	7.0
Товары для красоты	Косметика, парфюмерия и уход	Уход за телом	Депиляция и эпиляция	Шугаринг	Товары для красоты > Косметика, парфюмерия и уход > Уход за телом > Депиляция и эпиляция > Шугаринг > Паста для шугаринга	да	41.0	48.0	41.0	48.0	7.0
Товары для красоты	Косметика, парфюмерия и уход	Уход за телом	Депиляция и эпиляция	Шугаринг	Товары для красоты > Косметика, парфюмерия и уход > Уход за телом > Депиляция и эпиляция > Шугаринг > Регуляторы плотности пасты для шугаринга	да	39.0	46.0	39.0	46.0	7.0
Товары для красоты	Косметика, парфюмерия и уход	Уход за телом	Для душа		Товары для красоты > Косметика, парфюмерия и уход > Уход за телом > Для душа	да	41.0	48.0	41.0	48.0	7.0
Товары для красоты	Косметика, парфюмерия и уход	Уход за телом	Загар и защита от солнца		Товары для красоты > Косметика, парфюмерия и уход > Уход за телом > Загар и защита от солнца	нет	40.0	47.0	40.0	47.0	7.0
Товары для красоты	Косметика, парфюмерия и уход	Уход за телом	Загар и защита от солнца	Автозагар и средства для солярия	Товары для красоты > Косметика, парфюмерия и уход > Уход за телом > Загар и защита от солнца > Автозагар и средства для солярия	нет	40.0	47.0	40.0	47.0	7.0
Товары для красоты	Косметика, парфюмерия и уход	Уход за телом	Загар и защита от солнца	Автозагар и средства для солярия	Товары для красоты > Косметика, парфюмерия и уход > Уход за телом > Загар и защита от солнца > Автозагар и средства для солярия > Аксессуары для солярия	да	40.0	47.0	40.0	47.0	7.0
Товары для красоты	Косметика, парфюмерия и уход	Уход за телом	Загар и защита от солнца	Автозагар и средства для солярия	Товары для красоты > Косметика, парфюмерия и уход > Уход за телом > Загар и защита от солнца > Автозагар и средства для солярия > Средства для автозагара	да	38.5	45.5	38.5	45.5	7.0
Товары для красоты	Косметика, парфюмерия и уход	Уход за телом	Загар и защита от солнца	После загара	Товары для красоты > Косметика, парфюмерия и уход > Уход за телом > Загар и защита от солнца > После загара	да	40.0	47.0	40.0	47.0	7.0
Товары для красоты	Косметика, парфюмерия и уход	Уход за телом	Загар и защита от солнца	Средства для загара и защиты от солнца	Товары для красоты > Косметика, парфюмерия и уход > Уход за телом > Загар и защита от солнца > Средства для загара и защиты от солнца	нет	40.0	47.0	40.0	47.0	7.0
Товары для красоты	Косметика, парфюмерия и уход	Уход за телом	Загар и защита от солнца	Средства для загара и защиты от солнца	Товары для красоты > Косметика, парфюмерия и уход > Уход за телом > Загар и защита от солнца > Средства для загара и защиты от солнца > Активаторы загара	да	40.0	47.0	40.0	47.0	7.0
Товары для красоты	Косметика, парфюмерия и уход	Уход за телом	Загар и защита от солнца	Средства для загара и защиты от солнца	Товары для красоты > Косметика, парфюмерия и уход > Уход за телом > Загар и защита от солнца > Средства для загара и защиты от солнца > Солнцезащитные средства для тела	да	40.0	47.0	40.0	47.0	7.0
Товары для красоты	Косметика, парфюмерия и уход	Уход за телом	Кремы и масла		Товары для красоты > Косметика, парфюмерия и уход > Уход за телом > Кремы и масла	да	41.0	48.0	41.0	48.0	7.0
Товары для красоты	Косметика, парфюмерия и уход	Уход за телом	Мочалки и щетки		Товары для красоты > Косметика, парфюмерия и уход > Уход за телом > Мочалки и щетки	нет	41.0	48.0	41.0	48.0	7.0
Товары для красоты	Косметика, парфюмерия и уход	Уход за телом	Мочалки и щетки	Мочалки	Товары для красоты > Косметика, парфюмерия и уход > Уход за телом > Мочалки и щетки > Мочалки	да	41.0	48.0	41.0	48.0	7.0
Товары для красоты	Косметика, парфюмерия и уход	Уход за телом	Мочалки и щетки	Щетки для тела	Товары для красоты > Косметика, парфюмерия и уход > Уход за телом > Мочалки и щетки > Щетки для тела	да	41.0	48.0	41.0	48.0	7.0
Товары для красоты	Косметика, парфюмерия и уход	Уход за телом	Мыло		Товары для красоты > Косметика, парфюмерия и уход > Уход за телом > Мыло	нет	41.0	48.0	41.0	48.0	7.0
Товары для красоты	Косметика, парфюмерия и уход	Уход за телом	Мыло	Мыло металлическое	Товары для красоты > Косметика, парфюмерия и уход > Уход за телом > Мыло > Мыло металлическое	да	40.0	47.0	40.0	47.0	7.0
Товары для красоты	Косметика, парфюмерия и уход	Уход за телом	Мыло	Мыло туалетное жидкое	Товары для красоты > Косметика, парфюмерия и уход > Уход за телом > Мыло > Мыло туалетное жидкое	да	41.0	48.0	41.0	48.0	7.0
Товары для красоты	Косметика, парфюмерия и уход	Уход за телом	Мыло	Мыло туалетное листовое	Товары для красоты > Косметика, парфюмерия и уход > Уход за телом > Мыло > Мыло туалетное листовое	да	40.0	47.0	40.0	47.0	7.0
Товары для красоты	Косметика, парфюмерия и уход	Уход за телом	Мыло	Мыло туалетное мягкое	Товары для красоты > Косметика, парфюмерия и уход > Уход за телом > Мыло > Мыло туалетное мягкое	да	40.0	47.0	40.0	47.0	7.0
Товары для красоты	Косметика, парфюмерия и уход	Уход за телом	Мыло	Мыло туалетное твердое	Товары для красоты > Косметика, парфюмерия и уход > Уход за телом > Мыло > Мыло туалетное твердое	да	40.0	47.0	40.0	47.0	7.0
Товары для красоты	Косметика, парфюмерия и уход	Уход за телом	Пена, соль, масло		Товары для красоты > Косметика, парфюмерия и уход > Уход за телом > Пена, соль, масло	да	41.0	48.0	41.0	48.0	7.0
Товары для красоты	Косметика, парфюмерия и уход	Уход за телом	Скрабы и пилинги		Товары для красоты > Косметика, парфюмерия и уход > Уход за телом > Скрабы и пилинги	нет	41.0	48.0	41.0	48.0	7.0
Товары для красоты	Косметика, парфюмерия и уход	Уход за телом	Скрабы и пилинги	Гоммаж для тела	Товары для красоты > Косметика, парфюмерия и уход > Уход за телом > Скрабы и пилинги > Гоммаж для тела	да	40.0	47.0	40.0	47.0	7.0
Товары для красоты	Косметика, парфюмерия и уход	Уход за телом	Скрабы и пилинги	Пилинги для тела	Товары для красоты > Косметика, парфюмерия и уход > Уход за телом > Скрабы и пилинги > Пилинги для тела	да	40.0	47.0	40.0	47.0	7.0
Товары для красоты	Косметика, парфюмерия и уход	Уход за телом	Скрабы и пилинги	Скрабы для тела	Товары для красоты > Косметика, парфюмерия и уход > Уход за телом > Скрабы и пилинги > Скрабы для тела	да	41.0	48.0	41.0	48.0	7.0
Товары для красоты	Косметика, парфюмерия и уход	Уход за телом	Уход за ногами		Товары для красоты > Косметика, парфюмерия и уход > Уход за телом > Уход за ногами	да	41.0	48.0	41.0	48.0	7.0
Товары для красоты	Косметика, парфюмерия и уход	Уход за телом	Уход за руками		Товары для красоты > Косметика, парфюмерия и уход > Уход за телом > Уход за руками	да	40.0	47.0	40.0	47.0	7.0
Товары для красоты	Средства и предметы гигиены				Товары для красоты > Средства и предметы гигиены	нет	55.0	62.0	55.0	62.0	7.0
Товары для красоты	Средства и предметы гигиены	Бумажные салфетки			Товары для красоты > Средства и предметы гигиены > Бумажные салфетки	да	55.0	62.0	55.0	62.0	7.0
Товары для красоты	Средства и предметы гигиены	Ватные палочки и диски			Товары для красоты > Средства и предметы гигиены > Ватные палочки и диски	нет	55.0	62.0	55.0	62.0	7.0
Товары для красоты	Средства и предметы гигиены	Ватные палочки и диски	Ватные диски		Товары для красоты > Средства и предметы гигиены > Ватные палочки и диски > Ватные диски	да	55.0	62.0	55.0	62.0	7.0
Товары для красоты	Средства и предметы гигиены	Ватные палочки и диски	Ватные палочки		Товары для красоты > Средства и предметы гигиены > Ватные палочки и диски > Ватные палочки	да	55.0	62.0	55.0	62.0	7.0
Товары для красоты	Средства и предметы гигиены	Ватные палочки и диски	Инструменты для чистки ушей и носа		Товары для красоты > Средства и предметы гигиены > Ватные палочки и диски > Инструменты для чистки ушей и носа	да	51.0	58.0	51.0	58.0	7.0
Товары для красоты	Средства и предметы гигиены	Влажные салфетки			Товары для красоты > Средства и предметы гигиены > Влажные салфетки	да	52.0	59.0	52.0	59.0	7.0
Товары для красоты	Средства и предметы гигиены	Зубная паста			Товары для красоты > Средства и предметы гигиены > Зубная паста	нет	45.0	52.0	45.0	52.0	7.0
Товары для красоты	Средства и предметы гигиены	Зубная паста	Зубные пасты		Товары для красоты > Средства и предметы гигиены > Зубная паста > Зубные пасты	да	45.0	52.0	45.0	52.0	7.0
Товары для красоты	Средства и предметы гигиены	Зубная паста	Зубные порошки		Товары для красоты > Средства и предметы гигиены > Зубная паста > Зубные порошки	да	45.0	52.0	45.0	52.0	7.0
Товары для красоты	Средства и предметы гигиены	Зубная паста	Наборы для чистки зубов		Товары для красоты > Средства и предметы гигиены > Зубная паста > Наборы для чистки зубов	да	45.0	52.0	45.0	52.0	7.0
Товары для красоты	Средства и предметы гигиены	Зубные щетки			Товары для красоты > Средства и предметы гигиены > Зубные щетки	нет	45.0	52.0	45.0	52.0	7.0
Товары для красоты	Средства и предметы гигиены	Зубные щетки	Зубные ершики		Товары для красоты > Средства и предметы гигиены > Зубные щетки > Зубные ершики	да	45.0	52.0	45.0	52.0	7.0
Товары для красоты	Средства и предметы гигиены	Зубные щетки	Зубные щетки		Товары для красоты > Средства и предметы гигиены > Зубные щетки > Зубные щетки	да	45.0	52.0	45.0	52.0	7.0
Товары для красоты	Средства и предметы гигиены	Зубные щетки	Монопучковые щетки		Товары для красоты > Средства и предметы гигиены > Зубные щетки > Монопучковые щетки	да	45.0	52.0	45.0	52.0	7.0
Товары для красоты	Средства и предметы гигиены	Зубные щетки	Песочные часы для чистки зубов		Товары для красоты > Средства и предметы гигиены > Зубные щетки > Песочные часы для чистки зубов	да	46.0	53.0	46.0	53.0	7.0
Товары для красоты	Средства и предметы гигиены	Зубные щетки	Скребки для языка		Товары для красоты > Средства и предметы гигиены > Зубные щетки > Скребки для языка	да	45.0	52.0	45.0	52.0	7.0
Товары для красоты	Средства и предметы гигиены	Зубные щетки	Футляры для зубной щетки		Товары для красоты > Средства и предметы гигиены > Зубные щетки > Футляры для зубной щетки	да	45.0	52.0	45.0	52.0	7.0
Товары для красоты	Средства и предметы гигиены	Интимные смазки			Товары для красоты > Средства и предметы гигиены > Интимные смазки	нет	40.0	47.0	40.0	47.0	7.0
Товары для красоты	Средства и предметы гигиены	Интимные смазки	Интимные смазки		Товары для красоты > Средства и предметы гигиены > Интимные смазки > Интимные смазки	да	40.0	47.0	40.0	47.0	7.0
Товары для красоты	Средства и предметы гигиены	Интимные смазки	Шприцы для интимной смазки		Товары для красоты > Средства и предметы гигиены > Интимные смазки > Шприцы для интимной смазки	да	39.0	46.0	39.0	46.0	7.0
Товары для красоты	Средства и предметы гигиены	Полоскание и уход за полостью рта			Товары для красоты > Средства и предметы гигиены > Полоскание и уход за полостью рта	нет	47.0	54.0	47.0	54.0	7.0
Товары для красоты	Средства и предметы гигиены	Полоскание и уход за полостью рта	Влажные салфетки для зубов		Товары для красоты > Средства и предметы гигиены > Полоскание и уход за полостью рта > Влажные салфетки для зубов	да	45.0	52.0	45.0	52.0	7.0
Товары для красоты	Средства и предметы гигиены	Полоскание и уход за полостью рта	Гели для полости рта		Товары для красоты > Средства и предметы гигиены > Полоскание и уход за полостью рта > Гели для полости рта	да	45.0	52.0	45.0	52.0	7.0
Товары для красоты	Средства и предметы гигиены	Полоскание и уход за полостью рта	Зубные нити		Товары для красоты > Средства и предметы гигиены > Полоскание и уход за полостью рта > Зубные нити	да	45.0	52.0	45.0	52.0	7.0
Товары для красоты	Средства и предметы гигиены	Полоскание и уход за полостью рта	Зубочистки		Товары для красоты > Средства и предметы гигиены > Полоскание и уход за полостью рта > Зубочистки	да	45.0	52.0	45.0	52.0	7.0
Товары для красоты	Средства и предметы гигиены	Полоскание и уход за полостью рта	Контейнеры для зубных протезов		Товары для красоты > Средства и предметы гигиены > Полоскание и уход за полостью рта > Контейнеры для зубных протезов	да	36.0	43.0	36.0	43.0	7.0
Товары для красоты	Средства и предметы гигиены	Полоскание и уход за полостью рта	Наборы по уходу за брекет-системами		Товары для красоты > Средства и предметы гигиены > Полоскание и уход за полостью рта > Наборы по уходу за брекет-системами	да	45.0	52.0	45.0	52.0	7.0
Товары для красоты	Средства и предметы гигиены	Полоскание и уход за полостью рта	Ополаскиватели для полости рта		Товары для красоты > Средства и предметы гигиены > Полоскание и уход за полостью рта > Ополаскиватели для полости рта	да	45.0	52.0	45.0	52.0	7.0
Товары для красоты	Средства и предметы гигиены	Полоскание и уход за полостью рта	Растворы для ирригатора		Товары для красоты > Средства и предметы гигиены > Полоскание и уход за полостью рта > Растворы для ирригатора	да	36.0	43.0	36.0	43.0	7.0
Товары для красоты	Средства и предметы гигиены	Полоскание и уход за полостью рта	Спреи для полости рта		Товары для красоты > Средства и предметы гигиены > Полоскание и уход за полостью рта > Спреи для полости рта	да	44.0	51.0	44.0	51.0	7.0
Товары для красоты	Средства и предметы гигиены	Полоскание и уход за полостью рта	Средства для индикации зубного налета		Товары для красоты > Средства и предметы гигиены > Полоскание и уход за полостью рта > Средства для индикации зубного налета	да	36.0	43.0	36.0	43.0	7.0
Товары для красоты	Средства и предметы гигиены	Полоскание и уход за полостью рта	Средства для отбеливания зубов		Товары для красоты > Средства и предметы гигиены > Полоскание и уход за полостью рта > Средства для отбеливания зубов	нет	36.0	43.0	36.0	43.0	7.0
Товары для красоты	Средства и предметы гигиены	Полоскание и уход за полостью рта	Средства для отбеливания зубов	Наборы для отбеливания зубов	Товары для красоты > Средства и предметы гигиены > Полоскание и уход за полостью рта > Средства для отбеливания зубов > Наборы для отбеливания зубов	да	45.0	52.0	45.0	52.0	7.0
Товары для красоты	Средства и предметы гигиены	Полоскание и уход за полостью рта	Средства для отбеливания зубов	Системы отбеливания зубов	Товары для красоты > Средства и предметы гигиены > Полоскание и уход за полостью рта > Средства для отбеливания зубов > Системы отбеливания зубов	да	38.5	45.5	38.5	45.5	7.0
Товары для красоты	Средства и предметы гигиены	Полоскание и уход за полостью рта	Средства для отбеливания зубов	Средства для зубов отбеливающие	Товары для красоты > Средства и предметы гигиены > Полоскание и уход за полостью рта > Средства для отбеливания зубов > Средства для зубов отбеливающие	да	36.0	43.0	36.0	43.0	7.0
Товары для красоты	Средства и предметы гигиены	Полоскание и уход за полостью рта	Средства для фиксации протезов		Товары для красоты > Средства и предметы гигиены > Полоскание и уход за полостью рта > Средства для фиксации протезов	да	36.0	43.0	36.0	43.0	7.0
Товары для красоты	Средства и предметы гигиены	Полоскание и уход за полостью рта	Средства для чистки протезов		Товары для красоты > Средства и предметы гигиены > Полоскание и уход за полостью рта > Средства для чистки протезов	да	47.0	54.0	47.0	54.0	7.0
Товары для красоты	Средства и предметы гигиены	Презервативы			Товары для красоты > Средства и предметы гигиены > Презервативы	нет	40.0	47.0	40.0	47.0	7.0
Товары для красоты	Средства и предметы гигиены	Презервативы	Презервативы		Товары для красоты > Средства и предметы гигиены > Презервативы > Презервативы	да	40.0	47.0	40.0	47.0	7.0
Товары для красоты	Средства и предметы гигиены	Презервативы	Чехлы для презервативов		Товары для красоты > Средства и предметы гигиены > Презервативы > Чехлы для презервативов	да	53.5	60.5	53.5	60.5	7.0
Товары для красоты	Средства и предметы гигиены	Прокладки и тампоны			Товары для красоты > Средства и предметы гигиены > Прокладки и тампоны	нет	55.0	62.0	55.0	62.0	7.0
Товары для красоты	Средства и предметы гигиены	Прокладки и тампоны	Менструальные чаши		Товары для красоты > Средства и предметы гигиены > Прокладки и тампоны > Менструальные чаши	да	40.0	47.0	40.0	47.0	7.0
Товары для красоты	Средства и предметы гигиены	Прокладки и тампоны	Многоразовые прокладки гигиенические		Товары для красоты > Средства и предметы гигиены > Прокладки и тампоны > Многоразовые прокладки гигиенические	да	47.0	54.0	47.0	54.0	7.0
Товары для красоты	Средства и предметы гигиены	Прокладки и тампоны	Прокладки ежедневные гигиенические		Товары для красоты > Средства и предметы гигиены > Прокладки и тампоны > Прокладки ежедневные гигиенические	да	51.0	58.0	51.0	58.0	7.0
Товары для красоты	Средства и предметы гигиены	Прокладки и тампоны	Прокладки женские гигиенические		Товары для красоты > Средства и предметы гигиены > Прокладки и тампоны > Прокладки женские гигиенические	да	55.0	62.0	55.0	62.0	7.0
Товары для красоты	Средства и предметы гигиены	Прокладки и тампоны	Тампоны женские		Товары для красоты > Средства и предметы гигиены > Прокладки и тампоны > Тампоны женские	да	55.0	62.0	55.0	62.0	7.0
Товары для красоты	Средства и предметы гигиены	Прокладки и тампоны	Трусы менструальные		Товары для красоты > Средства и предметы гигиены > Прокладки и тампоны > Трусы менструальные	да	55.0	62.0	55.0	62.0	7.0
Товары для красоты	Средства и предметы гигиены	Прокладки и тампоны	Футляры для гигиенических женских средств		Товары для красоты > Средства и предметы гигиены > Прокладки и тампоны > Футляры для гигиенических женских средств	да	55.0	62.0	55.0	62.0	7.0
Товары для красоты	Средства и предметы гигиены	Средства для интимной гигиены			Товары для красоты > Средства и предметы гигиены > Средства для интимной гигиены	да	45.0	52.0	45.0	52.0	7.0
Товары для красоты	Средства и предметы гигиены	Туалетная бумага и полотенца			Товары для красоты > Средства и предметы гигиены > Туалетная бумага и полотенца	нет	55.0	62.0	55.0	62.0	7.0
Товары для красоты	Средства и предметы гигиены	Туалетная бумага и полотенца	Бумажные полотенца		Товары для красоты > Средства и предметы гигиены > Туалетная бумага и полотенца > Бумажные полотенца	да	46.5	53.5	46.5	53.5	7.0
Товары для красоты	Средства и предметы гигиены	Туалетная бумага и полотенца	Покрытия на сиденье унитаза		Товары для красоты > Средства и предметы гигиены > Туалетная бумага и полотенца > Покрытия на сиденье унитаза	да	55.0	62.0	55.0	62.0	7.0
Товары для красоты	Средства и предметы гигиены	Туалетная бумага и полотенца	Туалетная бумага		Товары для красоты > Средства и предметы гигиены > Туалетная бумага и полотенца > Туалетная бумага	да	46.5	53.5	46.5	53.5	7.0
Товары для красоты	Средства и предметы гигиены	Туалетная бумага и полотенца	Туалетная бумага влажная		Товары для красоты > Средства и предметы гигиены > Туалетная бумага и полотенца > Туалетная бумага влажная	да	54.0	61.0	54.0	61.0	7.0
Товары для красоты	Техника для красоты				Товары для красоты > Техника для красоты	нет	39.0	46.0	39.0	46.0	7.0
Товары для красоты	Техника для красоты	Солярии			Товары для красоты > Техника для красоты > Солярии	нет	39.0	46.0	39.0	46.0	7.0
Товары для красоты	Техника для красоты	Солярии	Коллагенарии		Товары для красоты > Техника для красоты > Солярии > Коллагенарии	да	39.0	46.0	39.0	46.0	7.0
Товары для красоты	Техника для красоты	Солярии	Коллариумы		Товары для красоты > Техника для красоты > Солярии > Коллариумы	да	40.0	47.0	40.0	47.0	7.0
Товары для красоты	Техника для красоты	Солярии	Комплектующие и запчасти для солярия		Товары для красоты > Техника для красоты > Солярии > Комплектующие и запчасти для солярия	да	38.0	45.0	38.0	45.0	7.0
Товары для красоты	Техника для красоты	Солярии	Солярии		Товары для красоты > Техника для красоты > Солярии > Солярии	да	39.0	46.0	39.0	46.0	7.0
