Уровень	Артикул_ВБ_или_Регион	Название	Индекс_локализации_%	КТР	Выкуп_%	Остаток_FBO	Остаток_FBS	Заказы_локально_шт	Заказы_локально_%	Заказы_нелокально_%
	Коротич	1.04	1.04	1		17739		15843	55.48	44.52
	Центральный					9160		8220	93.53	6.47
	437154709	ROUND LAB 1025 DOKDO CLEANSER_150ml	ROUND LAB 1025 DOKDO CLEANSER_150ml	A	91	291		1059	87.81	12.19
	868516027	Celimax Dual Barrier Creamy Toner	Celimax Dual Barrier Creamy Toner	A	90	420		1149	99.65	0.35
	168956391	FARMSTAY COLLAGEN&HYALURONIC ACID ALL-IN ONE AMPOULE	FARMSTAY COLLAGEN&HYALURONIC ACID ALL-IN ONE AMPOULE	A	96	198		606	100	
	238415286	ENOUGH - Collagen Moisture Essential Cream [50ml] N	ENOUGH - Collagen Moisture Essential Cream [50ml] N	A	96	521		438	98.87	1.13
	207472742	FARMSTAY - Black Garlic Nourishing Shampoo [530ml]	FARMSTAY - Black Garlic Nourishing Shampoo [530ml]	A	94	179		440	99.77	0.23
	551465879	CELIMAX THE VITA-A RETINOL SHOT TIGHTENING SERUM [30ml]	CELIMAX THE VITA-A RETINOL SHOT TIGHTENING SERUM [30ml]	A	91	228		271	100	
	151313163	Etude Baking Powder Crunch Pore Scrub	Etude Baking Powder Crunch Pore Scrub	A	95	149		228	100	
	169076150	FARMSTAY ESCARGOT NOBLESSE INTENSIVE CREAM	FARMSTAY ESCARGOT NOBLESSE INTENSIVE CREAM	A	97	263		174	82.86	17.14
	207482718	JIGOTT - Snail Lifting Cream [70ml]	JIGOTT - Snail Lifting Cream [70ml]	A	96	263		188	100	
	207476309	FARMSTAY Argan Oil Complete Volume Up Shampoo & Conditioner [530ml]	FARMSTAY Argan Oil Complete Volume Up Shampoo & Conditioner [530ml]	A	97	29		138	75.41	24.59
	150925321	Collagen_Enough_Moisture_Foundation_13	Collagen_Enough_Moisture_Foundation_13	A	95	13		173	97.19	2.81
	207469760	FARMSTAY - Gold Snail Premium Cream [50ml]	FARMSTAY - Gold Snail Premium Cream [50ml]	A	95	370		165	99.40	0.60
	207475898	FARMSTAY - Collagen Water Full Shampoo & Conditioner [530ml]	FARMSTAY - Collagen Water Full Shampoo & Conditioner [530ml]	A	98	134		143	92.86	7.14
	238358954	ENOUGH - Collagen 3in1 Sun Cream SPF50 PA++ [50ml] N	ENOUGH - Collagen 3in1 Sun Cream SPF50 PA++ [50ml] N	A	95	119		122	100	
	437242640	ROUND LAB MUGWORT CALMING CLEANSER_150ml	ROUND LAB MUGWORT CALMING CLEANSER_150ml	A	89	165		102	84.30	15.70
	333318356	ENOUGH - Collagen Moisture Sun Cream SPF50+ PA++++ [50ml] N2	ENOUGH - Collagen Moisture Sun Cream SPF50+ PA++++ [50ml] N2	A	97			3	2.70	97.30
	868761530	LANEIGE LIP SLEEPING MASK-BERRY [3g]	LANEIGE LIP SLEEPING MASK-BERRY [3g]	A	88	90		107	100	
	207796789	ENOUGH - Gold Snail Moisture Foundation [Tone 13]	ENOUGH - Gold Snail Moisture Foundation [Tone 13]	A	92	51		99	99	1
	207796563	ELIZAVECCA - Aqua Hyaluronic Acid Water Drop Cream	ELIZAVECCA - Aqua Hyaluronic Acid Water Drop Cream	A	96	93		74	83.15	16.85
	151175880	Petitfee Black Pearl & Gold hydrogel Eye Patch	Petitfee Black Pearl & Gold hydrogel Eye Patch	A	97	19		85	100	
	170198337	Enough 8 Peptide Full Cover Perfect Foundation 21 тон	Enough 8 Peptide Full Cover Perfect Foundation 21 тон	A	91	36		83	100	
	207466866	HEIMISH - Artless Glow Base SPF50+ [40ml]	HEIMISH - Artless Glow Base SPF50+ [40ml]	B	91	33		71	93.42	6.58
	214964091	JMSOLUTION - Mask Pack Disney	JMSOLUTION - Mask Pack Disney	A	91	79		73	100	
	419630142	FARMSTAY ESCARGOT NOBLESSE INTENSIVE AMPOULE	FARMSTAY ESCARGOT NOBLESSE INTENSIVE AMPOULE	A	93	95		71	100	
	207483179	JIGOTT - Snail Reparing Cream [100ml]	JIGOTT - Snail Reparing Cream [100ml]	A	96	27		70	100	
	212757456	JIGOTT - Daily Real Cica Toner [300ml]	JIGOTT - Daily Real Cica Toner [300ml]	A	93	68		66	98.51	1.49
	198156472	Manyo_Galac_Vita_Serum	Manyo_Galac_Vita_Serum	A	90	29		66	100	
	207477077	FARMSTAY - Collagen Water Full Moist Cream [100g]	FARMSTAY - Collagen Water Full Moist Cream [100g]	A	98	55		65	100	
	151175877	Petitfee Agave Cooling Hydrogel Eye Mask	Petitfee Agave Cooling Hydrogel Eye Mask	B	98	3		63	100	
	212889025	Enoughcollagenwhiteningcovertip01	Enoughcollagenwhiteningcovertip01	B	90	38		59	100	
	437254254	ROUND LAB SOYBEAN PANTHENOL CREAM_80ml	ROUND LAB SOYBEAN PANTHENOL CREAM_80ml	B	90	28		54	98.18	1.82
	198147185	Manyo_Complex_Ampoule	Manyo_Complex_Ampoule	A	97	111		52	100	
	170198109	Enough Rich Gold Double Wea Radiance Foundation 21 тон	Enough Rich Gold Double Wea Radiance Foundation 21 тон	B	96	85		51	100	
	170198180	Enough Rich Gold Double Wea Radiance Foundation 13 тон	Enough Rich Gold Double Wea Radiance Foundation 13 тон	A	91	67		39	79.59	20.41
	169198316	Etude House Baking Powder Pore Cleansing Foam 160 ml белая	Etude House Baking Powder Pore Cleansing Foam 160 ml белая	A	93			28	58.33	41.67
	214305722	DEOPROCE SHAMPOO+BALSAM - BLACK GARLIC[2000ml]	DEOPROCE SHAMPOO+BALSAM - BLACK GARLIC[2000ml]	B	94	65		45	100	
	226115141	PETITFEE - Gold & Snail Hydrogel Mask Pack [5pcs]	PETITFEE - Gold & Snail Hydrogel Mask Pack [5pcs]	B	94	53		45	100	
	150925322	Collagen_Enough_Moisture_Foundation_21	Collagen_Enough_Moisture_Foundation_21	B	93	322		42	100	
	208202076	EKEL Ampule Сream Сollagen [70ml]	EKEL Ampule Сream Сollagen [70ml]	B	98	79		42	100	
	207483780	JIGOTT - Birds Nest Firming Cream [70ml]	JIGOTT - Birds Nest Firming Cream [70ml]	B	99	25		41	100	
	207465786	HEIMISH - All Clean Balm Mandarin [120ml]	HEIMISH - All Clean Balm Mandarin [120ml]	B	97	78		40	100	
	212760119	JIGOTT - Ultimate Real Collagen Toner [300ml]	JIGOTT - Ultimate Real Collagen Toner [300ml]	B	98	103		38	100	
	190159348	Elizavecca 24k gold snail Cleansing Foam 180ml	Elizavecca 24k gold snail Cleansing Foam 180ml	B	97	31		37	100	
	198156698	Manyo_Pure_Cleansing_Oil	Manyo_Pure_Cleansing_Oil	B	92	48		31	86.11	13.89
	206057411	ELIZAVECCA_fruit_toner	ELIZAVECCA_fruit_toner	B	98	9		35	100	
	207796898	ENOUGH - Gold Snail Moisture Foundation [Tone 21]	ENOUGH - Gold Snail Moisture Foundation [Tone 21]	A	97	70		34	100	
	170198738	Enough 8 Peptide Full Cover Perfect Foundation 13 тон	Enough 8 Peptide Full Cover Perfect Foundation 13 тон	B	91			33	100	
	437190353	ROUND LAB BIRCH JUICE MOISTURIZING CREAM_80ml	ROUND LAB BIRCH JUICE MOISTURIZING CREAM_80ml	B	89	71		33	100	
	198143251	Manyo_Ampoule_Lotion	Manyo_Ampoule_Lotion	B	90			27	84.38	15.63
	212889027	Enoughcollagenwhiteningcovertip	Enoughcollagenwhiteningcovertip	B	81	39		32	100	
	170198876	Enough Collagen Foundation Cover Up Ultra X10 21 тон	Enough Collagen Foundation Cover Up Ultra X10 21 тон	B	93	29		31	100	
	179611207	Petitfee GOLD & SNAIL HYDROGEL EYE PATCH	Petitfee GOLD & SNAIL HYDROGEL EYE PATCH	B	98	12		24	77.42	22.58
	207796439	ELIZAVECCA - Natural 90% Olive Cleansing Oil	ELIZAVECCA - Natural 90% Olive Cleansing Oil	B	95			18	60	40
	226115324	PETITFEE - Agave Cooling Hydrogel Face Mask [5pcs]	PETITFEE - Agave Cooling Hydrogel Face Mask [5pcs]	A	96			23	79.31	20.69
	238416010	Enough Collagen Whitening Moisture Cream 3in1 50 N	Enough Collagen Whitening Moisture Cream 3in1 50 N	B	98	52		29	100	
	238413828	ENOUGH collagen moisture BB Cream SPF47 PA+++ N	ENOUGH collagen moisture BB Cream SPF47 PA+++ N	B	96	399		28	100	
	179611318	Petitfee Chamomile Lightening Hydrogel Eye Mask	Petitfee Chamomile Lightening Hydrogel Eye Mask	B	95	9		26	96.30	3.70
	151132051	ENOUGH COLLAGEN 3IN1 13	ENOUGH COLLAGEN 3IN1 13	B	90	15		21	80.77	19.23
	180988755	Petitfee B-Glucan Deep Firming Eye Mask	Petitfee B-Glucan Deep Firming Eye Mask	C	97	12		26	100	
	551607905	CELIMAX JI WOO GAE CICA BHA BLEMISH TONER PAD [170ml / 60pads]	CELIMAX JI WOO GAE CICA BHA BLEMISH TONER PAD [170ml / 60pads]	B	94	176		19	73.08	26.92
	868575374	MANYO BIFIDA COMPLEX AMPOULE GEL CLEANSER [400ml]	MANYO BIFIDA COMPLEX AMPOULE GEL CLEANSER [400ml]	B	94	68		26	100	
	226117746	PETITFEE - Chamomile Lightening Hydrogel Mask Pack [5pcs]	PETITFEE - Chamomile Lightening Hydrogel Mask Pack [5pcs]	B	97			11	44	56
	212885914	FARMSTAY - Collagen Water Full Moist Rolling Eye Serum [25ml]	FARMSTAY - Collagen Water Full Moist Rolling Eye Serum [25ml]	C	97	53		21	87.50	12.50
	207796350	ELIZAVECCA - CER-100  [100ml]	ELIZAVECCA - CER-100  [100ml]	C	93	162		23	100	
	437797551	ROUND LAB VITA NIACINAMIDE DARK SPOT SERUM 30ml	ROUND LAB VITA NIACINAMIDE DARK SPOT SERUM 30ml	B	89	27		21	95.45	4.55
	611747838	Collagen_Enough_Moisture_Foundation_23	Collagen_Enough_Moisture_Foundation_23	C	90	33		22	100	
	179611278	Petitfee Artichoke Soothing Hydrogel Eye Mask	Petitfee Artichoke Soothing Hydrogel Eye Mask	C	97	21		13	61.90	38.10
	207479264	EKEL Ampoule Cream Collagen [50ml]	EKEL Ampoule Cream Collagen [50ml]	B	98					100
	176944957	sBotW300	sBotW300	B	97	24		20	100	
	207481251	COSRX Advanced Snail 96 Mucin Power Essence [100ml]	COSRX Advanced Snail 96 Mucin Power Essence [100ml]	B	98	22		20	100	
	608841921	DEOPROCE SHAMPOO - BLACK GARLIC[200ml]	DEOPROCE SHAMPOO - BLACK GARLIC[200ml]	B	94	47		20	100	
	154159632	Baking Powder BB Deep Cleansing Foam 3в1 30	Baking Powder BB Deep Cleansing Foam 3в1 30	B	94	157		19	100	
	154160085	Etude Baking Powder Crunch Pore Scrub треугольники 30	Etude Baking Powder Crunch Pore Scrub треугольники 30	B	90	26		19	100	
	199427475	Dr.Jart_Teatreatment_Toner	Dr.Jart_Teatreatment_Toner	C	94	49		19	100	
	608624295	DEOPROCE SHAMPOO - BLACK GARLIC[600ml] с колпачком	DEOPROCE SHAMPOO - BLACK GARLIC[600ml] с колпачком	C	97	10		19	100	
	608837066	DEOPROCE SHAMPOO - BLACK GARLIC[600ml] без колпачка	DEOPROCE SHAMPOO - BLACK GARLIC[600ml] без колпачка	C	98	10		18	94.74	5.26
	212883090	JIGOTT - Aura Secret Hyaluronec Acid Toner [300ml]	JIGOTT - Aura Secret Hyaluronec Acid Toner [300ml]	B	91	23		18	100	
	868700077	MANYO BIFIDA INFUSION SHOT AMPOULE 1DX [50ml]	MANYO BIFIDA INFUSION SHOT AMPOULE 1DX [50ml]	B	86	35		18	100	
	226114935	PETITFEE - Gold Hydrogel Mask Pack [5pcs]	PETITFEE - Gold Hydrogel Mask Pack [5pcs]	B	100			13	76.47	23.53
	206126372	I'm Sorry for My Skin Крем Age Capture Vitalizer	I'm Sorry for My Skin Крем Age Capture Vitalizer	B	93	35		16	100	
	212889028	Enoughcollagenwhiteningcovertip03	Enoughcollagenwhiteningcovertip03	B	86	35		16	100	
	226114831	PETITFEE - Artichoke Soothing Hydrogel Face Mask [5pcs]	PETITFEE - Artichoke Soothing Hydrogel Face Mask [5pcs]	C	96			15	93.75	6.25
	226115478	PETITFEE - Black Pearl & Gold Hydrogel Mask Pack [5pcs]	PETITFEE - Black Pearl & Gold Hydrogel Mask Pack [5pcs]	C	100			13	81.25	18.75
	240311751	Робот мойщик окон sBot w250	Робот мойщик окон sBot w250	B	83			6	37.50	62.50
	179611231	Petitfee 98% Collagen & CoQ10 Hydro Gel Eye Patch	Petitfee 98% Collagen & CoQ10 Hydro Gel Eye Patch	C	100	17		15	100	
	207476777	FARMSTAY - Collagen Pure Cleansing Foam [180ml]	FARMSTAY - Collagen Pure Cleansing Foam [180ml]	C	94	91		15	100	
	208208674	Рация_UV-82 (1 шт)	Рация_UV-82 (1 шт)	C	77	97		15	100	
	212753217	JIGOTT - Collagen Healing Cream [100ml]	JIGOTT - Collagen Healing Cream [100ml]	C	97	7		13	86.67	13.33
	151132052	ENOUGH COLLAGEN 3IN1 21	ENOUGH COLLAGEN 3IN1 21	C	97	255		14	100	
	180711104	Petitfee GOLD	Petitfee GOLD	C	97	52		14	100	
	204258828	COSRX_Salicylic_Acid_Cleanser	COSRX_Salicylic_Acid_Cleanser	C	97	19		14	100	
	551387355	CELIMAX THE VITA-A RETINAL SHOT TIGHTENING BOOSTER [15ml]	CELIMAX THE VITA-A RETINAL SHOT TIGHTENING BOOSTER [15ml]	C	90	126		13	100	
	212759698	JIGOTT - Moisture Real Aloe Vera Toner [300ml]	JIGOTT - Moisture Real Aloe Vera Toner [300ml]	B	95			5	41.67	58.33
	214977901	JMSOLUTION - Mask Pack Black	JMSOLUTION - Mask Pack Black	C	90	119		12	100	
	307073881	ETUDE Baking Powder BB Deep Cleansing Foam 160 мл N	ETUDE Baking Powder BB Deep Cleansing Foam 160 мл N	C	92	29		11	91.67	8.33
	179611304	Petitfee Cacao Energizing Hydrogel Eye Patch	Petitfee Cacao Energizing Hydrogel Eye Patch	C	91	41		11	100	
	437776835	ROUND LAB PINE CALMING CICA AMPOULE_30ml	ROUND LAB PINE CALMING CICA AMPOULE_30ml	C	83	26		11	100	
	226115248	PETITFEE - Cacao Energizing Hydrogel Mask Pack [5pcs]	PETITFEE - Cacao Energizing Hydrogel Mask Pack [5pcs]	C	100			9	90	10
	551490295	CELIMAX PORE+DARK SPOT BRIGHTENING SERUM_10ml [10ml]	CELIMAX PORE+DARK SPOT BRIGHTENING SERUM_10ml [10ml]	C	94	39		10	100	
	180992464	PETITFEE Aura Quartz Hydrogel Eye Mask Pure Opal	PETITFEE Aura Quartz Hydrogel Eye Mask Pure Opal	C	95	15		9	100	
	210579932	LEBELAGE - Dr. Snail Derma Eye Cream [40ml]	LEBELAGE - Dr. Snail Derma Eye Cream [40ml]	C	96			9	100	
	551472457	CELIMAX THE REAL NONI ENERGY AMPOULE_30ML (NEW) [30ml]	CELIMAX THE REAL NONI ENERGY AMPOULE_30ML (NEW) [30ml]	C	97	43		9	100	
	551540924	CELIMAX PORE+DARK SPOT BRIGHTENING PAD [100ml / 40pads]	CELIMAX PORE+DARK SPOT BRIGHTENING PAD [100ml / 40pads]	C	79	178		7	77.78	22.22
	214312385	THE ORDINARY - Argireline Solution 10% [30ml]	THE ORDINARY - Argireline Solution 10% [30ml]	C	80	22		8	100	
	551600265	CELIMAX JI WOO GAE CICA BHA BLEMISH TONER PAD_10EA [30ml]	CELIMAX JI WOO GAE CICA BHA BLEMISH TONER PAD_10EA [30ml]	C	95	67		8	100	
	180987509	Petitfee Pink Vita Brightening Eye Mask	Petitfee Pink Vita Brightening Eye Mask	C	100	6		7	100	
	207818000	ISNTREE - Chestnut AHA 8% Clear Essence Sample [20ml]	ISNTREE - Chestnut AHA 8% Clear Essence Sample [20ml]	C	60	14		7	100	
	212719009	DR. JART - Cicapair Tiger Grass Color Correcting Treatment [50ml]	DR. JART - Cicapair Tiger Grass Color Correcting Treatment [50ml]	C	100	4		7	100	
	214304883	DEOPROCE - SNAIL RECOVERY CREAM [100g]	DEOPROCE - SNAIL RECOVERY CREAM [100g]	C	100	21		7	100	
	255574453	JIGOTT - MASK 15	JIGOTT - MASK 15	C	100	58		7	100	
	210575566	LEBELAGE - Dr. Peptide Derma Eye Cream [40ml]	LEBELAGE - Dr. Peptide Derma Eye Cream [40ml]	C	100	31		5	83.33	16.67
	214311963	SKIN1004 - Madagascar Centella Ampoule [30ml]	SKIN1004 - Madagascar Centella Ampoule [30ml]	C	86	13		6	100	
	180711041	Petitfee EGF	Petitfee EGF	C	100			5	100	
	248928046	SOME BY MI - AHA-BHA-PHA 30 Days Miracle Cleansing Bar [106g]	SOME BY MI - AHA-BHA-PHA 30 Days Miracle Cleansing Bar [106g]	C	86	31		4	100	
	248929125	SOME BY MI - AHA-BHA-PHA 30 Days Miracle Cream [60g]	SOME BY MI - AHA-BHA-PHA 30 Days Miracle Cream [60g]	C	92	19		4	100	
	437850261	ROUND LAB SOYBEAN CLEANSING OIL_200ml	ROUND LAB SOYBEAN CLEANSING OIL_200ml	C	67	25		4	100	
	611744611	ENOUGH Collagen whitening cover tip concealer #02	ENOUGH Collagen whitening cover tip concealer #02	C	100			4	100	
	100680843	sBotW120_100680843	sBotW120_100680843	B	100			2	66.67	33.33
	207818642	LEBELAGE - Dr. Hyaluronic Derma Eye Cream [40ml]	LEBELAGE - Dr. Hyaluronic Derma Eye Cream [40ml]	C	100	22		2	66.67	33.33
	551392965	CELIMAX DUAL BARRIER SKIN WEARABLE CREAM [50ml]	CELIMAX DUAL BARRIER SKIN WEARABLE CREAM [50ml]	C	100	69		3	100	
	551482493	CELIMAX PORE+DARK SPOT BRIGHTENING SERUM_30ml [30ml]	CELIMAX PORE+DARK SPOT BRIGHTENING SERUM_30ml [30ml]	C	75	35		3	100	
	174668134	Пистолет перкуссионный V1	Пистолет перкуссионный V1	C	80	50		2	100	
	180852804	Скалер белый v1	Скалер белый v1	C	67	41		2	100	
	183030830	HairSet/350/8*2	HairSet/350/8*2	C	100			2	100	
	190160008	Elizavecca Milky Piggy EGF elastic retinol [100ml]	Elizavecca Milky Piggy EGF elastic retinol [100ml]	C	75	14		2	100	
	198620596	Lamp_white_26cm	Lamp_white_26cm	C	71	1		1	50	50
	206058262	ELIZAVECCA_galactomyces_Ample	ELIZAVECCA_galactomyces_Ample	C	100	30		2	100	
	214305705	DEOPROCE SHAMPOO - ARGAN SILKY MOISTURE [1000ml]	DEOPROCE SHAMPOO - ARGAN SILKY MOISTURE [1000ml]	C	100			2	100	
	214312149	SKIN1004 - Madagascar Centella Hyalu-Cica Sleeping Pack [30ml]	SKIN1004 - Madagascar Centella Hyalu-Cica Sleeping Pack [30ml]	C	90	42		2	100	
	238358009	ENOUGH - Collagen Moisture Sun Cream SPF50+ PA++++ [50ml] N	ENOUGH - Collagen Moisture Sun Cream SPF50+ PA++++ [50ml] N	A	67			2	100	
	247275092	THE ORDINARY - Glycolic Acid 7% Toning Solution[KOR] [240ml]	THE ORDINARY - Glycolic Acid 7% Toning Solution[KOR] [240ml]	C	100	20		2	100	
	340752919	PETITFEE Black Pearl & Gold Hydrogel Eye Patch/Gold Hydrogel Eye Patch	PETITFEE Black Pearl & Gold Hydrogel Eye Patch/Gold Hydrogel Eye Patch	C	100	20		2	100	
	551616449	CELIMAX THE REAL NONI STARTER KIT (NEW) [30ml+10ml+10ml]	CELIMAX THE REAL NONI STARTER KIT (NEW) [30ml+10ml+10ml]	C	80	1				100
	48906308	dm7dm3	dm7dm3	C	100			1	100	
	154163936	Elizavecca Hell-Pore Control Hyaluronic Acid 97%	Elizavecca Hell-Pore Control Hyaluronic Acid 97%	C				1	100	
	165002270	ENOUGH collagen moisture BB Cream SPF47 PA+++ BB	ENOUGH collagen moisture BB Cream SPF47 PA+++ BB	C	100					100
	180852837	Триммер черный v1	Триммер черный v1	C	100	10		1	100	
	207817787	ISNTREE - Chestnut AHA 8% Clear Essence [100ml]	ISNTREE - Chestnut AHA 8% Clear Essence [100ml]	C	100	6		1	100	
	236825103	JMSOLUTION-Marine Luminous Pearl Deep Moisture Mask Pearl [1/2/3]*[10ea]	JMSOLUTION-Marine Luminous Pearl Deep Moisture Mask Pearl [1/2/3]*[10ea]	C	100	15		1	100	
	437845041	ROUND LAB VITA NIACINAMIDE DARK SPOT CREAM 50ml	ROUND LAB VITA NIACINAMIDE DARK SPOT CREAM 50ml	B	100			1	100	
	551447345	CELIMAX PORE+DARK SPOT BRIGHTENING CREAM [35ml]	CELIMAX PORE+DARK SPOT BRIGHTENING CREAM [35ml]	C	100	58		1	100	
	551518955	CELIMAX THE REAL NONI MOISTURE BALANCING TONER (NEW) [150ml]	CELIMAX THE REAL NONI MOISTURE BALANCING TONER (NEW) [150ml]	C	100	20		1	100	
	555204573	dm7dm3-45	dm7dm3-45	C	100			1	100	
	212720615	ISNTREE - Onion Newpair Gel Cream [50ml]	ISNTREE - Onion Newpair Gel Cream [50ml]	C	100	38				
	315688951	Триммер Золото	Триммер Золото	C	100	2				
	611745490	ENOUGH Collagen whitening cover tip concealer #03	ENOUGH Collagen whitening cover tip concealer #03	C	100	13				
	663654300	videokamera4gneww	videokamera4gneww	C	100	43				
	1119249556	VT PDRN Essence 100	VT PDRN Essence 100	C	100	13				
	1123494802	VT Reedle Shot	VT Reedle Shot	C	100	19				
	1123574113	Round Lab 1025 Dokdo Toner	Round Lab 1025 Dokdo Toner	C	100	18				
	1152680017	CELIMAX THE VITA-A RETINAL SHOT TIGHTENING BOOSTER	CELIMAX THE VITA-A RETINAL SHOT TIGHTENING BOOSTER	C	100	78				
	1175175447	PETITFEE MASK 6	PETITFEE MASK 6	C	100	44				
	1177994944	PETITFEE MASK 5	PETITFEE MASK 5	C	100	50				
	1177994945	PETITFEE MASK 7	PETITFEE MASK 7	C	100	40				
	Южный и Северо-Кавказский					1891		3744	62.95	37.05
	437154709	ROUND LAB 1025 DOKDO CLEANSER_150ml	ROUND LAB 1025 DOKDO CLEANSER_150ml	A	91			294	28.94	71.06
	868516027	Celimax Dual Barrier Creamy Toner	Celimax Dual Barrier Creamy Toner	A	90	10		456	45.74	54.26
	168956391	FARMSTAY COLLAGEN&HYALURONIC ACID ALL-IN ONE AMPOULE	FARMSTAY COLLAGEN&HYALURONIC ACID ALL-IN ONE AMPOULE	A	96			326	79.71	20.29
	238415286	ENOUGH - Collagen Moisture Essential Cream [50ml] N	ENOUGH - Collagen Moisture Essential Cream [50ml] N	A	96	203		213	99.07	0.93
	551465879	CELIMAX THE VITA-A RETINOL SHOT TIGHTENING SERUM [30ml]	CELIMAX THE VITA-A RETINOL SHOT TIGHTENING SERUM [30ml]	A	91			181	90.50	9.50
	207472742	FARMSTAY - Black Garlic Nourishing Shampoo [530ml]	FARMSTAY - Black Garlic Nourishing Shampoo [530ml]	A	94			185	93.43	6.57
	151313163	Etude Baking Powder Crunch Pore Scrub	Etude Baking Powder Crunch Pore Scrub	A	95			152	92.68	7.32
	238358954	ENOUGH - Collagen 3in1 Sun Cream SPF50 PA++ [50ml] N	ENOUGH - Collagen 3in1 Sun Cream SPF50 PA++ [50ml] N	A	95			97	59.15	40.85
	150925321	Collagen_Enough_Moisture_Foundation_13	Collagen_Enough_Moisture_Foundation_13	A	95	177		140	100	
	333318356	ENOUGH - Collagen Moisture Sun Cream SPF50+ PA++++ [50ml] N2	ENOUGH - Collagen Moisture Sun Cream SPF50+ PA++++ [50ml] N2	A	97			5	4.17	95.83
	207482718	JIGOTT - Snail Lifting Cream [70ml]	JIGOTT - Snail Lifting Cream [70ml]	A	96	11		118	100	
	437242640	ROUND LAB MUGWORT CALMING CLEANSER_150ml	ROUND LAB MUGWORT CALMING CLEANSER_150ml	A	89			75	76.53	23.47
	169076150	FARMSTAY ESCARGOT NOBLESSE INTENSIVE CREAM	FARMSTAY ESCARGOT NOBLESSE INTENSIVE CREAM	A	97			39	40.63	59.38
	207469760	FARMSTAY - Gold Snail Premium Cream [50ml]	FARMSTAY - Gold Snail Premium Cream [50ml]	A	95			67	77.01	22.99
	207475898	FARMSTAY - Collagen Water Full Shampoo & Conditioner [530ml]	FARMSTAY - Collagen Water Full Shampoo & Conditioner [530ml]	A	98	9		76	100	
	207476309	FARMSTAY Argan Oil Complete Volume Up Shampoo & Conditioner [530ml]	FARMSTAY Argan Oil Complete Volume Up Shampoo & Conditioner [530ml]	A	97			28	39.44	60.56
	207796789	ENOUGH - Gold Snail Moisture Foundation [Tone 13]	ENOUGH - Gold Snail Moisture Foundation [Tone 13]	A	92	1		45	63.38	36.62
	170198337	Enough 8 Peptide Full Cover Perfect Foundation 21 тон	Enough 8 Peptide Full Cover Perfect Foundation 21 тон	A	91			35	53.03	46.97
	198156472	Manyo_Galac_Vita_Serum	Manyo_Galac_Vita_Serum	A	90			35	55.56	44.44
	207466866	HEIMISH - Artless Glow Base SPF50+ [40ml]	HEIMISH - Artless Glow Base SPF50+ [40ml]	B	91			41	73.21	26.79
	170198109	Enough Rich Gold Double Wea Radiance Foundation 21 тон	Enough Rich Gold Double Wea Radiance Foundation 21 тон	B	96			23	47.92	52.08
	238416010	Enough Collagen Whitening Moisture Cream 3in1 50 N	Enough Collagen Whitening Moisture Cream 3in1 50 N	B	98			30	62.50	37.50
	207796563	ELIZAVECCA - Aqua Hyaluronic Acid Water Drop Cream	ELIZAVECCA - Aqua Hyaluronic Acid Water Drop Cream	A	96			13	29.55	70.45
	419630142	FARMSTAY ESCARGOT NOBLESSE INTENSIVE AMPOULE	FARMSTAY ESCARGOT NOBLESSE INTENSIVE AMPOULE	A	93			39	88.64	11.36
	207477077	FARMSTAY - Collagen Water Full Moist Cream [100g]	FARMSTAY - Collagen Water Full Moist Cream [100g]	A	98	52		43	100	
	212757456	JIGOTT - Daily Real Cica Toner [300ml]	JIGOTT - Daily Real Cica Toner [300ml]	A	93			26	61.90	38.10
	212889025	Enoughcollagenwhiteningcovertip01	Enoughcollagenwhiteningcovertip01	B	90	10		42	100	
	170198180	Enough Rich Gold Double Wea Radiance Foundation 13 тон	Enough Rich Gold Double Wea Radiance Foundation 13 тон	A	91			25	62.50	37.50
	868761530	LANEIGE LIP SLEEPING MASK-BERRY [3g]	LANEIGE LIP SLEEPING MASK-BERRY [3g]	A	88	9		37	92.50	7.50
	214964091	JMSOLUTION - Mask Pack Disney	JMSOLUTION - Mask Pack Disney	A	91			25	65.79	34.21
	151132051	ENOUGH COLLAGEN 3IN1 13	ENOUGH COLLAGEN 3IN1 13	B	90	16		19	57.58	42.42
	170198738	Enough 8 Peptide Full Cover Perfect Foundation 13 тон	Enough 8 Peptide Full Cover Perfect Foundation 13 тон	B	91			23	69.70	30.30
	169198316	Etude House Baking Powder Pore Cleansing Foam 160 ml белая	Etude House Baking Powder Pore Cleansing Foam 160 ml белая	A	93	10		32	100	
	198143251	Manyo_Ampoule_Lotion	Manyo_Ampoule_Lotion	B	90			16	50	50
	198156698	Manyo_Pure_Cleansing_Oil	Manyo_Pure_Cleansing_Oil	B	92			27	84.38	15.63
	170198876	Enough Collagen Foundation Cover Up Ultra X10 21 тон	Enough Collagen Foundation Cover Up Ultra X10 21 тон	B	93					100
	207483179	JIGOTT - Snail Reparing Cream [100ml]	JIGOTT - Snail Reparing Cream [100ml]	A	96			24	82.76	17.24
	437254254	ROUND LAB SOYBEAN PANTHENOL CREAM_80ml	ROUND LAB SOYBEAN PANTHENOL CREAM_80ml	B	90	3		29	100	
	868575374	MANYO BIFIDA COMPLEX AMPOULE GEL CLEANSER [400ml]	MANYO BIFIDA COMPLEX AMPOULE GEL CLEANSER [400ml]	B	94	3		29	100	
	198147185	Manyo_Complex_Ampoule	Manyo_Complex_Ampoule	A	97	3		28	100	
	151175877	Petitfee Agave Cooling Hydrogel Eye Mask	Petitfee Agave Cooling Hydrogel Eye Mask	B	98			23	85.19	14.81
	151175880	Petitfee Black Pearl & Gold hydrogel Eye Patch	Petitfee Black Pearl & Gold hydrogel Eye Patch	A	97	12		26	96.30	3.70
	207465786	HEIMISH - All Clean Balm Mandarin [120ml]	HEIMISH - All Clean Balm Mandarin [120ml]	B	97	18		26	100	
	238413828	ENOUGH collagen moisture BB Cream SPF47 PA+++ N	ENOUGH collagen moisture BB Cream SPF47 PA+++ N	B	96	141		26	100	
	551607905	CELIMAX JI WOO GAE CICA BHA BLEMISH TONER PAD [170ml / 60pads]	CELIMAX JI WOO GAE CICA BHA BLEMISH TONER PAD [170ml / 60pads]	B	94	1		14	53.85	46.15
	212889027	Enoughcollagenwhiteningcovertip	Enoughcollagenwhiteningcovertip	B	81	12		18	75	25
	437797551	ROUND LAB VITA NIACINAMIDE DARK SPOT SERUM 30ml	ROUND LAB VITA NIACINAMIDE DARK SPOT SERUM 30ml	B	89	62		22	100	
	206057411	ELIZAVECCA_fruit_toner	ELIZAVECCA_fruit_toner	B	98	10		21	100	
	437190353	ROUND LAB BIRCH JUICE MOISTURIZING CREAM_80ml	ROUND LAB BIRCH JUICE MOISTURIZING CREAM_80ml	B	89	26		20	100	
	207483780	JIGOTT - Birds Nest Firming Cream [70ml]	JIGOTT - Birds Nest Firming Cream [70ml]	B	99	21		19	100	
	207796898	ENOUGH - Gold Snail Moisture Foundation [Tone 21]	ENOUGH - Gold Snail Moisture Foundation [Tone 21]	A	97			1	5.26	94.74
	208202076	EKEL Ampule Сream Сollagen [70ml]	EKEL Ampule Сream Сollagen [70ml]	B	98	45		19	100	
	150925322	Collagen_Enough_Moisture_Foundation_21	Collagen_Enough_Moisture_Foundation_21	B	93	36		18	100	
	214305722	DEOPROCE SHAMPOO+BALSAM - BLACK GARLIC[2000ml]	DEOPROCE SHAMPOO+BALSAM - BLACK GARLIC[2000ml]	B	94			3	17.65	82.35
	154160085	Etude Baking Powder Crunch Pore Scrub треугольники 30	Etude Baking Powder Crunch Pore Scrub треугольники 30	B	90	5		16	100	
	212760119	JIGOTT - Ultimate Real Collagen Toner [300ml]	JIGOTT - Ultimate Real Collagen Toner [300ml]	B	98	3		15	93.75	6.25
	190159348	Elizavecca 24k gold snail Cleansing Foam 180ml	Elizavecca 24k gold snail Cleansing Foam 180ml	B	97	62		15	100	
	226115324	PETITFEE - Agave Cooling Hydrogel Face Mask [5pcs]	PETITFEE - Agave Cooling Hydrogel Face Mask [5pcs]	A	96			2	13.33	86.67
	207796439	ELIZAVECCA - Natural 90% Olive Cleansing Oil	ELIZAVECCA - Natural 90% Olive Cleansing Oil	B	95			5	35.71	64.29
	212889028	Enoughcollagenwhiteningcovertip03	Enoughcollagenwhiteningcovertip03	B	86	15		14	100	
	611747838	Collagen_Enough_Moisture_Foundation_23	Collagen_Enough_Moisture_Foundation_23	C	90	25		14	100	
	154159632	Baking Powder BB Deep Cleansing Foam 3в1 30	Baking Powder BB Deep Cleansing Foam 3в1 30	B	94	5		13	100	
	212759698	JIGOTT - Moisture Real Aloe Vera Toner [300ml]	JIGOTT - Moisture Real Aloe Vera Toner [300ml]	B	95			9	69.23	30.77
	226117746	PETITFEE - Chamomile Lightening Hydrogel Mask Pack [5pcs]	PETITFEE - Chamomile Lightening Hydrogel Mask Pack [5pcs]	B	97			6	46.15	53.85
	551387355	CELIMAX THE VITA-A RETINAL SHOT TIGHTENING BOOSTER [15ml]	CELIMAX THE VITA-A RETINAL SHOT TIGHTENING BOOSTER [15ml]	C	90	71		12	100	
	207481251	COSRX Advanced Snail 96 Mucin Power Essence [100ml]	COSRX Advanced Snail 96 Mucin Power Essence [100ml]	B	98					100
	437776835	ROUND LAB PINE CALMING CICA AMPOULE_30ml	ROUND LAB PINE CALMING CICA AMPOULE_30ml	C	83	4		11	100	
	551600265	CELIMAX JI WOO GAE CICA BHA BLEMISH TONER PAD_10EA [30ml]	CELIMAX JI WOO GAE CICA BHA BLEMISH TONER PAD_10EA [30ml]	C	95			10	90.91	9.09
	199427475	Dr.Jart_Teatreatment_Toner	Dr.Jart_Teatreatment_Toner	C	94			6	60	40
	212753217	JIGOTT - Collagen Healing Cream [100ml]	JIGOTT - Collagen Healing Cream [100ml]	C	97	4		10	100	
	608837066	DEOPROCE SHAMPOO - BLACK GARLIC[600ml] без колпачка	DEOPROCE SHAMPOO - BLACK GARLIC[600ml] без колпачка	C	98			9	90	10
	608841921	DEOPROCE SHAMPOO - BLACK GARLIC[200ml]	DEOPROCE SHAMPOO - BLACK GARLIC[200ml]	B	94	5		10	100	
	179611207	Petitfee GOLD & SNAIL HYDROGEL EYE PATCH	Petitfee GOLD & SNAIL HYDROGEL EYE PATCH	B	98			2	22.22	77.78
	179611278	Petitfee Artichoke Soothing Hydrogel Eye Mask	Petitfee Artichoke Soothing Hydrogel Eye Mask	C	97	52		9	100	
	204258828	COSRX_Salicylic_Acid_Cleanser	COSRX_Salicylic_Acid_Cleanser	C	97			4	44.44	55.56
	206126372	I'm Sorry for My Skin Крем Age Capture Vitalizer	I'm Sorry for My Skin Крем Age Capture Vitalizer	B	93	16		9	100	
	208208674	Рация_UV-82 (1 шт)	Рация_UV-82 (1 шт)	C	77			1	11.11	88.89
	212883090	JIGOTT - Aura Secret Hyaluronec Acid Toner [300ml]	JIGOTT - Aura Secret Hyaluronec Acid Toner [300ml]	B	91	51		9	100	
	212885914	FARMSTAY - Collagen Water Full Moist Rolling Eye Serum [25ml]	FARMSTAY - Collagen Water Full Moist Rolling Eye Serum [25ml]	C	97	26		8	88.89	11.11
	210579932	LEBELAGE - Dr. Snail Derma Eye Cream [40ml]	LEBELAGE - Dr. Snail Derma Eye Cream [40ml]	C	96					100
	212719009	DR. JART - Cicapair Tiger Grass Color Correcting Treatment [50ml]	DR. JART - Cicapair Tiger Grass Color Correcting Treatment [50ml]	C	100					100
	226115141	PETITFEE - Gold & Snail Hydrogel Mask Pack [5pcs]	PETITFEE - Gold & Snail Hydrogel Mask Pack [5pcs]	B	94	1		7	100	
	551472457	CELIMAX THE REAL NONI ENERGY AMPOULE_30ML (NEW) [30ml]	CELIMAX THE REAL NONI ENERGY AMPOULE_30ML (NEW) [30ml]	C	97	8		7	100	
	608624295	DEOPROCE SHAMPOO - BLACK GARLIC[600ml] с колпачком	DEOPROCE SHAMPOO - BLACK GARLIC[600ml] с колпачком	C	97	14		6	85.71	14.29
	151132052	ENOUGH COLLAGEN 3IN1 21	ENOUGH COLLAGEN 3IN1 21	C	97	4		6	100	
	179611318	Petitfee Chamomile Lightening Hydrogel Eye Mask	Petitfee Chamomile Lightening Hydrogel Eye Mask	B	95	5		6	100	
	180711104	Petitfee GOLD	Petitfee GOLD	C	97	16		4	66.67	33.33
	207476777	FARMSTAY - Collagen Pure Cleansing Foam [180ml]	FARMSTAY - Collagen Pure Cleansing Foam [180ml]	C	94	69		6	100	
	214312149	SKIN1004 - Madagascar Centella Hyalu-Cica Sleeping Pack [30ml]	SKIN1004 - Madagascar Centella Hyalu-Cica Sleeping Pack [30ml]	C	90	4		5	83.33	16.67
	226114935	PETITFEE - Gold Hydrogel Mask Pack [5pcs]	PETITFEE - Gold Hydrogel Mask Pack [5pcs]	B	100					100
	238359400	LEBELAGE - High Protection Extreme Sun Cream SPF50+ PA++ [30ml] N	LEBELAGE - High Protection Extreme Sun Cream SPF50+ PA++ [30ml] N	A	82			2	33.33	66.67
	551540924	CELIMAX PORE+DARK SPOT BRIGHTENING PAD [100ml / 40pads]	CELIMAX PORE+DARK SPOT BRIGHTENING PAD [100ml / 40pads]	C	79	7		5	83.33	16.67
	207479264	EKEL Ampoule Cream Collagen [50ml]	EKEL Ampoule Cream Collagen [50ml]	B	98					100
	210575566	LEBELAGE - Dr. Peptide Derma Eye Cream [40ml]	LEBELAGE - Dr. Peptide Derma Eye Cream [40ml]	C	100	5		5	100	
	214304883	DEOPROCE - SNAIL RECOVERY CREAM [100g]	DEOPROCE - SNAIL RECOVERY CREAM [100g]	C	100	3		5	100	
	214977901	JMSOLUTION - Mask Pack Black	JMSOLUTION - Mask Pack Black	C	90	40		5	100	
	255574453	JIGOTT - MASK 15	JIGOTT - MASK 15	C	100	37		5	100	
	868700077	MANYO BIFIDA INFUSION SHOT AMPOULE 1DX [50ml]	MANYO BIFIDA INFUSION SHOT AMPOULE 1DX [50ml]	B	86	15		5	100	
	179611231	Petitfee 98% Collagen & CoQ10 Hydro Gel Eye Patch	Petitfee 98% Collagen & CoQ10 Hydro Gel Eye Patch	C	100	3		4	100	
	179611304	Petitfee Cacao Energizing Hydrogel Eye Patch	Petitfee Cacao Energizing Hydrogel Eye Patch	C	91	54		4	100	
	180987509	Petitfee Pink Vita Brightening Eye Mask	Petitfee Pink Vita Brightening Eye Mask	C	100	5		4	100	
	307073881	ETUDE Baking Powder BB Deep Cleansing Foam 160 мл N	ETUDE Baking Powder BB Deep Cleansing Foam 160 мл N	C	92	6		4	100	
	176944957	sBotW300	sBotW300	B	97	27		3	100	
	180988755	Petitfee B-Glucan Deep Firming Eye Mask	Petitfee B-Glucan Deep Firming Eye Mask	C	97	28		3	100	
	180992464	PETITFEE Aura Quartz Hydrogel Eye Mask Pure Opal	PETITFEE Aura Quartz Hydrogel Eye Mask Pure Opal	C	95	13		3	100	
	207818000	ISNTREE - Chestnut AHA 8% Clear Essence Sample [20ml]	ISNTREE - Chestnut AHA 8% Clear Essence Sample [20ml]	C	60	7		3	100	
	226115248	PETITFEE - Cacao Energizing Hydrogel Mask Pack [5pcs]	PETITFEE - Cacao Energizing Hydrogel Mask Pack [5pcs]	C	100					100
	180852837	Триммер черный v1	Триммер черный v1	C	100	2		2	100	
	183030830	HairSet/350/8*2	HairSet/350/8*2	C	100	2		2	100	
	207796350	ELIZAVECCA - CER-100  [100ml]	ELIZAVECCA - CER-100  [100ml]	C	93	32		2	100	
	207818642	LEBELAGE - Dr. Hyaluronic Derma Eye Cream [40ml]	LEBELAGE - Dr. Hyaluronic Derma Eye Cream [40ml]	C	100	11		2	100	
	214311963	SKIN1004 - Madagascar Centella Ampoule [30ml]	SKIN1004 - Madagascar Centella Ampoule [30ml]	C	86	18		2	100	
	240311751	Робот мойщик окон sBot w250	Робот мойщик окон sBot w250	B	83			2	100	
	248929125	SOME BY MI - AHA-BHA-PHA 30 Days Miracle Cream [60g]	SOME BY MI - AHA-BHA-PHA 30 Days Miracle Cream [60g]	C	92					100
	437850261	ROUND LAB SOYBEAN CLEANSING OIL_200ml	ROUND LAB SOYBEAN CLEANSING OIL_200ml	C	67	1		1	50	50
	551447345	CELIMAX PORE+DARK SPOT BRIGHTENING CREAM [35ml]	CELIMAX PORE+DARK SPOT BRIGHTENING CREAM [35ml]	C	100	37		2	100	
	551490295	CELIMAX PORE+DARK SPOT BRIGHTENING SERUM_10ml [10ml]	CELIMAX PORE+DARK SPOT BRIGHTENING SERUM_10ml [10ml]	C	94			1	50	50
	611744611	ENOUGH Collagen whitening cover tip concealer #02	ENOUGH Collagen whitening cover tip concealer #02	C	100	7		2	100	
	104590122	dm7dm11	dm7dm11	C	100					100
	170198835	Enough Collagen Foundation Cover Up Ultra X10 13 тон	Enough Collagen Foundation Cover Up Ultra X10 13 тон	B	100					100
	174668134	Пистолет перкуссионный V1	Пистолет перкуссионный V1	C	80	1		1	100	
	180852804	Скалер белый v1	Скалер белый v1	C	67	42		1	100	
	198620596	Lamp_white_26cm	Lamp_white_26cm	C	71			1	100	
	199367159	Dr.Jart_Dermaclear_Micro_Foam	Dr.Jart_Dermaclear_Micro_Foam	C	100					100
	205054338	manyo_bifida_biome_toner	manyo_bifida_biome_toner	C	100	1				100
	206135397	I'm Sorry For My Skin Age Capture Hydrating	I'm Sorry For My Skin Age Capture Hydrating	C	100					100
	214312385	THE ORDINARY - Argireline Solution 10% [30ml]	THE ORDINARY - Argireline Solution 10% [30ml]	C	80					100
	226114831	PETITFEE - Artichoke Soothing Hydrogel Face Mask [5pcs]	PETITFEE - Artichoke Soothing Hydrogel Face Mask [5pcs]	C	96					100
	236825103	JMSOLUTION-Marine Luminous Pearl Deep Moisture Mask Pearl [1/2/3]*[10ea]	JMSOLUTION-Marine Luminous Pearl Deep Moisture Mask Pearl [1/2/3]*[10ea]	C	100	29		1	100	
	238358009	ENOUGH - Collagen Moisture Sun Cream SPF50+ PA++++ [50ml] N	ENOUGH - Collagen Moisture Sun Cream SPF50+ PA++++ [50ml] N	A	67					100
	247275092	THE ORDINARY - Glycolic Acid 7% Toning Solution[KOR] [240ml]	THE ORDINARY - Glycolic Acid 7% Toning Solution[KOR] [240ml]	C	100	5		1	100	
	333321028	ELIZAVECCA - Milky Piggy Hell-Pore Clean Up Enzyme Powder Wash2	ELIZAVECCA - Milky Piggy Hell-Pore Clean Up Enzyme Powder Wash2	C	100					100
	437845041	ROUND LAB VITA NIACINAMIDE DARK SPOT CREAM 50ml	ROUND LAB VITA NIACINAMIDE DARK SPOT CREAM 50ml	B	100					100
	551482493	CELIMAX PORE+DARK SPOT BRIGHTENING SERUM_30ml [30ml]	CELIMAX PORE+DARK SPOT BRIGHTENING SERUM_30ml [30ml]	C	75	1		1	100	
	551616449	CELIMAX THE REAL NONI STARTER KIT (NEW) [30ml+10ml+10ml]	CELIMAX THE REAL NONI STARTER KIT (NEW) [30ml+10ml+10ml]	C	80					100
	103431353	dm7dm9	dm7dm9	C	100	1				
	180711041	Petitfee EGF	Petitfee EGF	C	100	21				
	190160008	Elizavecca Milky Piggy EGF elastic retinol [100ml]	Elizavecca Milky Piggy EGF elastic retinol [100ml]	C	75	2				
	206058262	ELIZAVECCA_galactomyces_Ample	ELIZAVECCA_galactomyces_Ample	C	100	5				
	248928046	SOME BY MI - AHA-BHA-PHA 30 Days Miracle Cleansing Bar [106g]	SOME BY MI - AHA-BHA-PHA 30 Days Miracle Cleansing Bar [106g]	C	86	3				
	315688951	Триммер Золото	Триммер Золото	C	100	3				
	551392965	CELIMAX DUAL BARRIER SKIN WEARABLE CREAM [50ml]	CELIMAX DUAL BARRIER SKIN WEARABLE CREAM [50ml]	C	100	16				
	551518955	CELIMAX THE REAL NONI MOISTURE BALANCING TONER (NEW) [150ml]	CELIMAX THE REAL NONI MOISTURE BALANCING TONER (NEW) [150ml]	C	100	19				
	611745490	ENOUGH Collagen whitening cover tip concealer #03	ENOUGH Collagen whitening cover tip concealer #03	C	100	10				
	663654300	videokamera4gneww	videokamera4gneww	C	100	6				
	Дальневосточный и Сибирский							58	1.32	98.68
	437154709	ROUND LAB 1025 DOKDO CLEANSER_150ml	ROUND LAB 1025 DOKDO CLEANSER_150ml	A	91			17	2.15	97.85
	868516027	Celimax Dual Barrier Creamy Toner	Celimax Dual Barrier Creamy Toner	A	90			13	2.44	97.56
	168956391	FARMSTAY COLLAGEN&HYALURONIC ACID ALL-IN ONE AMPOULE	FARMSTAY COLLAGEN&HYALURONIC ACID ALL-IN ONE AMPOULE	A	96			2	0.63	99.37
	238415286	ENOUGH - Collagen Moisture Essential Cream [50ml] N	ENOUGH - Collagen Moisture Essential Cream [50ml] N	A	96					100
	551465879	CELIMAX THE VITA-A RETINOL SHOT TIGHTENING SERUM [30ml]	CELIMAX THE VITA-A RETINOL SHOT TIGHTENING SERUM [30ml]	A	91			5	2.87	97.13
	207472742	FARMSTAY - Black Garlic Nourishing Shampoo [530ml]	FARMSTAY - Black Garlic Nourishing Shampoo [530ml]	A	94			2	1.19	98.81
	151313163	Etude Baking Powder Crunch Pore Scrub	Etude Baking Powder Crunch Pore Scrub	A	95			3	1.96	98.04
	207482718	JIGOTT - Snail Lifting Cream [70ml]	JIGOTT - Snail Lifting Cream [70ml]	A	96			2	1.80	98.20
	150925321	Collagen_Enough_Moisture_Foundation_13	Collagen_Enough_Moisture_Foundation_13	A	95					100
	169076150	FARMSTAY ESCARGOT NOBLESSE INTENSIVE CREAM	FARMSTAY ESCARGOT NOBLESSE INTENSIVE CREAM	A	97			1	1.23	98.77
	207469760	FARMSTAY - Gold Snail Premium Cream [50ml]	FARMSTAY - Gold Snail Premium Cream [50ml]	A	95			1	1.39	98.61
	437242640	ROUND LAB MUGWORT CALMING CLEANSER_150ml	ROUND LAB MUGWORT CALMING CLEANSER_150ml	A	89			2	2.82	97.18
	207476309	FARMSTAY Argan Oil Complete Volume Up Shampoo & Conditioner [530ml]	FARMSTAY Argan Oil Complete Volume Up Shampoo & Conditioner [530ml]	A	97					100
	238358954	ENOUGH - Collagen 3in1 Sun Cream SPF50 PA++ [50ml] N	ENOUGH - Collagen 3in1 Sun Cream SPF50 PA++ [50ml] N	A	95			1	1.56	98.44
	333318356	ENOUGH - Collagen Moisture Sun Cream SPF50+ PA++++ [50ml] N2	ENOUGH - Collagen Moisture Sun Cream SPF50+ PA++++ [50ml] N2	A	97					100
	170198337	Enough 8 Peptide Full Cover Perfect Foundation 21 тон	Enough 8 Peptide Full Cover Perfect Foundation 21 тон	A	91					100
	207796789	ENOUGH - Gold Snail Moisture Foundation [Tone 13]	ENOUGH - Gold Snail Moisture Foundation [Tone 13]	A	92					100
	419630142	FARMSTAY ESCARGOT NOBLESSE INTENSIVE AMPOULE	FARMSTAY ESCARGOT NOBLESSE INTENSIVE AMPOULE	A	93			1	2.33	97.67
	207475898	FARMSTAY - Collagen Water Full Shampoo & Conditioner [530ml]	FARMSTAY - Collagen Water Full Shampoo & Conditioner [530ml]	A	98					100
	868761530	LANEIGE LIP SLEEPING MASK-BERRY [3g]	LANEIGE LIP SLEEPING MASK-BERRY [3g]	A	88			2	4.76	95.24
	207477077	FARMSTAY - Collagen Water Full Moist Cream [100g]	FARMSTAY - Collagen Water Full Moist Cream [100g]	A	98					100
	207796563	ELIZAVECCA - Aqua Hyaluronic Acid Water Drop Cream	ELIZAVECCA - Aqua Hyaluronic Acid Water Drop Cream	A	96					100
	169198316	Etude House Baking Powder Pore Cleansing Foam 160 ml белая	Etude House Baking Powder Pore Cleansing Foam 160 ml белая	A	93					100
	212757456	JIGOTT - Daily Real Cica Toner [300ml]	JIGOTT - Daily Real Cica Toner [300ml]	A	93			1	2.78	97.22
	207483179	JIGOTT - Snail Reparing Cream [100ml]	JIGOTT - Snail Reparing Cream [100ml]	A	96			1	2.86	97.14
	170198109	Enough Rich Gold Double Wea Radiance Foundation 21 тон	Enough Rich Gold Double Wea Radiance Foundation 21 тон	B	96					100
	198156472	Manyo_Galac_Vita_Serum	Manyo_Galac_Vita_Serum	A	90			3	9.09	90.91
	150925322	Collagen_Enough_Moisture_Foundation_21	Collagen_Enough_Moisture_Foundation_21	B	93					100
	207466866	HEIMISH - Artless Glow Base SPF50+ [40ml]	HEIMISH - Artless Glow Base SPF50+ [40ml]	B	91					100
	238416010	Enough Collagen Whitening Moisture Cream 3in1 50 N	Enough Collagen Whitening Moisture Cream 3in1 50 N	B	98					100
	437254254	ROUND LAB SOYBEAN PANTHENOL CREAM_80ml	ROUND LAB SOYBEAN PANTHENOL CREAM_80ml	B	90					100
	207796898	ENOUGH - Gold Snail Moisture Foundation [Tone 21]	ENOUGH - Gold Snail Moisture Foundation [Tone 21]	A	97					100
	170198180	Enough Rich Gold Double Wea Radiance Foundation 13 тон	Enough Rich Gold Double Wea Radiance Foundation 13 тон	A	91					100
	198147185	Manyo_Complex_Ampoule	Manyo_Complex_Ampoule	A	97					100
	212760119	JIGOTT - Ultimate Real Collagen Toner [300ml]	JIGOTT - Ultimate Real Collagen Toner [300ml]	B	98					100
	212889025	Enoughcollagenwhiteningcovertip01	Enoughcollagenwhiteningcovertip01	B	90					100
	214305722	DEOPROCE SHAMPOO+BALSAM - BLACK GARLIC[2000ml]	DEOPROCE SHAMPOO+BALSAM - BLACK GARLIC[2000ml]	B	94					100
	170198876	Enough Collagen Foundation Cover Up Ultra X10 21 тон	Enough Collagen Foundation Cover Up Ultra X10 21 тон	B	93					100
	208202076	EKEL Ampule Сream Сollagen [70ml]	EKEL Ampule Сream Сollagen [70ml]	B	98					100
	170198738	Enough 8 Peptide Full Cover Perfect Foundation 13 тон	Enough 8 Peptide Full Cover Perfect Foundation 13 тон	B	91					100
	190159348	Elizavecca 24k gold snail Cleansing Foam 180ml	Elizavecca 24k gold snail Cleansing Foam 180ml	B	97					100
	437190353	ROUND LAB BIRCH JUICE MOISTURIZING CREAM_80ml	ROUND LAB BIRCH JUICE MOISTURIZING CREAM_80ml	B	89					100
	151175877	Petitfee Agave Cooling Hydrogel Eye Mask	Petitfee Agave Cooling Hydrogel Eye Mask	B	98					100
	198143251	Manyo_Ampoule_Lotion	Manyo_Ampoule_Lotion	B	90					100
	214964091	JMSOLUTION - Mask Pack Disney	JMSOLUTION - Mask Pack Disney	A	91					100
	154160085	Etude Baking Powder Crunch Pore Scrub треугольники 30	Etude Baking Powder Crunch Pore Scrub треугольники 30	B	90					100
	212889027	Enoughcollagenwhiteningcovertip	Enoughcollagenwhiteningcovertip	B	81			1	5.88	94.12
	437797551	ROUND LAB VITA NIACINAMIDE DARK SPOT SERUM 30ml	ROUND LAB VITA NIACINAMIDE DARK SPOT SERUM 30ml	B	89					100
	206057411	ELIZAVECCA_fruit_toner	ELIZAVECCA_fruit_toner	B	98					100
	207465786	HEIMISH - All Clean Balm Mandarin [120ml]	HEIMISH - All Clean Balm Mandarin [120ml]	B	97					100
	226115324	PETITFEE - Agave Cooling Hydrogel Face Mask [5pcs]	PETITFEE - Agave Cooling Hydrogel Face Mask [5pcs]	A	96					100
	240311751	Робот мойщик окон sBot w250	Робот мойщик окон sBot w250	B	83					100
	151132051	ENOUGH COLLAGEN 3IN1 13	ENOUGH COLLAGEN 3IN1 13	B	90					100
	151175880	Petitfee Black Pearl & Gold hydrogel Eye Patch	Petitfee Black Pearl & Gold hydrogel Eye Patch	A	97					100
	207483780	JIGOTT - Birds Nest Firming Cream [70ml]	JIGOTT - Birds Nest Firming Cream [70ml]	B	99					100
	437776835	ROUND LAB PINE CALMING CICA AMPOULE_30ml	ROUND LAB PINE CALMING CICA AMPOULE_30ml	C	83					100
	611747838	Collagen_Enough_Moisture_Foundation_23	Collagen_Enough_Moisture_Foundation_23	C	90					100
	238413828	ENOUGH collagen moisture BB Cream SPF47 PA+++ N	ENOUGH collagen moisture BB Cream SPF47 PA+++ N	B	96					100
	608841921	DEOPROCE SHAMPOO - BLACK GARLIC[200ml]	DEOPROCE SHAMPOO - BLACK GARLIC[200ml]	B	94					100
	868575374	MANYO BIFIDA COMPLEX AMPOULE GEL CLEANSER [400ml]	MANYO BIFIDA COMPLEX AMPOULE GEL CLEANSER [400ml]	B	94					100
	307073881	ETUDE Baking Powder BB Deep Cleansing Foam 160 мл N	ETUDE Baking Powder BB Deep Cleansing Foam 160 мл N	C	92					100
	206126372	I'm Sorry for My Skin Крем Age Capture Vitalizer	I'm Sorry for My Skin Крем Age Capture Vitalizer	B	93					100
	204258828	COSRX_Salicylic_Acid_Cleanser	COSRX_Salicylic_Acid_Cleanser	C	97					100
	207796439	ELIZAVECCA - Natural 90% Olive Cleansing Oil	ELIZAVECCA - Natural 90% Olive Cleansing Oil	B	95					100
	212759698	JIGOTT - Moisture Real Aloe Vera Toner [300ml]	JIGOTT - Moisture Real Aloe Vera Toner [300ml]	B	95					100
	226115141	PETITFEE - Gold & Snail Hydrogel Mask Pack [5pcs]	PETITFEE - Gold & Snail Hydrogel Mask Pack [5pcs]	B	94					100
	551387355	CELIMAX THE VITA-A RETINAL SHOT TIGHTENING BOOSTER [15ml]	CELIMAX THE VITA-A RETINAL SHOT TIGHTENING BOOSTER [15ml]	C	90					100
	198156698	Manyo_Pure_Cleansing_Oil	Manyo_Pure_Cleansing_Oil	B	92					100
	207476777	FARMSTAY - Collagen Pure Cleansing Foam [180ml]	FARMSTAY - Collagen Pure Cleansing Foam [180ml]	C	94					100
	212883090	JIGOTT - Aura Secret Hyaluronec Acid Toner [300ml]	JIGOTT - Aura Secret Hyaluronec Acid Toner [300ml]	B	91					100
	212885914	FARMSTAY - Collagen Water Full Moist Rolling Eye Serum [25ml]	FARMSTAY - Collagen Water Full Moist Rolling Eye Serum [25ml]	C	97					100
	226115248	PETITFEE - Cacao Energizing Hydrogel Mask Pack [5pcs]	PETITFEE - Cacao Energizing Hydrogel Mask Pack [5pcs]	C	100					100
	551607905	CELIMAX JI WOO GAE CICA BHA BLEMISH TONER PAD [170ml / 60pads]	CELIMAX JI WOO GAE CICA BHA BLEMISH TONER PAD [170ml / 60pads]	B	94					100
	212753217	JIGOTT - Collagen Healing Cream [100ml]	JIGOTT - Collagen Healing Cream [100ml]	C	97					100
	212889028	Enoughcollagenwhiteningcovertip03	Enoughcollagenwhiteningcovertip03	B	86					100
	868700077	MANYO BIFIDA INFUSION SHOT AMPOULE 1DX [50ml]	MANYO BIFIDA INFUSION SHOT AMPOULE 1DX [50ml]	B	86					100
	154159632	Baking Powder BB Deep Cleansing Foam 3в1 30	Baking Powder BB Deep Cleansing Foam 3в1 30	B	94					100
	179611278	Petitfee Artichoke Soothing Hydrogel Eye Mask	Petitfee Artichoke Soothing Hydrogel Eye Mask	C	97					100
	180988755	Petitfee B-Glucan Deep Firming Eye Mask	Petitfee B-Glucan Deep Firming Eye Mask	C	97					100
	226117746	PETITFEE - Chamomile Lightening Hydrogel Mask Pack [5pcs]	PETITFEE - Chamomile Lightening Hydrogel Mask Pack [5pcs]	B	97					100
	207481251	COSRX Advanced Snail 96 Mucin Power Essence [100ml]	COSRX Advanced Snail 96 Mucin Power Essence [100ml]	B	98					100
	551472457	CELIMAX THE REAL NONI ENERGY AMPOULE_30ML (NEW) [30ml]	CELIMAX THE REAL NONI ENERGY AMPOULE_30ML (NEW) [30ml]	C	97					100
	179611304	Petitfee Cacao Energizing Hydrogel Eye Patch	Petitfee Cacao Energizing Hydrogel Eye Patch	C	91					100
	179611318	Petitfee Chamomile Lightening Hydrogel Eye Mask	Petitfee Chamomile Lightening Hydrogel Eye Mask	B	95					100
	207479264	EKEL Ampoule Cream Collagen [50ml]	EKEL Ampoule Cream Collagen [50ml]	B	98					100
	214312385	THE ORDINARY - Argireline Solution 10% [30ml]	THE ORDINARY - Argireline Solution 10% [30ml]	C	80					100
	226114831	PETITFEE - Artichoke Soothing Hydrogel Face Mask [5pcs]	PETITFEE - Artichoke Soothing Hydrogel Face Mask [5pcs]	C	96					100
	551490295	CELIMAX PORE+DARK SPOT BRIGHTENING SERUM_10ml [10ml]	CELIMAX PORE+DARK SPOT BRIGHTENING SERUM_10ml [10ml]	C	94					100
	551600265	CELIMAX JI WOO GAE CICA BHA BLEMISH TONER PAD_10EA [30ml]	CELIMAX JI WOO GAE CICA BHA BLEMISH TONER PAD_10EA [30ml]	C	95					100
	608624295	DEOPROCE SHAMPOO - BLACK GARLIC[600ml] с колпачком	DEOPROCE SHAMPOO - BLACK GARLIC[600ml] с колпачком	C	97					100
	179611207	Petitfee GOLD & SNAIL HYDROGEL EYE PATCH	Petitfee GOLD & SNAIL HYDROGEL EYE PATCH	B	98					100
	180711104	Petitfee GOLD	Petitfee GOLD	C	97					100
	180992464	PETITFEE Aura Quartz Hydrogel Eye Mask Pure Opal	PETITFEE Aura Quartz Hydrogel Eye Mask Pure Opal	C	95					100
	208208674	Рация_UV-82 (1 шт)	Рация_UV-82 (1 шт)	C	77					100
	214977901	JMSOLUTION - Mask Pack Black	JMSOLUTION - Mask Pack Black	C	90					100
	226115478	PETITFEE - Black Pearl & Gold Hydrogel Mask Pack [5pcs]	PETITFEE - Black Pearl & Gold Hydrogel Mask Pack [5pcs]	C	100					100
	151132052	ENOUGH COLLAGEN 3IN1 21	ENOUGH COLLAGEN 3IN1 21	C	97					100
	176944957	sBotW300	sBotW300	B	97					100
	179611231	Petitfee 98% Collagen & CoQ10 Hydro Gel Eye Patch	Petitfee 98% Collagen & CoQ10 Hydro Gel Eye Patch	C	100					100
	180711041	Petitfee EGF	Petitfee EGF	C	100					100
	207796350	ELIZAVECCA - CER-100  [100ml]	ELIZAVECCA - CER-100  [100ml]	C	93					100
	207818000	ISNTREE - Chestnut AHA 8% Clear Essence Sample [20ml]	ISNTREE - Chestnut AHA 8% Clear Essence Sample [20ml]	C	60					100
	207818642	LEBELAGE - Dr. Hyaluronic Derma Eye Cream [40ml]	LEBELAGE - Dr. Hyaluronic Derma Eye Cream [40ml]	C	100					100
	210575566	LEBELAGE - Dr. Peptide Derma Eye Cream [40ml]	LEBELAGE - Dr. Peptide Derma Eye Cream [40ml]	C	100					100
	214304883	DEOPROCE - SNAIL RECOVERY CREAM [100g]	DEOPROCE - SNAIL RECOVERY CREAM [100g]	C	100					100
	214311963	SKIN1004 - Madagascar Centella Ampoule [30ml]	SKIN1004 - Madagascar Centella Ampoule [30ml]	C	86					100
	255574453	JIGOTT - MASK 15	JIGOTT - MASK 15	C	100					100
	340752919	PETITFEE Black Pearl & Gold Hydrogel Eye Patch/Gold Hydrogel Eye Patch	PETITFEE Black Pearl & Gold Hydrogel Eye Patch/Gold Hydrogel Eye Patch	C	100					100
	551540924	CELIMAX PORE+DARK SPOT BRIGHTENING PAD [100ml / 40pads]	CELIMAX PORE+DARK SPOT BRIGHTENING PAD [100ml / 40pads]	C	79					100
	608837066	DEOPROCE SHAMPOO - BLACK GARLIC[600ml] без колпачка	DEOPROCE SHAMPOO - BLACK GARLIC[600ml] без колпачка	C	98					100
	180852837	Триммер черный v1	Триммер черный v1	C	100					100
	190160008	Elizavecca Milky Piggy EGF elastic retinol [100ml]	Elizavecca Milky Piggy EGF elastic retinol [100ml]	C	75					100
	198620596	Lamp_white_26cm	Lamp_white_26cm	C	71					100
	199427475	Dr.Jart_Teatreatment_Toner	Dr.Jart_Teatreatment_Toner	C	94					100
	212719009	DR. JART - Cicapair Tiger Grass Color Correcting Treatment [50ml]	DR. JART - Cicapair Tiger Grass Color Correcting Treatment [50ml]	C	100					100
	226114935	PETITFEE - Gold Hydrogel Mask Pack [5pcs]	PETITFEE - Gold Hydrogel Mask Pack [5pcs]	B	100					100
	248928046	SOME BY MI - AHA-BHA-PHA 30 Days Miracle Cleansing Bar [106g]	SOME BY MI - AHA-BHA-PHA 30 Days Miracle Cleansing Bar [106g]	C	86					100
	315688951	Триммер Золото	Триммер Золото	C	100					100
	437850261	ROUND LAB SOYBEAN CLEANSING OIL_200ml	ROUND LAB SOYBEAN CLEANSING OIL_200ml	C	67					100
	48908708	dm7dm6	dm7dm6	C	100					100
	100680843	sBotW120_100680843	sBotW120_100680843	B	100					100
	103431353	dm7dm9	dm7dm9	C	100					100
	174668134	Пистолет перкуссионный V1	Пистолет перкуссионный V1	C	80					100
	180852804	Скалер белый v1	Скалер белый v1	C	67					100
	180987509	Petitfee Pink Vita Brightening Eye Mask	Petitfee Pink Vita Brightening Eye Mask	C	100					100
	206058262	ELIZAVECCA_galactomyces_Ample	ELIZAVECCA_galactomyces_Ample	C	100					100
	207464799	HEIMISH - All Clean Balm [120ml]	HEIMISH - All Clean Balm [120ml]	C	100					100
	210579932	LEBELAGE - Dr. Snail Derma Eye Cream [40ml]	LEBELAGE - Dr. Snail Derma Eye Cream [40ml]	C	96					100
	212720615	ISNTREE - Onion Newpair Gel Cream [50ml]	ISNTREE - Onion Newpair Gel Cream [50ml]	C	100					100
	214312149	SKIN1004 - Madagascar Centella Hyalu-Cica Sleeping Pack [30ml]	SKIN1004 - Madagascar Centella Hyalu-Cica Sleeping Pack [30ml]	C	90					100
	238359400	LEBELAGE - High Protection Extreme Sun Cream SPF50+ PA++ [30ml] N	LEBELAGE - High Protection Extreme Sun Cream SPF50+ PA++ [30ml] N	A	82					100
	238359757	LEBELAGE - High Protection Long Lasting Sun Cream SPF50+ PA+++ [30ml] N	LEBELAGE - High Protection Long Lasting Sun Cream SPF50+ PA+++ [30ml] N	A	100					100
	247275092	THE ORDINARY - Glycolic Acid 7% Toning Solution[KOR] [240ml]	THE ORDINARY - Glycolic Acid 7% Toning Solution[KOR] [240ml]	C	100					100
	248929125	SOME BY MI - AHA-BHA-PHA 30 Days Miracle Cream [60g]	SOME BY MI - AHA-BHA-PHA 30 Days Miracle Cream [60g]	C	92					100
	333321028	ELIZAVECCA - Milky Piggy Hell-Pore Clean Up Enzyme Powder Wash2	ELIZAVECCA - Milky Piggy Hell-Pore Clean Up Enzyme Powder Wash2	C	100					100
	551392965	CELIMAX DUAL BARRIER SKIN WEARABLE CREAM [50ml]	CELIMAX DUAL BARRIER SKIN WEARABLE CREAM [50ml]	C	100					100
	551518955	CELIMAX THE REAL NONI MOISTURE BALANCING TONER (NEW) [150ml]	CELIMAX THE REAL NONI MOISTURE BALANCING TONER (NEW) [150ml]	C	100					100
	551616449	CELIMAX THE REAL NONI STARTER KIT (NEW) [30ml+10ml+10ml]	CELIMAX THE REAL NONI STARTER KIT (NEW) [30ml+10ml+10ml]	C	80					100
	611744611	ENOUGH Collagen whitening cover tip concealer #02	ENOUGH Collagen whitening cover tip concealer #02	C	100					100
	1123574113	Round Lab 1025 Dokdo Toner	Round Lab 1025 Dokdo Toner	C	100					100
	Приволжский					3744		1868	47.01	52.99
	437154709	ROUND LAB 1025 DOKDO CLEANSER_150ml	ROUND LAB 1025 DOKDO CLEANSER_150ml	A	91			188	25.44	74.56
	868516027	Celimax Dual Barrier Creamy Toner	Celimax Dual Barrier Creamy Toner	A	90	132		167	32.36	67.64
	168956391	FARMSTAY COLLAGEN&HYALURONIC ACID ALL-IN ONE AMPOULE	FARMSTAY COLLAGEN&HYALURONIC ACID ALL-IN ONE AMPOULE	A	96			47	14.16	85.84
	238415286	ENOUGH - Collagen Moisture Essential Cream [50ml] N	ENOUGH - Collagen Moisture Essential Cream [50ml] N	A	96	231		149	80.11	19.89
	551465879	CELIMAX THE VITA-A RETINOL SHOT TIGHTENING SERUM [30ml]	CELIMAX THE VITA-A RETINOL SHOT TIGHTENING SERUM [30ml]	A	91	93		79	58.52	41.48
	207472742	FARMSTAY - Black Garlic Nourishing Shampoo [530ml]	FARMSTAY - Black Garlic Nourishing Shampoo [530ml]	A	94	88		75	63.56	36.44
	150925321	Collagen_Enough_Moisture_Foundation_13	Collagen_Enough_Moisture_Foundation_13	A	95			45	44.55	55.45
	151313163	Etude Baking Powder Crunch Pore Scrub	Etude Baking Powder Crunch Pore Scrub	A	95	3		87	87.88	12.12
	207482718	JIGOTT - Snail Lifting Cream [70ml]	JIGOTT - Snail Lifting Cream [70ml]	A	96	35		76	88.37	11.63
	207476309	FARMSTAY Argan Oil Complete Volume Up Shampoo & Conditioner [530ml]	FARMSTAY Argan Oil Complete Volume Up Shampoo & Conditioner [530ml]	A	97	12		31	37.35	62.65
	207469760	FARMSTAY - Gold Snail Premium Cream [50ml]	FARMSTAY - Gold Snail Premium Cream [50ml]	A	95	102		22	28.57	71.43
	238358954	ENOUGH - Collagen 3in1 Sun Cream SPF50 PA++ [50ml] N	ENOUGH - Collagen 3in1 Sun Cream SPF50 PA++ [50ml] N	A	95	41		60	84.51	15.49
	207796789	ENOUGH - Gold Snail Moisture Foundation [Tone 13]	ENOUGH - Gold Snail Moisture Foundation [Tone 13]	A	92			3	4.48	95.52
	169076150	FARMSTAY ESCARGOT NOBLESSE INTENSIVE CREAM	FARMSTAY ESCARGOT NOBLESSE INTENSIVE CREAM	A	97	215		16	25.81	74.19
	333318356	ENOUGH - Collagen Moisture Sun Cream SPF50+ PA++++ [50ml] N2	ENOUGH - Collagen Moisture Sun Cream SPF50+ PA++++ [50ml] N2	A	97	81		59	100	
	170198337	Enough 8 Peptide Full Cover Perfect Foundation 21 тон	Enough 8 Peptide Full Cover Perfect Foundation 21 тон	A	91	18		52	92.86	7.14
	437242640	ROUND LAB MUGWORT CALMING CLEANSER_150ml	ROUND LAB MUGWORT CALMING CLEANSER_150ml	A	89	28		27	50	50
	207475898	FARMSTAY - Collagen Water Full Shampoo & Conditioner [530ml]	FARMSTAY - Collagen Water Full Shampoo & Conditioner [530ml]	A	98	60		14	30.43	69.57
	207796563	ELIZAVECCA - Aqua Hyaluronic Acid Water Drop Cream	ELIZAVECCA - Aqua Hyaluronic Acid Water Drop Cream	A	96	26		14	36.84	63.16
	419630142	FARMSTAY ESCARGOT NOBLESSE INTENSIVE AMPOULE	FARMSTAY ESCARGOT NOBLESSE INTENSIVE AMPOULE	A	93	34		6	17.14	82.86
	150925322	Collagen_Enough_Moisture_Foundation_21	Collagen_Enough_Moisture_Foundation_21	B	93	12		30	93.75	6.25
	868761530	LANEIGE LIP SLEEPING MASK-BERRY [3g]	LANEIGE LIP SLEEPING MASK-BERRY [3g]	A	88	21		7	22.58	77.42
	170198109	Enough Rich Gold Double Wea Radiance Foundation 21 тон	Enough Rich Gold Double Wea Radiance Foundation 21 тон	B	96	66		27	90	10
	151175880	Petitfee Black Pearl & Gold hydrogel Eye Patch	Petitfee Black Pearl & Gold hydrogel Eye Patch	A	97	6		24	85.71	14.29
	198156472	Manyo_Galac_Vita_Serum	Manyo_Galac_Vita_Serum	A	90	54		23	82.14	17.86
	212757456	JIGOTT - Daily Real Cica Toner [300ml]	JIGOTT - Daily Real Cica Toner [300ml]	A	93	19		21	77.78	22.22
	170198180	Enough Rich Gold Double Wea Radiance Foundation 13 тон	Enough Rich Gold Double Wea Radiance Foundation 13 тон	A	91	23		7	26.92	73.08
	207477077	FARMSTAY - Collagen Water Full Moist Cream [100g]	FARMSTAY - Collagen Water Full Moist Cream [100g]	A	98	11		18	72	28
	169198316	Etude House Baking Powder Pore Cleansing Foam 160 ml белая	Etude House Baking Powder Pore Cleansing Foam 160 ml белая	A	93	10		20	86.96	13.04
	207483179	JIGOTT - Snail Reparing Cream [100ml]	JIGOTT - Snail Reparing Cream [100ml]	A	96			20	86.96	13.04
	214964091	JMSOLUTION - Mask Pack Disney	JMSOLUTION - Mask Pack Disney	A	91	39		5	21.74	78.26
	198147185	Manyo_Complex_Ampoule	Manyo_Complex_Ampoule	A	97	24		20	95.24	4.76
	238416010	Enough Collagen Whitening Moisture Cream 3in1 50 N	Enough Collagen Whitening Moisture Cream 3in1 50 N	B	98	34		20	95.24	4.76
	170198876	Enough Collagen Foundation Cover Up Ultra X10 21 тон	Enough Collagen Foundation Cover Up Ultra X10 21 тон	B	93	87		19	95	5
	207796898	ENOUGH - Gold Snail Moisture Foundation [Tone 21]	ENOUGH - Gold Snail Moisture Foundation [Tone 21]	A	97			1	5	95
	198143251	Manyo_Ampoule_Lotion	Manyo_Ampoule_Lotion	B	90					100
	170198738	Enough 8 Peptide Full Cover Perfect Foundation 13 тон	Enough 8 Peptide Full Cover Perfect Foundation 13 тон	B	91			12	66.67	33.33
	206057411	ELIZAVECCA_fruit_toner	ELIZAVECCA_fruit_toner	B	98	105		18	100	
	207466866	HEIMISH - Artless Glow Base SPF50+ [40ml]	HEIMISH - Artless Glow Base SPF50+ [40ml]	B	91			4	22.22	77.78
	151175877	Petitfee Agave Cooling Hydrogel Eye Mask	Petitfee Agave Cooling Hydrogel Eye Mask	B	98	24		12	70.59	29.41
	151132051	ENOUGH COLLAGEN 3IN1 13	ENOUGH COLLAGEN 3IN1 13	B	90					100
	212760119	JIGOTT - Ultimate Real Collagen Toner [300ml]	JIGOTT - Ultimate Real Collagen Toner [300ml]	B	98	40		15	93.75	6.25
	212885914	FARMSTAY - Collagen Water Full Moist Rolling Eye Serum [25ml]	FARMSTAY - Collagen Water Full Moist Rolling Eye Serum [25ml]	C	97	40		8	50	50
	437254254	ROUND LAB SOYBEAN PANTHENOL CREAM_80ml	ROUND LAB SOYBEAN PANTHENOL CREAM_80ml	B	90			14	87.50	12.50
	212889027	Enoughcollagenwhiteningcovertip	Enoughcollagenwhiteningcovertip	B	81	6		14	93.33	6.67
	212889025	Enoughcollagenwhiteningcovertip01	Enoughcollagenwhiteningcovertip01	B	90	17		4	28.57	71.43
	214305722	DEOPROCE SHAMPOO+BALSAM - BLACK GARLIC[2000ml]	DEOPROCE SHAMPOO+BALSAM - BLACK GARLIC[2000ml]	B	94	15		1	7.14	92.86
	437190353	ROUND LAB BIRCH JUICE MOISTURIZING CREAM_80ml	ROUND LAB BIRCH JUICE MOISTURIZING CREAM_80ml	B	89	42		14	100	
	154160085	Etude Baking Powder Crunch Pore Scrub треугольники 30	Etude Baking Powder Crunch Pore Scrub треугольники 30	B	90	12		11	84.62	15.38
	208202076	EKEL Ampule Сream Сollagen [70ml]	EKEL Ampule Сream Сollagen [70ml]	B	98	58		11	84.62	15.38
	212889028	Enoughcollagenwhiteningcovertip03	Enoughcollagenwhiteningcovertip03	B	86	8		11	84.62	15.38
	179611207	Petitfee GOLD & SNAIL HYDROGEL EYE PATCH	Petitfee GOLD & SNAIL HYDROGEL EYE PATCH	B	98	4		8	66.67	33.33
	226115141	PETITFEE - Gold & Snail Hydrogel Mask Pack [5pcs]	PETITFEE - Gold & Snail Hydrogel Mask Pack [5pcs]	B	94	10		12	100	
	551607905	CELIMAX JI WOO GAE CICA BHA BLEMISH TONER PAD [170ml / 60pads]	CELIMAX JI WOO GAE CICA BHA BLEMISH TONER PAD [170ml / 60pads]	B	94	21		2	16.67	83.33
	207465786	HEIMISH - All Clean Balm Mandarin [120ml]	HEIMISH - All Clean Balm Mandarin [120ml]	B	97	72		10	90.91	9.09
	207796439	ELIZAVECCA - Natural 90% Olive Cleansing Oil	ELIZAVECCA - Natural 90% Olive Cleansing Oil	B	95	6		11	100	
	437797551	ROUND LAB VITA NIACINAMIDE DARK SPOT SERUM 30ml	ROUND LAB VITA NIACINAMIDE DARK SPOT SERUM 30ml	B	89			6	54.55	45.45
	608841921	DEOPROCE SHAMPOO - BLACK GARLIC[200ml]	DEOPROCE SHAMPOO - BLACK GARLIC[200ml]	B	94	19		8	72.73	27.27
	179611278	Petitfee Artichoke Soothing Hydrogel Eye Mask	Petitfee Artichoke Soothing Hydrogel Eye Mask	C	97	25		8	80	20
	190159348	Elizavecca 24k gold snail Cleansing Foam 180ml	Elizavecca 24k gold snail Cleansing Foam 180ml	B	97					100
	240311751	Робот мойщик окон sBot w250	Робот мойщик окон sBot w250	B	83					100
	551600265	CELIMAX JI WOO GAE CICA BHA BLEMISH TONER PAD_10EA [30ml]	CELIMAX JI WOO GAE CICA BHA BLEMISH TONER PAD_10EA [30ml]	C	95	1		4	40	60
	868575374	MANYO BIFIDA COMPLEX AMPOULE GEL CLEANSER [400ml]	MANYO BIFIDA COMPLEX AMPOULE GEL CLEANSER [400ml]	B	94			5	50	50
	198156698	Manyo_Pure_Cleansing_Oil	Manyo_Pure_Cleansing_Oil	B	92	33		2	22.22	77.78
	437776835	ROUND LAB PINE CALMING CICA AMPOULE_30ml	ROUND LAB PINE CALMING CICA AMPOULE_30ml	C	83	12		5	55.56	44.44
	151132052	ENOUGH COLLAGEN 3IN1 21	ENOUGH COLLAGEN 3IN1 21	C	97	138		7	87.50	12.50
	174668134	Пистолет перкуссионный V1	Пистолет перкуссионный V1	C	80			5	62.50	37.50
	207483780	JIGOTT - Birds Nest Firming Cream [70ml]	JIGOTT - Birds Nest Firming Cream [70ml]	B	99	41		7	87.50	12.50
	226117746	PETITFEE - Chamomile Lightening Hydrogel Mask Pack [5pcs]	PETITFEE - Chamomile Lightening Hydrogel Mask Pack [5pcs]	B	97	5		6	75	25
	551387355	CELIMAX THE VITA-A RETINAL SHOT TIGHTENING BOOSTER [15ml]	CELIMAX THE VITA-A RETINAL SHOT TIGHTENING BOOSTER [15ml]	C	90	107		7	87.50	12.50
	207476777	FARMSTAY - Collagen Pure Cleansing Foam [180ml]	FARMSTAY - Collagen Pure Cleansing Foam [180ml]	C	94	3		4	57.14	42.86
	238413828	ENOUGH collagen moisture BB Cream SPF47 PA+++ N	ENOUGH collagen moisture BB Cream SPF47 PA+++ N	B	96	132		7	100	
	611747838	Collagen_Enough_Moisture_Foundation_23	Collagen_Enough_Moisture_Foundation_23	C	90	20		6	85.71	14.29
	180711104	Petitfee GOLD	Petitfee GOLD	C	97	2		6	100	
	199427475	Dr.Jart_Teatreatment_Toner	Dr.Jart_Teatreatment_Toner	C	94			2	33.33	66.67
	207479264	EKEL Ampoule Cream Collagen [50ml]	EKEL Ampoule Cream Collagen [50ml]	B	98					100
	207818000	ISNTREE - Chestnut AHA 8% Clear Essence Sample [20ml]	ISNTREE - Chestnut AHA 8% Clear Essence Sample [20ml]	C	60					100
	208208674	Рация_UV-82 (1 шт)	Рация_UV-82 (1 шт)	C	77	42		6	100	
	226115324	PETITFEE - Agave Cooling Hydrogel Face Mask [5pcs]	PETITFEE - Agave Cooling Hydrogel Face Mask [5pcs]	A	96			4	66.67	33.33
	551472457	CELIMAX THE REAL NONI ENERGY AMPOULE_30ML (NEW) [30ml]	CELIMAX THE REAL NONI ENERGY AMPOULE_30ML (NEW) [30ml]	C	97	26		5	83.33	16.67
	868700077	MANYO BIFIDA INFUSION SHOT AMPOULE 1DX [50ml]	MANYO BIFIDA INFUSION SHOT AMPOULE 1DX [50ml]	B	86	16		4	66.67	33.33
	176944957	sBotW300	sBotW300	B	97					100
	206126372	I'm Sorry for My Skin Крем Age Capture Vitalizer	I'm Sorry for My Skin Крем Age Capture Vitalizer	B	93	11		5	100	
	207481251	COSRX Advanced Snail 96 Mucin Power Essence [100ml]	COSRX Advanced Snail 96 Mucin Power Essence [100ml]	B	98	8		5	100	
	212883090	JIGOTT - Aura Secret Hyaluronec Acid Toner [300ml]	JIGOTT - Aura Secret Hyaluronec Acid Toner [300ml]	B	91	20		5	100	
	608837066	DEOPROCE SHAMPOO - BLACK GARLIC[600ml] без колпачка	DEOPROCE SHAMPOO - BLACK GARLIC[600ml] без колпачка	C	98	8		4	80	20
	154159632	Baking Powder BB Deep Cleansing Foam 3в1 30	Baking Powder BB Deep Cleansing Foam 3в1 30	B	94	13		3	75	25
	179611304	Petitfee Cacao Energizing Hydrogel Eye Patch	Petitfee Cacao Energizing Hydrogel Eye Patch	C	91	25		3	75	25
	180988755	Petitfee B-Glucan Deep Firming Eye Mask	Petitfee B-Glucan Deep Firming Eye Mask	C	97	33		3	75	25
	212753217	JIGOTT - Collagen Healing Cream [100ml]	JIGOTT - Collagen Healing Cream [100ml]	C	97	2				100
	212759698	JIGOTT - Moisture Real Aloe Vera Toner [300ml]	JIGOTT - Moisture Real Aloe Vera Toner [300ml]	B	95					100
	248929125	SOME BY MI - AHA-BHA-PHA 30 Days Miracle Cream [60g]	SOME BY MI - AHA-BHA-PHA 30 Days Miracle Cream [60g]	C	92	14		4	100	
	255574453	JIGOTT - MASK 15	JIGOTT - MASK 15	C	100	93		3	75	25
	307073881	ETUDE Baking Powder BB Deep Cleansing Foam 160 мл N	ETUDE Baking Powder BB Deep Cleansing Foam 160 мл N	C	92	2		3	75	25
	551540924	CELIMAX PORE+DARK SPOT BRIGHTENING PAD [100ml / 40pads]	CELIMAX PORE+DARK SPOT BRIGHTENING PAD [100ml / 40pads]	C	79	15		2	50	50
	204258828	COSRX_Salicylic_Acid_Cleanser	COSRX_Salicylic_Acid_Cleanser	C	97	2		2	66.67	33.33
	207818642	LEBELAGE - Dr. Hyaluronic Derma Eye Cream [40ml]	LEBELAGE - Dr. Hyaluronic Derma Eye Cream [40ml]	C	100	8		2	66.67	33.33
	214977901	JMSOLUTION - Mask Pack Black	JMSOLUTION - Mask Pack Black	C	90	20		2	66.67	33.33
	226114831	PETITFEE - Artichoke Soothing Hydrogel Face Mask [5pcs]	PETITFEE - Artichoke Soothing Hydrogel Face Mask [5pcs]	C	96			3	100	
	226115248	PETITFEE - Cacao Energizing Hydrogel Mask Pack [5pcs]	PETITFEE - Cacao Energizing Hydrogel Mask Pack [5pcs]	C	100			2	66.67	33.33
	100680843	sBotW120_100680843	sBotW120_100680843	B	100			1	50	50
	179611318	Petitfee Chamomile Lightening Hydrogel Eye Mask	Petitfee Chamomile Lightening Hydrogel Eye Mask	B	95	14		1	50	50
	180852804	Скалер белый v1	Скалер белый v1	C	67					100
	180852837	Триммер черный v1	Триммер черный v1	C	100			2	100	
	198620596	Lamp_white_26cm	Lamp_white_26cm	C	71					100
	210579932	LEBELAGE - Dr. Snail Derma Eye Cream [40ml]	LEBELAGE - Dr. Snail Derma Eye Cream [40ml]	C	96			2	100	
	212719009	DR. JART - Cicapair Tiger Grass Color Correcting Treatment [50ml]	DR. JART - Cicapair Tiger Grass Color Correcting Treatment [50ml]	C	100	29		2	100	
	214311963	SKIN1004 - Madagascar Centella Ampoule [30ml]	SKIN1004 - Madagascar Centella Ampoule [30ml]	C	86	5		1	50	50
	214312149	SKIN1004 - Madagascar Centella Hyalu-Cica Sleeping Pack [30ml]	SKIN1004 - Madagascar Centella Hyalu-Cica Sleeping Pack [30ml]	C	90	6		1	50	50
	214312385	THE ORDINARY - Argireline Solution 10% [30ml]	THE ORDINARY - Argireline Solution 10% [30ml]	C	80			1	50	50
	226114935	PETITFEE - Gold Hydrogel Mask Pack [5pcs]	PETITFEE - Gold Hydrogel Mask Pack [5pcs]	B	100			1	50	50
	238359400	LEBELAGE - High Protection Extreme Sun Cream SPF50+ PA++ [30ml] N	LEBELAGE - High Protection Extreme Sun Cream SPF50+ PA++ [30ml] N	A	82					100
	551490295	CELIMAX PORE+DARK SPOT BRIGHTENING SERUM_10ml [10ml]	CELIMAX PORE+DARK SPOT BRIGHTENING SERUM_10ml [10ml]	C	94	64		2	100	
	608624295	DEOPROCE SHAMPOO - BLACK GARLIC[600ml] с колпачком	DEOPROCE SHAMPOO - BLACK GARLIC[600ml] с колпачком	C	97	19		2	100	
	1123574113	Round Lab 1025 Dokdo Toner	Round Lab 1025 Dokdo Toner	C	100	3		1	50	50
	48906952	dm7dm5	dm7dm5	C	100					100
	103441912	dm7dm12	dm7dm12	C	100					100
	103442522	dm7dm13	dm7dm13	C	100			1	100	
	179611231	Petitfee 98% Collagen & CoQ10 Hydro Gel Eye Patch	Petitfee 98% Collagen & CoQ10 Hydro Gel Eye Patch	C	100	7		1	100	
	180711041	Petitfee EGF	Petitfee EGF	C	100	38		1	100	
	180987509	Petitfee Pink Vita Brightening Eye Mask	Petitfee Pink Vita Brightening Eye Mask	C	100	3				100
	183030830	HairSet/350/8*2	HairSet/350/8*2	C	100	4		1	100	
	190314349	СГ-Красная	СГ-Красная	C	100					100
	207817787	ISNTREE - Chestnut AHA 8% Clear Essence [100ml]	ISNTREE - Chestnut AHA 8% Clear Essence [100ml]	C	100					100
	210575566	LEBELAGE - Dr. Peptide Derma Eye Cream [40ml]	LEBELAGE - Dr. Peptide Derma Eye Cream [40ml]	C	100	7		1	100	
	212720615	ISNTREE - Onion Newpair Gel Cream [50ml]	ISNTREE - Onion Newpair Gel Cream [50ml]	C	100					100
	214304883	DEOPROCE - SNAIL RECOVERY CREAM [100g]	DEOPROCE - SNAIL RECOVERY CREAM [100g]	C	100	18		1	100	
	214305705	DEOPROCE SHAMPOO - ARGAN SILKY MOISTURE [1000ml]	DEOPROCE SHAMPOO - ARGAN SILKY MOISTURE [1000ml]	C	100					100
	226115478	PETITFEE - Black Pearl & Gold Hydrogel Mask Pack [5pcs]	PETITFEE - Black Pearl & Gold Hydrogel Mask Pack [5pcs]	C	100	5		1	100	
	248928046	SOME BY MI - AHA-BHA-PHA 30 Days Miracle Cleansing Bar [106g]	SOME BY MI - AHA-BHA-PHA 30 Days Miracle Cleansing Bar [106g]	C	86	1		1	100	
	333321028	ELIZAVECCA - Milky Piggy Hell-Pore Clean Up Enzyme Powder Wash2	ELIZAVECCA - Milky Piggy Hell-Pore Clean Up Enzyme Powder Wash2	C	100			1	100	
	340752919	PETITFEE Black Pearl & Gold Hydrogel Eye Patch/Gold Hydrogel Eye Patch	PETITFEE Black Pearl & Gold Hydrogel Eye Patch/Gold Hydrogel Eye Patch	C	100	6		1	100	
	437850261	ROUND LAB SOYBEAN CLEANSING OIL_200ml	ROUND LAB SOYBEAN CLEANSING OIL_200ml	C	67	14		1	100	
	551392965	CELIMAX DUAL BARRIER SKIN WEARABLE CREAM [50ml]	CELIMAX DUAL BARRIER SKIN WEARABLE CREAM [50ml]	C	100	77		1	100	
	551447345	CELIMAX PORE+DARK SPOT BRIGHTENING CREAM [35ml]	CELIMAX PORE+DARK SPOT BRIGHTENING CREAM [35ml]	C	100	68		1	100	
	551482493	CELIMAX PORE+DARK SPOT BRIGHTENING SERUM_30ml [30ml]	CELIMAX PORE+DARK SPOT BRIGHTENING SERUM_30ml [30ml]	C	75	41		1	100	
	551616449	CELIMAX THE REAL NONI STARTER KIT (NEW) [30ml+10ml+10ml]	CELIMAX THE REAL NONI STARTER KIT (NEW) [30ml+10ml+10ml]	C	80					100
	663654300	videokamera4gneww	videokamera4gneww	C	100	8		1	100	
	180992464	PETITFEE Aura Quartz Hydrogel Eye Mask Pure Opal	PETITFEE Aura Quartz Hydrogel Eye Mask Pure Opal	C	95	2				
	190160008	Elizavecca Milky Piggy EGF elastic retinol [100ml]	Elizavecca Milky Piggy EGF elastic retinol [100ml]	C	75	46				
	206058262	ELIZAVECCA_galactomyces_Ample	ELIZAVECCA_galactomyces_Ample	C	100	93				
	207796350	ELIZAVECCA - CER-100  [100ml]	ELIZAVECCA - CER-100  [100ml]	C	93	151				
	236825103	JMSOLUTION-Marine Luminous Pearl Deep Moisture Mask Pearl [1/2/3]*[10ea]	JMSOLUTION-Marine Luminous Pearl Deep Moisture Mask Pearl [1/2/3]*[10ea]	C	100					
	247275092	THE ORDINARY - Glycolic Acid 7% Toning Solution[KOR] [240ml]	THE ORDINARY - Glycolic Acid 7% Toning Solution[KOR] [240ml]	C	100	6				
	315688951	Триммер Золото	Триммер Золото	C	100	2				
	551518955	CELIMAX THE REAL NONI MOISTURE BALANCING TONER (NEW) [150ml]	CELIMAX THE REAL NONI MOISTURE BALANCING TONER (NEW) [150ml]	C	100	13				
	1119249556	VT PDRN Essence 100	VT PDRN Essence 100	C	100	6				
	1123494802	VT Reedle Shot	VT Reedle Shot	C	100	7				
	Северо-Западный							1046	44.28	55.72
	437154709	ROUND LAB 1025 DOKDO CLEANSER_150ml	ROUND LAB 1025 DOKDO CLEANSER_150ml	A	91			116	31.44	68.56
	868516027	Celimax Dual Barrier Creamy Toner	Celimax Dual Barrier Creamy Toner	A	90			149	41.39	58.61
	168956391	FARMSTAY COLLAGEN&HYALURONIC ACID ALL-IN ONE AMPOULE	FARMSTAY COLLAGEN&HYALURONIC ACID ALL-IN ONE AMPOULE	A	96			104	61.54	38.46
	238415286	ENOUGH - Collagen Moisture Essential Cream [50ml] N	ENOUGH - Collagen Moisture Essential Cream [50ml] N	A	96			69	62.73	37.27
	207472742	FARMSTAY - Black Garlic Nourishing Shampoo [530ml]	FARMSTAY - Black Garlic Nourishing Shampoo [530ml]	A	94			35	39.33	60.67
	551465879	CELIMAX THE VITA-A RETINOL SHOT TIGHTENING SERUM [30ml]	CELIMAX THE VITA-A RETINOL SHOT TIGHTENING SERUM [30ml]	A	91			51	60	40
	151313163	Etude Baking Powder Crunch Pore Scrub	Etude Baking Powder Crunch Pore Scrub	A	95			46	68.66	31.34
	207482718	JIGOTT - Snail Lifting Cream [70ml]	JIGOTT - Snail Lifting Cream [70ml]	A	96			31	60.78	39.22
	437242640	ROUND LAB MUGWORT CALMING CLEANSER_150ml	ROUND LAB MUGWORT CALMING CLEANSER_150ml	A	89			16	34.78	65.22
	169076150	FARMSTAY ESCARGOT NOBLESSE INTENSIVE CREAM	FARMSTAY ESCARGOT NOBLESSE INTENSIVE CREAM	A	97			27	69.23	30.77
	207469760	FARMSTAY - Gold Snail Premium Cream [50ml]	FARMSTAY - Gold Snail Premium Cream [50ml]	A	95			18	46.15	53.85
	207476309	FARMSTAY Argan Oil Complete Volume Up Shampoo & Conditioner [530ml]	FARMSTAY Argan Oil Complete Volume Up Shampoo & Conditioner [530ml]	A	97			11	28.95	71.05
	238358954	ENOUGH - Collagen 3in1 Sun Cream SPF50 PA++ [50ml] N	ENOUGH - Collagen 3in1 Sun Cream SPF50 PA++ [50ml] N	A	95			21	65.63	34.38
	207796563	ELIZAVECCA - Aqua Hyaluronic Acid Water Drop Cream	ELIZAVECCA - Aqua Hyaluronic Acid Water Drop Cream	A	96			3	9.68	90.32
	150925321	Collagen_Enough_Moisture_Foundation_13	Collagen_Enough_Moisture_Foundation_13	A	95			14	48.28	51.72
	207475898	FARMSTAY - Collagen Water Full Shampoo & Conditioner [530ml]	FARMSTAY - Collagen Water Full Shampoo & Conditioner [530ml]	A	98			18	62.07	37.93
	170198337	Enough 8 Peptide Full Cover Perfect Foundation 21 тон	Enough 8 Peptide Full Cover Perfect Foundation 21 тон	A	91			19	70.37	29.63
	207483179	JIGOTT - Snail Reparing Cream [100ml]	JIGOTT - Snail Reparing Cream [100ml]	A	96			16	59.26	40.74
	333318356	ENOUGH - Collagen Moisture Sun Cream SPF50+ PA++++ [50ml] N2	ENOUGH - Collagen Moisture Sun Cream SPF50+ PA++++ [50ml] N2	A	97					100
	214964091	JMSOLUTION - Mask Pack Disney	JMSOLUTION - Mask Pack Disney	A	91			11	42.31	57.69
	198156472	Manyo_Galac_Vita_Serum	Manyo_Galac_Vita_Serum	A	90			19	76	24
	419630142	FARMSTAY ESCARGOT NOBLESSE INTENSIVE AMPOULE	FARMSTAY ESCARGOT NOBLESSE INTENSIVE AMPOULE	A	93			16	64	36
	437254254	ROUND LAB SOYBEAN PANTHENOL CREAM_80ml	ROUND LAB SOYBEAN PANTHENOL CREAM_80ml	B	90			19	79.17	20.83
	207466866	HEIMISH - Artless Glow Base SPF50+ [40ml]	HEIMISH - Artless Glow Base SPF50+ [40ml]	B	91			7	31.82	68.18
	212757456	JIGOTT - Daily Real Cica Toner [300ml]	JIGOTT - Daily Real Cica Toner [300ml]	A	93			10	50	50
	868761530	LANEIGE LIP SLEEPING MASK-BERRY [3g]	LANEIGE LIP SLEEPING MASK-BERRY [3g]	A	88			8	40	60
	207477077	FARMSTAY - Collagen Water Full Moist Cream [100g]	FARMSTAY - Collagen Water Full Moist Cream [100g]	A	98			13	76.47	23.53
	151175880	Petitfee Black Pearl & Gold hydrogel Eye Patch	Petitfee Black Pearl & Gold hydrogel Eye Patch	A	97			11	68.75	31.25
	437190353	ROUND LAB BIRCH JUICE MOISTURIZING CREAM_80ml	ROUND LAB BIRCH JUICE MOISTURIZING CREAM_80ml	B	89			13	81.25	18.75
	169198316	Etude House Baking Powder Pore Cleansing Foam 160 ml белая	Etude House Baking Powder Pore Cleansing Foam 160 ml белая	A	93					100
	212889025	Enoughcollagenwhiteningcovertip01	Enoughcollagenwhiteningcovertip01	B	90					100
	207796789	ENOUGH - Gold Snail Moisture Foundation [Tone 13]	ENOUGH - Gold Snail Moisture Foundation [Tone 13]	A	92			5	35.71	64.29
	190159348	Elizavecca 24k gold snail Cleansing Foam 180ml	Elizavecca 24k gold snail Cleansing Foam 180ml	B	97					100
	151175877	Petitfee Agave Cooling Hydrogel Eye Mask	Petitfee Agave Cooling Hydrogel Eye Mask	B	98			7	58.33	41.67
	170198109	Enough Rich Gold Double Wea Radiance Foundation 21 тон	Enough Rich Gold Double Wea Radiance Foundation 21 тон	B	96			10	83.33	16.67
	207796898	ENOUGH - Gold Snail Moisture Foundation [Tone 21]	ENOUGH - Gold Snail Moisture Foundation [Tone 21]	A	97					100
	198156698	Manyo_Pure_Cleansing_Oil	Manyo_Pure_Cleansing_Oil	B	92			4	36.36	63.64
	212889027	Enoughcollagenwhiteningcovertip	Enoughcollagenwhiteningcovertip	B	81			5	45.45	54.55
	238416010	Enough Collagen Whitening Moisture Cream 3in1 50 N	Enough Collagen Whitening Moisture Cream 3in1 50 N	B	98			4	36.36	63.64
	150925322	Collagen_Enough_Moisture_Foundation_21	Collagen_Enough_Moisture_Foundation_21	B	93					100
	170198180	Enough Rich Gold Double Wea Radiance Foundation 13 тон	Enough Rich Gold Double Wea Radiance Foundation 13 тон	A	91			5	50	50
	207465786	HEIMISH - All Clean Balm Mandarin [120ml]	HEIMISH - All Clean Balm Mandarin [120ml]	B	97			1	10	90
	207796350	ELIZAVECCA - CER-100  [100ml]	ELIZAVECCA - CER-100  [100ml]	C	93			4	40	60
	212759698	JIGOTT - Moisture Real Aloe Vera Toner [300ml]	JIGOTT - Moisture Real Aloe Vera Toner [300ml]	B	95			6	66.67	33.33
	151132051	ENOUGH COLLAGEN 3IN1 13	ENOUGH COLLAGEN 3IN1 13	B	90			4	50	50
	170198738	Enough 8 Peptide Full Cover Perfect Foundation 13 тон	Enough 8 Peptide Full Cover Perfect Foundation 13 тон	B	91					100
	198143251	Manyo_Ampoule_Lotion	Manyo_Ampoule_Lotion	B	90			4	50	50
	198147185	Manyo_Complex_Ampoule	Manyo_Complex_Ampoule	A	97			7	87.50	12.50
	206057411	ELIZAVECCA_fruit_toner	ELIZAVECCA_fruit_toner	B	98					100
	207483780	JIGOTT - Birds Nest Firming Cream [70ml]	JIGOTT - Birds Nest Firming Cream [70ml]	B	99					100
	214305722	DEOPROCE SHAMPOO+BALSAM - BLACK GARLIC[2000ml]	DEOPROCE SHAMPOO+BALSAM - BLACK GARLIC[2000ml]	B	94					100
	437797551	ROUND LAB VITA NIACINAMIDE DARK SPOT SERUM 30ml	ROUND LAB VITA NIACINAMIDE DARK SPOT SERUM 30ml	B	89			1	12.50	87.50
	180711104	Petitfee GOLD	Petitfee GOLD	C	97			6	85.71	14.29
	206126372	I'm Sorry for My Skin Крем Age Capture Vitalizer	I'm Sorry for My Skin Крем Age Capture Vitalizer	B	93			3	42.86	57.14
	207796439	ELIZAVECCA - Natural 90% Olive Cleansing Oil	ELIZAVECCA - Natural 90% Olive Cleansing Oil	B	95			2	28.57	71.43
	212760119	JIGOTT - Ultimate Real Collagen Toner [300ml]	JIGOTT - Ultimate Real Collagen Toner [300ml]	B	98			3	42.86	57.14
	212885914	FARMSTAY - Collagen Water Full Moist Rolling Eye Serum [25ml]	FARMSTAY - Collagen Water Full Moist Rolling Eye Serum [25ml]	C	97			4	57.14	42.86
	226115141	PETITFEE - Gold & Snail Hydrogel Mask Pack [5pcs]	PETITFEE - Gold & Snail Hydrogel Mask Pack [5pcs]	B	94					100
	226115324	PETITFEE - Agave Cooling Hydrogel Face Mask [5pcs]	PETITFEE - Agave Cooling Hydrogel Face Mask [5pcs]	A	96			1	14.29	85.71
	868575374	MANYO BIFIDA COMPLEX AMPOULE GEL CLEANSER [400ml]	MANYO BIFIDA COMPLEX AMPOULE GEL CLEANSER [400ml]	B	94			1	14.29	85.71
	179611207	Petitfee GOLD & SNAIL HYDROGEL EYE PATCH	Petitfee GOLD & SNAIL HYDROGEL EYE PATCH	B	98					100
	207481251	COSRX Advanced Snail 96 Mucin Power Essence [100ml]	COSRX Advanced Snail 96 Mucin Power Essence [100ml]	B	98			1	16.67	83.33
	208202076	EKEL Ampule Сream Сollagen [70ml]	EKEL Ampule Сream Сollagen [70ml]	B	98			3	50	50
	208208674	Рация_UV-82 (1 шт)	Рация_UV-82 (1 шт)	C	77			4	66.67	33.33
	212883090	JIGOTT - Aura Secret Hyaluronec Acid Toner [300ml]	JIGOTT - Aura Secret Hyaluronec Acid Toner [300ml]	B	91					100
	214977901	JMSOLUTION - Mask Pack Black	JMSOLUTION - Mask Pack Black	C	90			2	33.33	66.67
	551387355	CELIMAX THE VITA-A RETINAL SHOT TIGHTENING BOOSTER [15ml]	CELIMAX THE VITA-A RETINAL SHOT TIGHTENING BOOSTER [15ml]	C	90			6	100	
	551607905	CELIMAX JI WOO GAE CICA BHA BLEMISH TONER PAD [170ml / 60pads]	CELIMAX JI WOO GAE CICA BHA BLEMISH TONER PAD [170ml / 60pads]	B	94			4	66.67	33.33
	611747838	Collagen_Enough_Moisture_Foundation_23	Collagen_Enough_Moisture_Foundation_23	C	90			5	83.33	16.67
	179611231	Petitfee 98% Collagen & CoQ10 Hydro Gel Eye Patch	Petitfee 98% Collagen & CoQ10 Hydro Gel Eye Patch	C	100			1	20	80
	179611278	Petitfee Artichoke Soothing Hydrogel Eye Mask	Petitfee Artichoke Soothing Hydrogel Eye Mask	C	97					100
	212889028	Enoughcollagenwhiteningcovertip03	Enoughcollagenwhiteningcovertip03	B	86			4	80	20
	240311751	Робот мойщик окон sBot w250	Робот мойщик окон sBot w250	B	83			5	100	
	307073881	ETUDE Baking Powder BB Deep Cleansing Foam 160 мл N	ETUDE Baking Powder BB Deep Cleansing Foam 160 мл N	C	92			5	100	
	151132052	ENOUGH COLLAGEN 3IN1 21	ENOUGH COLLAGEN 3IN1 21	C	97					100
	154160085	Etude Baking Powder Crunch Pore Scrub треугольники 30	Etude Baking Powder Crunch Pore Scrub треугольники 30	B	90			2	50	50
	170198876	Enough Collagen Foundation Cover Up Ultra X10 21 тон	Enough Collagen Foundation Cover Up Ultra X10 21 тон	B	93					100
	179611318	Petitfee Chamomile Lightening Hydrogel Eye Mask	Petitfee Chamomile Lightening Hydrogel Eye Mask	B	95			3	75	25
	180988755	Petitfee B-Glucan Deep Firming Eye Mask	Petitfee B-Glucan Deep Firming Eye Mask	C	97			3	75	25
	199427475	Dr.Jart_Teatreatment_Toner	Dr.Jart_Teatreatment_Toner	C	94			2	50	50
	226117746	PETITFEE - Chamomile Lightening Hydrogel Mask Pack [5pcs]	PETITFEE - Chamomile Lightening Hydrogel Mask Pack [5pcs]	B	97					100
	551600265	CELIMAX JI WOO GAE CICA BHA BLEMISH TONER PAD_10EA [30ml]	CELIMAX JI WOO GAE CICA BHA BLEMISH TONER PAD_10EA [30ml]	C	95			2	50	50
	608841921	DEOPROCE SHAMPOO - BLACK GARLIC[200ml]	DEOPROCE SHAMPOO - BLACK GARLIC[200ml]	B	94			1	25	75
	154159632	Baking Powder BB Deep Cleansing Foam 3в1 30	Baking Powder BB Deep Cleansing Foam 3в1 30	B	94					100
	174668134	Пистолет перкуссионный V1	Пистолет перкуссионный V1	C	80					100
	176944957	sBotW300	sBotW300	B	97			2	66.67	33.33
	207479264	EKEL Ampoule Cream Collagen [50ml]	EKEL Ampoule Cream Collagen [50ml]	B	98					100
	210575566	LEBELAGE - Dr. Peptide Derma Eye Cream [40ml]	LEBELAGE - Dr. Peptide Derma Eye Cream [40ml]	C	100			1	33.33	66.67
	210579932	LEBELAGE - Dr. Snail Derma Eye Cream [40ml]	LEBELAGE - Dr. Snail Derma Eye Cream [40ml]	C	96					100
	226115248	PETITFEE - Cacao Energizing Hydrogel Mask Pack [5pcs]	PETITFEE - Cacao Energizing Hydrogel Mask Pack [5pcs]	C	100					100
	226115478	PETITFEE - Black Pearl & Gold Hydrogel Mask Pack [5pcs]	PETITFEE - Black Pearl & Gold Hydrogel Mask Pack [5pcs]	C	100					100
	238413828	ENOUGH collagen moisture BB Cream SPF47 PA+++ N	ENOUGH collagen moisture BB Cream SPF47 PA+++ N	B	96			1	33.33	66.67
	255574453	JIGOTT - MASK 15	JIGOTT - MASK 15	C	100			1	33.33	66.67
	437850261	ROUND LAB SOYBEAN CLEANSING OIL_200ml	ROUND LAB SOYBEAN CLEANSING OIL_200ml	C	67					100
	608837066	DEOPROCE SHAMPOO - BLACK GARLIC[600ml] без колпачка	DEOPROCE SHAMPOO - BLACK GARLIC[600ml] без колпачка	C	98			3	100	
	180711041	Petitfee EGF	Petitfee EGF	C	100					100
	180852804	Скалер белый v1	Скалер белый v1	C	67					100
	180987509	Petitfee Pink Vita Brightening Eye Mask	Petitfee Pink Vita Brightening Eye Mask	C	100					100
	204258828	COSRX_Salicylic_Acid_Cleanser	COSRX_Salicylic_Acid_Cleanser	C	97					100
	207476777	FARMSTAY - Collagen Pure Cleansing Foam [180ml]	FARMSTAY - Collagen Pure Cleansing Foam [180ml]	C	94			2	100	
	207818000	ISNTREE - Chestnut AHA 8% Clear Essence Sample [20ml]	ISNTREE - Chestnut AHA 8% Clear Essence Sample [20ml]	C	60					100
	226114935	PETITFEE - Gold Hydrogel Mask Pack [5pcs]	PETITFEE - Gold Hydrogel Mask Pack [5pcs]	B	100					100
	238359400	LEBELAGE - High Protection Extreme Sun Cream SPF50+ PA++ [30ml] N	LEBELAGE - High Protection Extreme Sun Cream SPF50+ PA++ [30ml] N	A	82					100
	437776835	ROUND LAB PINE CALMING CICA AMPOULE_30ml	ROUND LAB PINE CALMING CICA AMPOULE_30ml	C	83			2	100	
	551472457	CELIMAX THE REAL NONI ENERGY AMPOULE_30ML (NEW) [30ml]	CELIMAX THE REAL NONI ENERGY AMPOULE_30ML (NEW) [30ml]	C	97					100
	551490295	CELIMAX PORE+DARK SPOT BRIGHTENING SERUM_10ml [10ml]	CELIMAX PORE+DARK SPOT BRIGHTENING SERUM_10ml [10ml]	C	94					100
	608624295	DEOPROCE SHAMPOO - BLACK GARLIC[600ml] с колпачком	DEOPROCE SHAMPOO - BLACK GARLIC[600ml] с колпачком	C	97					100
	868700077	MANYO BIFIDA INFUSION SHOT AMPOULE 1DX [50ml]	MANYO BIFIDA INFUSION SHOT AMPOULE 1DX [50ml]	B	86			1	50	50
	103431353	dm7dm9	dm7dm9	C	100					100
	179611304	Petitfee Cacao Energizing Hydrogel Eye Patch	Petitfee Cacao Energizing Hydrogel Eye Patch	C	91			1	100	
	180992464	PETITFEE Aura Quartz Hydrogel Eye Mask Pure Opal	PETITFEE Aura Quartz Hydrogel Eye Mask Pure Opal	C	95					100
	207818642	LEBELAGE - Dr. Hyaluronic Derma Eye Cream [40ml]	LEBELAGE - Dr. Hyaluronic Derma Eye Cream [40ml]	C	100					100
	212753217	JIGOTT - Collagen Healing Cream [100ml]	JIGOTT - Collagen Healing Cream [100ml]	C	97					100
	214304883	DEOPROCE - SNAIL RECOVERY CREAM [100g]	DEOPROCE - SNAIL RECOVERY CREAM [100g]	C	100			1	100	
	214312385	THE ORDINARY - Argireline Solution 10% [30ml]	THE ORDINARY - Argireline Solution 10% [30ml]	C	80					100
	226114831	PETITFEE - Artichoke Soothing Hydrogel Face Mask [5pcs]	PETITFEE - Artichoke Soothing Hydrogel Face Mask [5pcs]	C	96					100
	236825103	JMSOLUTION-Marine Luminous Pearl Deep Moisture Mask Pearl [1/2/3]*[10ea]	JMSOLUTION-Marine Luminous Pearl Deep Moisture Mask Pearl [1/2/3]*[10ea]	C	100					100
	248928046	SOME BY MI - AHA-BHA-PHA 30 Days Miracle Cleansing Bar [106g]	SOME BY MI - AHA-BHA-PHA 30 Days Miracle Cleansing Bar [106g]	C	86					100
	248929125	SOME BY MI - AHA-BHA-PHA 30 Days Miracle Cream [60g]	SOME BY MI - AHA-BHA-PHA 30 Days Miracle Cream [60g]	C	92					100
	551392965	CELIMAX DUAL BARRIER SKIN WEARABLE CREAM [50ml]	CELIMAX DUAL BARRIER SKIN WEARABLE CREAM [50ml]	C	100					100
	551447345	CELIMAX PORE+DARK SPOT BRIGHTENING CREAM [35ml]	CELIMAX PORE+DARK SPOT BRIGHTENING CREAM [35ml]	C	100					100
	551482493	CELIMAX PORE+DARK SPOT BRIGHTENING SERUM_30ml [30ml]	CELIMAX PORE+DARK SPOT BRIGHTENING SERUM_30ml [30ml]	C	75					100
	551540924	CELIMAX PORE+DARK SPOT BRIGHTENING PAD [100ml / 40pads]	CELIMAX PORE+DARK SPOT BRIGHTENING PAD [100ml / 40pads]	C	79					100
	180852837	Триммер черный v1	Триммер черный v1	C	100					
	214311963	SKIN1004 - Madagascar Centella Ampoule [30ml]	SKIN1004 - Madagascar Centella Ampoule [30ml]	C	86					
	315688951	Триммер Золото	Триммер Золото	C	100					
	663654300	videokamera4gneww	videokamera4gneww	C	100					
	Уральский					1045		881	47.88	52.12
	437154709	ROUND LAB 1025 DOKDO CLEANSER_150ml	ROUND LAB 1025 DOKDO CLEANSER_150ml	A	91			64	22.07	77.93
	868516027	Celimax Dual Barrier Creamy Toner	Celimax Dual Barrier Creamy Toner	A	90			122	48.03	51.97
	168956391	FARMSTAY COLLAGEN&HYALURONIC ACID ALL-IN ONE AMPOULE	FARMSTAY COLLAGEN&HYALURONIC ACID ALL-IN ONE AMPOULE	A	96			92	57.14	42.86
	551465879	CELIMAX THE VITA-A RETINOL SHOT TIGHTENING SERUM [30ml]	CELIMAX THE VITA-A RETINOL SHOT TIGHTENING SERUM [30ml]	A	91			51	65.38	34.62
	238415286	ENOUGH - Collagen Moisture Essential Cream [50ml] N	ENOUGH - Collagen Moisture Essential Cream [50ml] N	A	96	75		69	92	8
	207472742	FARMSTAY - Black Garlic Nourishing Shampoo [530ml]	FARMSTAY - Black Garlic Nourishing Shampoo [530ml]	A	94			48	73.85	26.15
	207796789	ENOUGH - Gold Snail Moisture Foundation [Tone 13]	ENOUGH - Gold Snail Moisture Foundation [Tone 13]	A	92			15	30.61	69.39
	150925321	Collagen_Enough_Moisture_Foundation_13	Collagen_Enough_Moisture_Foundation_13	A	95			4	8.51	91.49
	151313163	Etude Baking Powder Crunch Pore Scrub	Etude Baking Powder Crunch Pore Scrub	A	95			40	93.02	6.98
	169076150	FARMSTAY ESCARGOT NOBLESSE INTENSIVE CREAM	FARMSTAY ESCARGOT NOBLESSE INTENSIVE CREAM	A	97			26	60.47	39.53
	170198337	Enough 8 Peptide Full Cover Perfect Foundation 21 тон	Enough 8 Peptide Full Cover Perfect Foundation 21 тон	A	91			16	43.24	56.76
	207482718	JIGOTT - Snail Lifting Cream [70ml]	JIGOTT - Snail Lifting Cream [70ml]	A	96			24	66.67	33.33
	207469760	FARMSTAY - Gold Snail Premium Cream [50ml]	FARMSTAY - Gold Snail Premium Cream [50ml]	A	95			11	32.35	67.65
	437242640	ROUND LAB MUGWORT CALMING CLEANSER_150ml	ROUND LAB MUGWORT CALMING CLEANSER_150ml	A	89			9	32.14	67.86
	333318356	ENOUGH - Collagen Moisture Sun Cream SPF50+ PA++++ [50ml] N2	ENOUGH - Collagen Moisture Sun Cream SPF50+ PA++++ [50ml] N2	A	97			1	3.85	96.15
	207476309	FARMSTAY Argan Oil Complete Volume Up Shampoo & Conditioner [530ml]	FARMSTAY Argan Oil Complete Volume Up Shampoo & Conditioner [530ml]	A	97			8	32	68
	419630142	FARMSTAY ESCARGOT NOBLESSE INTENSIVE AMPOULE	FARMSTAY ESCARGOT NOBLESSE INTENSIVE AMPOULE	A	93	53		22	95.65	4.35
	206057411	ELIZAVECCA_fruit_toner	ELIZAVECCA_fruit_toner	B	98			2	9.52	90.48
	238358954	ENOUGH - Collagen 3in1 Sun Cream SPF50 PA++ [50ml] N	ENOUGH - Collagen 3in1 Sun Cream SPF50 PA++ [50ml] N	A	95	3		19	90.48	9.52
	151175880	Petitfee Black Pearl & Gold hydrogel Eye Patch	Petitfee Black Pearl & Gold hydrogel Eye Patch	A	97			4	26.67	73.33
	170198180	Enough Rich Gold Double Wea Radiance Foundation 13 тон	Enough Rich Gold Double Wea Radiance Foundation 13 тон	A	91	7		8	53.33	46.67
	207477077	FARMSTAY - Collagen Water Full Moist Cream [100g]	FARMSTAY - Collagen Water Full Moist Cream [100g]	A	98			1	6.67	93.33
	207483179	JIGOTT - Snail Reparing Cream [100ml]	JIGOTT - Snail Reparing Cream [100ml]	A	96	1				100
	212757456	JIGOTT - Daily Real Cica Toner [300ml]	JIGOTT - Daily Real Cica Toner [300ml]	A	93			14	93.33	6.67
	207475898	FARMSTAY - Collagen Water Full Shampoo & Conditioner [530ml]	FARMSTAY - Collagen Water Full Shampoo & Conditioner [530ml]	A	98			11	78.57	21.43
	212889025	Enoughcollagenwhiteningcovertip01	Enoughcollagenwhiteningcovertip01	B	90	6		5	35.71	64.29
	170198109	Enough Rich Gold Double Wea Radiance Foundation 21 тон	Enough Rich Gold Double Wea Radiance Foundation 21 тон	B	96	6		5	38.46	61.54
	207466866	HEIMISH - Artless Glow Base SPF50+ [40ml]	HEIMISH - Artless Glow Base SPF50+ [40ml]	B	91			5	38.46	61.54
	207796563	ELIZAVECCA - Aqua Hyaluronic Acid Water Drop Cream	ELIZAVECCA - Aqua Hyaluronic Acid Water Drop Cream	A	96			2	15.38	84.62
	868761530	LANEIGE LIP SLEEPING MASK-BERRY [3g]	LANEIGE LIP SLEEPING MASK-BERRY [3g]	A	88			8	61.54	38.46
	198156472	Manyo_Galac_Vita_Serum	Manyo_Galac_Vita_Serum	A	90	21		12	100	
	207796898	ENOUGH - Gold Snail Moisture Foundation [Tone 21]	ENOUGH - Gold Snail Moisture Foundation [Tone 21]	A	97					100
	150925322	Collagen_Enough_Moisture_Foundation_21	Collagen_Enough_Moisture_Foundation_21	B	93			2	20	80
	198147185	Manyo_Complex_Ampoule	Manyo_Complex_Ampoule	A	97			5	50	50
	212889027	Enoughcollagenwhiteningcovertip	Enoughcollagenwhiteningcovertip	B	81	15		8	80	20
	214964091	JMSOLUTION - Mask Pack Disney	JMSOLUTION - Mask Pack Disney	A	91	1		7	77.78	22.22
	151132051	ENOUGH COLLAGEN 3IN1 13	ENOUGH COLLAGEN 3IN1 13	B	90			3	37.50	62.50
	170198738	Enough 8 Peptide Full Cover Perfect Foundation 13 тон	Enough 8 Peptide Full Cover Perfect Foundation 13 тон	B	91			6	75	25
	198156698	Manyo_Pure_Cleansing_Oil	Manyo_Pure_Cleansing_Oil	B	92	26		8	100	
	207465786	HEIMISH - All Clean Balm Mandarin [120ml]	HEIMISH - All Clean Balm Mandarin [120ml]	B	97	2		8	100	
	212760119	JIGOTT - Ultimate Real Collagen Toner [300ml]	JIGOTT - Ultimate Real Collagen Toner [300ml]	B	98	15		8	100	
	212889028	Enoughcollagenwhiteningcovertip03	Enoughcollagenwhiteningcovertip03	B	86			5	62.50	37.50
	226115141	PETITFEE - Gold & Snail Hydrogel Mask Pack [5pcs]	PETITFEE - Gold & Snail Hydrogel Mask Pack [5pcs]	B	94			7	87.50	12.50
	437190353	ROUND LAB BIRCH JUICE MOISTURIZING CREAM_80ml	ROUND LAB BIRCH JUICE MOISTURIZING CREAM_80ml	B	89	10		4	50	50
	190159348	Elizavecca 24k gold snail Cleansing Foam 180ml	Elizavecca 24k gold snail Cleansing Foam 180ml	B	97					100
	240311751	Робот мойщик окон sBot w250	Робот мойщик окон sBot w250	B	83					100
	551607905	CELIMAX JI WOO GAE CICA BHA BLEMISH TONER PAD [170ml / 60pads]	CELIMAX JI WOO GAE CICA BHA BLEMISH TONER PAD [170ml / 60pads]	B	94			7	100	
	154159632	Baking Powder BB Deep Cleansing Foam 3в1 30	Baking Powder BB Deep Cleansing Foam 3в1 30	B	94	18		6	100	
	170198876	Enough Collagen Foundation Cover Up Ultra X10 21 тон	Enough Collagen Foundation Cover Up Ultra X10 21 тон	B	93					100
	212885914	FARMSTAY - Collagen Water Full Moist Rolling Eye Serum [25ml]	FARMSTAY - Collagen Water Full Moist Rolling Eye Serum [25ml]	C	97			3	50	50
	437254254	ROUND LAB SOYBEAN PANTHENOL CREAM_80ml	ROUND LAB SOYBEAN PANTHENOL CREAM_80ml	B	90	17		5	83.33	16.67
	437797551	ROUND LAB VITA NIACINAMIDE DARK SPOT SERUM 30ml	ROUND LAB VITA NIACINAMIDE DARK SPOT SERUM 30ml	B	89					100
	169198316	Etude House Baking Powder Pore Cleansing Foam 160 ml белая	Etude House Baking Powder Pore Cleansing Foam 160 ml белая	A	93	8		5	100	
	551600265	CELIMAX JI WOO GAE CICA BHA BLEMISH TONER PAD_10EA [30ml]	CELIMAX JI WOO GAE CICA BHA BLEMISH TONER PAD_10EA [30ml]	C	95					100
	611747838	Collagen_Enough_Moisture_Foundation_23	Collagen_Enough_Moisture_Foundation_23	C	90			2	40	60
	151132052	ENOUGH COLLAGEN 3IN1 21	ENOUGH COLLAGEN 3IN1 21	C	97	71		3	75	25
	176944957	sBotW300	sBotW300	B	97					100
	198143251	Manyo_Ampoule_Lotion	Manyo_Ampoule_Lotion	B	90	1		1	25	75
	207483780	JIGOTT - Birds Nest Firming Cream [70ml]	JIGOTT - Birds Nest Firming Cream [70ml]	B	99					100
	208202076	EKEL Ampule Сream Сollagen [70ml]	EKEL Ampule Сream Сollagen [70ml]	B	98					100
	212883090	JIGOTT - Aura Secret Hyaluronec Acid Toner [300ml]	JIGOTT - Aura Secret Hyaluronec Acid Toner [300ml]	B	91					100
	214305722	DEOPROCE SHAMPOO+BALSAM - BLACK GARLIC[2000ml]	DEOPROCE SHAMPOO+BALSAM - BLACK GARLIC[2000ml]	B	94					100
	437776835	ROUND LAB PINE CALMING CICA AMPOULE_30ml	ROUND LAB PINE CALMING CICA AMPOULE_30ml	C	83	1		4	100	
	608624295	DEOPROCE SHAMPOO - BLACK GARLIC[600ml] с колпачком	DEOPROCE SHAMPOO - BLACK GARLIC[600ml] с колпачком	C	97	19		3	75	25
	608841921	DEOPROCE SHAMPOO - BLACK GARLIC[200ml]	DEOPROCE SHAMPOO - BLACK GARLIC[200ml]	B	94	14		2	50	50
	868575374	MANYO BIFIDA COMPLEX AMPOULE GEL CLEANSER [400ml]	MANYO BIFIDA COMPLEX AMPOULE GEL CLEANSER [400ml]	B	94	26		3	75	25
	868700077	MANYO BIFIDA INFUSION SHOT AMPOULE 1DX [50ml]	MANYO BIFIDA INFUSION SHOT AMPOULE 1DX [50ml]	B	86	6		4	100	
	151175877	Petitfee Agave Cooling Hydrogel Eye Mask	Petitfee Agave Cooling Hydrogel Eye Mask	B	98	1		2	66.67	33.33
	199427475	Dr.Jart_Teatreatment_Toner	Dr.Jart_Teatreatment_Toner	C	94					100
	207476777	FARMSTAY - Collagen Pure Cleansing Foam [180ml]	FARMSTAY - Collagen Pure Cleansing Foam [180ml]	C	94	20		3	100	
	207796439	ELIZAVECCA - Natural 90% Olive Cleansing Oil	ELIZAVECCA - Natural 90% Olive Cleansing Oil	B	95			2	66.67	33.33
	210575566	LEBELAGE - Dr. Peptide Derma Eye Cream [40ml]	LEBELAGE - Dr. Peptide Derma Eye Cream [40ml]	C	100			1	33.33	66.67
	214977901	JMSOLUTION - Mask Pack Black	JMSOLUTION - Mask Pack Black	C	90	22		3	100	
	226114831	PETITFEE - Artichoke Soothing Hydrogel Face Mask [5pcs]	PETITFEE - Artichoke Soothing Hydrogel Face Mask [5pcs]	C	96	1				100
	226114935	PETITFEE - Gold Hydrogel Mask Pack [5pcs]	PETITFEE - Gold Hydrogel Mask Pack [5pcs]	B	100					100
	226115324	PETITFEE - Agave Cooling Hydrogel Face Mask [5pcs]	PETITFEE - Agave Cooling Hydrogel Face Mask [5pcs]	A	96					100
	226117746	PETITFEE - Chamomile Lightening Hydrogel Mask Pack [5pcs]	PETITFEE - Chamomile Lightening Hydrogel Mask Pack [5pcs]	B	97			2	66.67	33.33
	238359400	LEBELAGE - High Protection Extreme Sun Cream SPF50+ PA++ [30ml] N	LEBELAGE - High Protection Extreme Sun Cream SPF50+ PA++ [30ml] N	A	82					100
	238413828	ENOUGH collagen moisture BB Cream SPF47 PA+++ N	ENOUGH collagen moisture BB Cream SPF47 PA+++ N	B	96			2	66.67	33.33
	238416010	Enough Collagen Whitening Moisture Cream 3in1 50 N	Enough Collagen Whitening Moisture Cream 3in1 50 N	B	98	52		3	100	
	551387355	CELIMAX THE VITA-A RETINAL SHOT TIGHTENING BOOSTER [15ml]	CELIMAX THE VITA-A RETINAL SHOT TIGHTENING BOOSTER [15ml]	C	90	138		3	100	
	608837066	DEOPROCE SHAMPOO - BLACK GARLIC[600ml] без колпачка	DEOPROCE SHAMPOO - BLACK GARLIC[600ml] без колпачка	C	98					100
	179611231	Petitfee 98% Collagen & CoQ10 Hydro Gel Eye Patch	Petitfee 98% Collagen & CoQ10 Hydro Gel Eye Patch	C	100	12		2	100	
	179611318	Petitfee Chamomile Lightening Hydrogel Eye Mask	Petitfee Chamomile Lightening Hydrogel Eye Mask	B	95	36		2	100	
	180988755	Petitfee B-Glucan Deep Firming Eye Mask	Petitfee B-Glucan Deep Firming Eye Mask	C	97	5		2	100	
	180992464	PETITFEE Aura Quartz Hydrogel Eye Mask Pure Opal	PETITFEE Aura Quartz Hydrogel Eye Mask Pure Opal	C	95			1	50	50
	206126372	I'm Sorry for My Skin Крем Age Capture Vitalizer	I'm Sorry for My Skin Крем Age Capture Vitalizer	B	93					100
	207481251	COSRX Advanced Snail 96 Mucin Power Essence [100ml]	COSRX Advanced Snail 96 Mucin Power Essence [100ml]	B	98	21		2	100	
	207796350	ELIZAVECCA - CER-100  [100ml]	ELIZAVECCA - CER-100  [100ml]	C	93					100
	208208674	Рация_UV-82 (1 шт)	Рация_UV-82 (1 шт)	C	77			2	100	
	212753217	JIGOTT - Collagen Healing Cream [100ml]	JIGOTT - Collagen Healing Cream [100ml]	C	97	2		1	50	50
	212759698	JIGOTT - Moisture Real Aloe Vera Toner [300ml]	JIGOTT - Moisture Real Aloe Vera Toner [300ml]	B	95			2	100	
	226115248	PETITFEE - Cacao Energizing Hydrogel Mask Pack [5pcs]	PETITFEE - Cacao Energizing Hydrogel Mask Pack [5pcs]	C	100					100
	307073881	ETUDE Baking Powder BB Deep Cleansing Foam 160 мл N	ETUDE Baking Powder BB Deep Cleansing Foam 160 мл N	C	92	1		2	100	
	100680843	sBotW120_100680843	sBotW120_100680843	B	100					100
	154160085	Etude Baking Powder Crunch Pore Scrub треугольники 30	Etude Baking Powder Crunch Pore Scrub треугольники 30	B	90			1	100	
	179611207	Petitfee GOLD & SNAIL HYDROGEL EYE PATCH	Petitfee GOLD & SNAIL HYDROGEL EYE PATCH	B	98					100
	180852837	Триммер черный v1	Триммер черный v1	C	100					100
	180987509	Petitfee Pink Vita Brightening Eye Mask	Petitfee Pink Vita Brightening Eye Mask	C	100					100
	183030830	HairSet/350/8*2	HairSet/350/8*2	C	100					100
	207479264	EKEL Ampoule Cream Collagen [50ml]	EKEL Ampoule Cream Collagen [50ml]	B	98			1	100	
	207818642	LEBELAGE - Dr. Hyaluronic Derma Eye Cream [40ml]	LEBELAGE - Dr. Hyaluronic Derma Eye Cream [40ml]	C	100					100
	212719009	DR. JART - Cicapair Tiger Grass Color Correcting Treatment [50ml]	DR. JART - Cicapair Tiger Grass Color Correcting Treatment [50ml]	C	100					100
	214305705	DEOPROCE SHAMPOO - ARGAN SILKY MOISTURE [1000ml]	DEOPROCE SHAMPOO - ARGAN SILKY MOISTURE [1000ml]	C	100					100
	214311963	SKIN1004 - Madagascar Centella Ampoule [30ml]	SKIN1004 - Madagascar Centella Ampoule [30ml]	C	86	1		1	100	
	214312385	THE ORDINARY - Argireline Solution 10% [30ml]	THE ORDINARY - Argireline Solution 10% [30ml]	C	80					100
	248928046	SOME BY MI - AHA-BHA-PHA 30 Days Miracle Cleansing Bar [106g]	SOME BY MI - AHA-BHA-PHA 30 Days Miracle Cleansing Bar [106g]	C	86					100
	315688951	Триммер Золото	Триммер Золото	C	100					100
	551392965	CELIMAX DUAL BARRIER SKIN WEARABLE CREAM [50ml]	CELIMAX DUAL BARRIER SKIN WEARABLE CREAM [50ml]	C	100	1		1	100	
	551447345	CELIMAX PORE+DARK SPOT BRIGHTENING CREAM [35ml]	CELIMAX PORE+DARK SPOT BRIGHTENING CREAM [35ml]	C	100	23		1	100	
	551472457	CELIMAX THE REAL NONI ENERGY AMPOULE_30ML (NEW) [30ml]	CELIMAX THE REAL NONI ENERGY AMPOULE_30ML (NEW) [30ml]	C	97	57		1	100	
	551540924	CELIMAX PORE+DARK SPOT BRIGHTENING PAD [100ml / 40pads]	CELIMAX PORE+DARK SPOT BRIGHTENING PAD [100ml / 40pads]	C	79					100
	551616449	CELIMAX THE REAL NONI STARTER KIT (NEW) [30ml+10ml+10ml]	CELIMAX THE REAL NONI STARTER KIT (NEW) [30ml+10ml+10ml]	C	80	13		1	100	
	663654300	videokamera4gneww	videokamera4gneww	C	100					100
	179611278	Petitfee Artichoke Soothing Hydrogel Eye Mask	Petitfee Artichoke Soothing Hydrogel Eye Mask	C	97	17				
	179611304	Petitfee Cacao Energizing Hydrogel Eye Patch	Petitfee Cacao Energizing Hydrogel Eye Patch	C	91	23				
	180711041	Petitfee EGF	Petitfee EGF	C	100	5				
	180711104	Petitfee GOLD	Petitfee GOLD	C	97	18				
	180852804	Скалер белый v1	Скалер белый v1	C	67	5				
	190160008	Elizavecca Milky Piggy EGF elastic retinol [100ml]	Elizavecca Milky Piggy EGF elastic retinol [100ml]	C	75	5				
	206058262	ELIZAVECCA_galactomyces_Ample	ELIZAVECCA_galactomyces_Ample	C	100	5				
	214304883	DEOPROCE - SNAIL RECOVERY CREAM [100g]	DEOPROCE - SNAIL RECOVERY CREAM [100g]	C	100	6				
	214312149	SKIN1004 - Madagascar Centella Hyalu-Cica Sleeping Pack [30ml]	SKIN1004 - Madagascar Centella Hyalu-Cica Sleeping Pack [30ml]	C	90	9				
	236825103	JMSOLUTION-Marine Luminous Pearl Deep Moisture Mask Pearl [1/2/3]*[10ea]	JMSOLUTION-Marine Luminous Pearl Deep Moisture Mask Pearl [1/2/3]*[10ea]	C	100	28				
	247275092	THE ORDINARY - Glycolic Acid 7% Toning Solution[KOR] [240ml]	THE ORDINARY - Glycolic Acid 7% Toning Solution[KOR] [240ml]	C	100	5				
	255574453	JIGOTT - MASK 15	JIGOTT - MASK 15	C	100	39				
	340752919	PETITFEE Black Pearl & Gold Hydrogel Eye Patch/Gold Hydrogel Eye Patch	PETITFEE Black Pearl & Gold Hydrogel Eye Patch/Gold Hydrogel Eye Patch	C	100	5				
	551482493	CELIMAX PORE+DARK SPOT BRIGHTENING SERUM_30ml [30ml]	CELIMAX PORE+DARK SPOT BRIGHTENING SERUM_30ml [30ml]	C	75	34				
	551518955	CELIMAX THE REAL NONI MOISTURE BALANCING TONER (NEW) [150ml]	CELIMAX THE REAL NONI MOISTURE BALANCING TONER (NEW) [150ml]	C	100	13				
	Беларусь									100
	868516027	Celimax Dual Barrier Creamy Toner	Celimax Dual Barrier Creamy Toner	A	90					100
	437154709	ROUND LAB 1025 DOKDO CLEANSER_150ml	ROUND LAB 1025 DOKDO CLEANSER_150ml	A	91					100
	168956391	FARMSTAY COLLAGEN&HYALURONIC ACID ALL-IN ONE AMPOULE	FARMSTAY COLLAGEN&HYALURONIC ACID ALL-IN ONE AMPOULE	A	96					100
	238415286	ENOUGH - Collagen Moisture Essential Cream [50ml] N	ENOUGH - Collagen Moisture Essential Cream [50ml] N	A	96					100
	207796789	ENOUGH - Gold Snail Moisture Foundation [Tone 13]	ENOUGH - Gold Snail Moisture Foundation [Tone 13]	A	92					100
	207472742	FARMSTAY - Black Garlic Nourishing Shampoo [530ml]	FARMSTAY - Black Garlic Nourishing Shampoo [530ml]	A	94					100
	238358954	ENOUGH - Collagen 3in1 Sun Cream SPF50 PA++ [50ml] N	ENOUGH - Collagen 3in1 Sun Cream SPF50 PA++ [50ml] N	A	95					100
	551465879	CELIMAX THE VITA-A RETINOL SHOT TIGHTENING SERUM [30ml]	CELIMAX THE VITA-A RETINOL SHOT TIGHTENING SERUM [30ml]	A	91					100
	151175877	Petitfee Agave Cooling Hydrogel Eye Mask	Petitfee Agave Cooling Hydrogel Eye Mask	B	98					100
	333318356	ENOUGH - Collagen Moisture Sun Cream SPF50+ PA++++ [50ml] N2	ENOUGH - Collagen Moisture Sun Cream SPF50+ PA++++ [50ml] N2	A	97					100
	150925321	Collagen_Enough_Moisture_Foundation_13	Collagen_Enough_Moisture_Foundation_13	A	95					100
	151175880	Petitfee Black Pearl & Gold hydrogel Eye Patch	Petitfee Black Pearl & Gold hydrogel Eye Patch	A	97					100
	207796898	ENOUGH - Gold Snail Moisture Foundation [Tone 21]	ENOUGH - Gold Snail Moisture Foundation [Tone 21]	A	97					100
	169076150	FARMSTAY ESCARGOT NOBLESSE INTENSIVE CREAM	FARMSTAY ESCARGOT NOBLESSE INTENSIVE CREAM	A	97					100
	437242640	ROUND LAB MUGWORT CALMING CLEANSER_150ml	ROUND LAB MUGWORT CALMING CLEANSER_150ml	A	89					100
	170198180	Enough Rich Gold Double Wea Radiance Foundation 13 тон	Enough Rich Gold Double Wea Radiance Foundation 13 тон	A	91					100
	207482718	JIGOTT - Snail Lifting Cream [70ml]	JIGOTT - Snail Lifting Cream [70ml]	A	96					100
	207796563	ELIZAVECCA - Aqua Hyaluronic Acid Water Drop Cream	ELIZAVECCA - Aqua Hyaluronic Acid Water Drop Cream	A	96					100
	170198109	Enough Rich Gold Double Wea Radiance Foundation 21 тон	Enough Rich Gold Double Wea Radiance Foundation 21 тон	B	96					100
	170198337	Enough 8 Peptide Full Cover Perfect Foundation 21 тон	Enough 8 Peptide Full Cover Perfect Foundation 21 тон	A	91					100
	207483179	JIGOTT - Snail Reparing Cream [100ml]	JIGOTT - Snail Reparing Cream [100ml]	A	96					100
	551607905	CELIMAX JI WOO GAE CICA BHA BLEMISH TONER PAD [170ml / 60pads]	CELIMAX JI WOO GAE CICA BHA BLEMISH TONER PAD [170ml / 60pads]	B	94					100
	198147185	Manyo_Complex_Ampoule	Manyo_Complex_Ampoule	A	97					100
	207465786	HEIMISH - All Clean Balm Mandarin [120ml]	HEIMISH - All Clean Balm Mandarin [120ml]	B	97					100
	212757456	JIGOTT - Daily Real Cica Toner [300ml]	JIGOTT - Daily Real Cica Toner [300ml]	A	93					100
	226117746	PETITFEE - Chamomile Lightening Hydrogel Mask Pack [5pcs]	PETITFEE - Chamomile Lightening Hydrogel Mask Pack [5pcs]	B	97					100
	207475898	FARMSTAY - Collagen Water Full Shampoo & Conditioner [530ml]	FARMSTAY - Collagen Water Full Shampoo & Conditioner [530ml]	A	98					100
	207481251	COSRX Advanced Snail 96 Mucin Power Essence [100ml]	COSRX Advanced Snail 96 Mucin Power Essence [100ml]	B	98					100
	551387355	CELIMAX THE VITA-A RETINAL SHOT TIGHTENING BOOSTER [15ml]	CELIMAX THE VITA-A RETINAL SHOT TIGHTENING BOOSTER [15ml]	C	90					100
	170198738	Enough 8 Peptide Full Cover Perfect Foundation 13 тон	Enough 8 Peptide Full Cover Perfect Foundation 13 тон	B	91					100
	170198876	Enough Collagen Foundation Cover Up Ultra X10 21 тон	Enough Collagen Foundation Cover Up Ultra X10 21 тон	B	93					100
	198143251	Manyo_Ampoule_Lotion	Manyo_Ampoule_Lotion	B	90					100
	198156472	Manyo_Galac_Vita_Serum	Manyo_Galac_Vita_Serum	A	90					100
	207476309	FARMSTAY Argan Oil Complete Volume Up Shampoo & Conditioner [530ml]	FARMSTAY Argan Oil Complete Volume Up Shampoo & Conditioner [530ml]	A	97					100
	207796439	ELIZAVECCA - Natural 90% Olive Cleansing Oil	ELIZAVECCA - Natural 90% Olive Cleansing Oil	B	95					100
	208202076	EKEL Ampule Сream Сollagen [70ml]	EKEL Ampule Сream Сollagen [70ml]	B	98					100
	214964091	JMSOLUTION - Mask Pack Disney	JMSOLUTION - Mask Pack Disney	A	91					100
	419630142	FARMSTAY ESCARGOT NOBLESSE INTENSIVE AMPOULE	FARMSTAY ESCARGOT NOBLESSE INTENSIVE AMPOULE	A	93					100
	868761530	LANEIGE LIP SLEEPING MASK-BERRY [3g]	LANEIGE LIP SLEEPING MASK-BERRY [3g]	A	88					100
	151132052	ENOUGH COLLAGEN 3IN1 21	ENOUGH COLLAGEN 3IN1 21	C	97					100
	207477077	FARMSTAY - Collagen Water Full Moist Cream [100g]	FARMSTAY - Collagen Water Full Moist Cream [100g]	A	98					100
	207483780	JIGOTT - Birds Nest Firming Cream [70ml]	JIGOTT - Birds Nest Firming Cream [70ml]	B	99					100
	151313163	Etude Baking Powder Crunch Pore Scrub	Etude Baking Powder Crunch Pore Scrub	A	95					100
	169198316	Etude House Baking Powder Pore Cleansing Foam 160 ml белая	Etude House Baking Powder Pore Cleansing Foam 160 ml белая	A	93					100
	180988755	Petitfee B-Glucan Deep Firming Eye Mask	Petitfee B-Glucan Deep Firming Eye Mask	C	97					100
	198156698	Manyo_Pure_Cleansing_Oil	Manyo_Pure_Cleansing_Oil	B	92					100
	212889025	Enoughcollagenwhiteningcovertip01	Enoughcollagenwhiteningcovertip01	B	90					100
	212889027	Enoughcollagenwhiteningcovertip	Enoughcollagenwhiteningcovertip	B	81					100
	226115141	PETITFEE - Gold & Snail Hydrogel Mask Pack [5pcs]	PETITFEE - Gold & Snail Hydrogel Mask Pack [5pcs]	B	94					100
	240311751	Робот мойщик окон sBot w250	Робот мойщик окон sBot w250	B	83					100
	248929125	SOME BY MI - AHA-BHA-PHA 30 Days Miracle Cream [60g]	SOME BY MI - AHA-BHA-PHA 30 Days Miracle Cream [60g]	C	92					100
	437254254	ROUND LAB SOYBEAN PANTHENOL CREAM_80ml	ROUND LAB SOYBEAN PANTHENOL CREAM_80ml	B	90					100
	868575374	MANYO BIFIDA COMPLEX AMPOULE GEL CLEANSER [400ml]	MANYO BIFIDA COMPLEX AMPOULE GEL CLEANSER [400ml]	B	94					100
	150925322	Collagen_Enough_Moisture_Foundation_21	Collagen_Enough_Moisture_Foundation_21	B	93					100
	151132051	ENOUGH COLLAGEN 3IN1 13	ENOUGH COLLAGEN 3IN1 13	B	90					100
	179611231	Petitfee 98% Collagen & CoQ10 Hydro Gel Eye Patch	Petitfee 98% Collagen & CoQ10 Hydro Gel Eye Patch	C	100					100
	179611318	Petitfee Chamomile Lightening Hydrogel Eye Mask	Petitfee Chamomile Lightening Hydrogel Eye Mask	B	95					100
	204258828	COSRX_Salicylic_Acid_Cleanser	COSRX_Salicylic_Acid_Cleanser	C	97					100
	206057411	ELIZAVECCA_fruit_toner	ELIZAVECCA_fruit_toner	B	98					100
	207469760	FARMSTAY - Gold Snail Premium Cream [50ml]	FARMSTAY - Gold Snail Premium Cream [50ml]	A	95					100
	208208674	Рация_UV-82 (1 шт)	Рация_UV-82 (1 шт)	C	77					100
	210579932	LEBELAGE - Dr. Snail Derma Eye Cream [40ml]	LEBELAGE - Dr. Snail Derma Eye Cream [40ml]	C	96					100
	212759698	JIGOTT - Moisture Real Aloe Vera Toner [300ml]	JIGOTT - Moisture Real Aloe Vera Toner [300ml]	B	95					100
	214304883	DEOPROCE - SNAIL RECOVERY CREAM [100g]	DEOPROCE - SNAIL RECOVERY CREAM [100g]	C	100					100
	214305722	DEOPROCE SHAMPOO+BALSAM - BLACK GARLIC[2000ml]	DEOPROCE SHAMPOO+BALSAM - BLACK GARLIC[2000ml]	B	94					100
	226115324	PETITFEE - Agave Cooling Hydrogel Face Mask [5pcs]	PETITFEE - Agave Cooling Hydrogel Face Mask [5pcs]	A	96					100
	238416010	Enough Collagen Whitening Moisture Cream 3in1 50 N	Enough Collagen Whitening Moisture Cream 3in1 50 N	B	98					100
	437797551	ROUND LAB VITA NIACINAMIDE DARK SPOT SERUM 30ml	ROUND LAB VITA NIACINAMIDE DARK SPOT SERUM 30ml	B	89					100
	551600265	CELIMAX JI WOO GAE CICA BHA BLEMISH TONER PAD_10EA [30ml]	CELIMAX JI WOO GAE CICA BHA BLEMISH TONER PAD_10EA [30ml]	C	95					100
	608624295	DEOPROCE SHAMPOO - BLACK GARLIC[600ml] с колпачком	DEOPROCE SHAMPOO - BLACK GARLIC[600ml] с колпачком	C	97					100
	608841921	DEOPROCE SHAMPOO - BLACK GARLIC[200ml]	DEOPROCE SHAMPOO - BLACK GARLIC[200ml]	B	94					100
	611747838	Collagen_Enough_Moisture_Foundation_23	Collagen_Enough_Moisture_Foundation_23	C	90					100
	174668134	Пистолет перкуссионный V1	Пистолет перкуссионный V1	C	80					100
	176944957	sBotW300	sBotW300	B	97					100
	179611207	Petitfee GOLD & SNAIL HYDROGEL EYE PATCH	Petitfee GOLD & SNAIL HYDROGEL EYE PATCH	B	98					100
	179611304	Petitfee Cacao Energizing Hydrogel Eye Patch	Petitfee Cacao Energizing Hydrogel Eye Patch	C	91					100
	180711104	Petitfee GOLD	Petitfee GOLD	C	97					100
	180992464	PETITFEE Aura Quartz Hydrogel Eye Mask Pure Opal	PETITFEE Aura Quartz Hydrogel Eye Mask Pure Opal	C	95					100
	183030830	HairSet/350/8*2	HairSet/350/8*2	C	100					100
	190159348	Elizavecca 24k gold snail Cleansing Foam 180ml	Elizavecca 24k gold snail Cleansing Foam 180ml	B	97					100
	206058262	ELIZAVECCA_galactomyces_Ample	ELIZAVECCA_galactomyces_Ample	C	100					100
	207479264	EKEL Ampoule Cream Collagen [50ml]	EKEL Ampoule Cream Collagen [50ml]	B	98					100
	207796350	ELIZAVECCA - CER-100  [100ml]	ELIZAVECCA - CER-100  [100ml]	C	93					100
	212753217	JIGOTT - Collagen Healing Cream [100ml]	JIGOTT - Collagen Healing Cream [100ml]	C	97					100
	212760119	JIGOTT - Ultimate Real Collagen Toner [300ml]	JIGOTT - Ultimate Real Collagen Toner [300ml]	B	98					100
	212883090	JIGOTT - Aura Secret Hyaluronec Acid Toner [300ml]	JIGOTT - Aura Secret Hyaluronec Acid Toner [300ml]	B	91					100
	212885914	FARMSTAY - Collagen Water Full Moist Rolling Eye Serum [25ml]	FARMSTAY - Collagen Water Full Moist Rolling Eye Serum [25ml]	C	97					100
	214312385	THE ORDINARY - Argireline Solution 10% [30ml]	THE ORDINARY - Argireline Solution 10% [30ml]	C	80					100
	214977901	JMSOLUTION - Mask Pack Black	JMSOLUTION - Mask Pack Black	C	90					100
	226114831	PETITFEE - Artichoke Soothing Hydrogel Face Mask [5pcs]	PETITFEE - Artichoke Soothing Hydrogel Face Mask [5pcs]	C	96					100
	226115478	PETITFEE - Black Pearl & Gold Hydrogel Mask Pack [5pcs]	PETITFEE - Black Pearl & Gold Hydrogel Mask Pack [5pcs]	C	100					100
	238413828	ENOUGH collagen moisture BB Cream SPF47 PA+++ N	ENOUGH collagen moisture BB Cream SPF47 PA+++ N	B	96					100
	248928046	SOME BY MI - AHA-BHA-PHA 30 Days Miracle Cleansing Bar [106g]	SOME BY MI - AHA-BHA-PHA 30 Days Miracle Cleansing Bar [106g]	C	86					100
	437190353	ROUND LAB BIRCH JUICE MOISTURIZING CREAM_80ml	ROUND LAB BIRCH JUICE MOISTURIZING CREAM_80ml	B	89					100
	551447345	CELIMAX PORE+DARK SPOT BRIGHTENING CREAM [35ml]	CELIMAX PORE+DARK SPOT BRIGHTENING CREAM [35ml]	C	100					100
	551472457	CELIMAX THE REAL NONI ENERGY AMPOULE_30ML (NEW) [30ml]	CELIMAX THE REAL NONI ENERGY AMPOULE_30ML (NEW) [30ml]	C	97					100
	611745490	ENOUGH Collagen whitening cover tip concealer #03	ENOUGH Collagen whitening cover tip concealer #03	C	100					100
	Казахстан					2		3	1.47	98.53
	437154709	ROUND LAB 1025 DOKDO CLEANSER_150ml	ROUND LAB 1025 DOKDO CLEANSER_150ml	A	91					100
	207482718	JIGOTT - Snail Lifting Cream [70ml]	JIGOTT - Snail Lifting Cream [70ml]	A	96					100
	168956391	FARMSTAY COLLAGEN&HYALURONIC ACID ALL-IN ONE AMPOULE	FARMSTAY COLLAGEN&HYALURONIC ACID ALL-IN ONE AMPOULE	A	96					100
	868516027	Celimax Dual Barrier Creamy Toner	Celimax Dual Barrier Creamy Toner	A	90					100
	868761530	LANEIGE LIP SLEEPING MASK-BERRY [3g]	LANEIGE LIP SLEEPING MASK-BERRY [3g]	A	88					100
	151313163	Etude Baking Powder Crunch Pore Scrub	Etude Baking Powder Crunch Pore Scrub	A	95					100
	238415286	ENOUGH - Collagen Moisture Essential Cream [50ml] N	ENOUGH - Collagen Moisture Essential Cream [50ml] N	A	96					100
	207469760	FARMSTAY - Gold Snail Premium Cream [50ml]	FARMSTAY - Gold Snail Premium Cream [50ml]	A	95					100
	238358954	ENOUGH - Collagen 3in1 Sun Cream SPF50 PA++ [50ml] N	ENOUGH - Collagen 3in1 Sun Cream SPF50 PA++ [50ml] N	A	95			2	33.33	66.67
	333318356	ENOUGH - Collagen Moisture Sun Cream SPF50+ PA++++ [50ml] N2	ENOUGH - Collagen Moisture Sun Cream SPF50+ PA++++ [50ml] N2	A	97					100
	437242640	ROUND LAB MUGWORT CALMING CLEANSER_150ml	ROUND LAB MUGWORT CALMING CLEANSER_150ml	A	89					100
	150925321	Collagen_Enough_Moisture_Foundation_13	Collagen_Enough_Moisture_Foundation_13	A	95					100
	151175877	Petitfee Agave Cooling Hydrogel Eye Mask	Petitfee Agave Cooling Hydrogel Eye Mask	B	98					100
	419630142	FARMSTAY ESCARGOT NOBLESSE INTENSIVE AMPOULE	FARMSTAY ESCARGOT NOBLESSE INTENSIVE AMPOULE	A	93					100
	151175880	Petitfee Black Pearl & Gold hydrogel Eye Patch	Petitfee Black Pearl & Gold hydrogel Eye Patch	A	97					100
	169076150	FARMSTAY ESCARGOT NOBLESSE INTENSIVE CREAM	FARMSTAY ESCARGOT NOBLESSE INTENSIVE CREAM	A	97					100
	170198738	Enough 8 Peptide Full Cover Perfect Foundation 13 тон	Enough 8 Peptide Full Cover Perfect Foundation 13 тон	B	91					100
	198156472	Manyo_Galac_Vita_Serum	Manyo_Galac_Vita_Serum	A	90			1	33.33	66.67
	207472742	FARMSTAY - Black Garlic Nourishing Shampoo [530ml]	FARMSTAY - Black Garlic Nourishing Shampoo [530ml]	A	94					100
	207476309	FARMSTAY Argan Oil Complete Volume Up Shampoo & Conditioner [530ml]	FARMSTAY Argan Oil Complete Volume Up Shampoo & Conditioner [530ml]	A	97					100
	214964091	JMSOLUTION - Mask Pack Disney	JMSOLUTION - Mask Pack Disney	A	91					100
	238416010	Enough Collagen Whitening Moisture Cream 3in1 50 N	Enough Collagen Whitening Moisture Cream 3in1 50 N	B	98	1				100
	551465879	CELIMAX THE VITA-A RETINOL SHOT TIGHTENING SERUM [30ml]	CELIMAX THE VITA-A RETINOL SHOT TIGHTENING SERUM [30ml]	A	91					100
	170198109	Enough Rich Gold Double Wea Radiance Foundation 21 тон	Enough Rich Gold Double Wea Radiance Foundation 21 тон	B	96					100
	170198180	Enough Rich Gold Double Wea Radiance Foundation 13 тон	Enough Rich Gold Double Wea Radiance Foundation 13 тон	A	91					100
	170198337	Enough 8 Peptide Full Cover Perfect Foundation 21 тон	Enough 8 Peptide Full Cover Perfect Foundation 21 тон	A	91					100
	198143251	Manyo_Ampoule_Lotion	Manyo_Ampoule_Lotion	B	90					100
	212757456	JIGOTT - Daily Real Cica Toner [300ml]	JIGOTT - Daily Real Cica Toner [300ml]	A	93					100
	212889025	Enoughcollagenwhiteningcovertip01	Enoughcollagenwhiteningcovertip01	B	90					100
	226117746	PETITFEE - Chamomile Lightening Hydrogel Mask Pack [5pcs]	PETITFEE - Chamomile Lightening Hydrogel Mask Pack [5pcs]	B	97					100
	151132051	ENOUGH COLLAGEN 3IN1 13	ENOUGH COLLAGEN 3IN1 13	B	90					100
	154159632	Baking Powder BB Deep Cleansing Foam 3в1 30	Baking Powder BB Deep Cleansing Foam 3в1 30	B	94					100
	169198316	Etude House Baking Powder Pore Cleansing Foam 160 ml белая	Etude House Baking Powder Pore Cleansing Foam 160 ml белая	A	93					100
	170198876	Enough Collagen Foundation Cover Up Ultra X10 21 тон	Enough Collagen Foundation Cover Up Ultra X10 21 тон	B	93					100
	180988755	Petitfee B-Glucan Deep Firming Eye Mask	Petitfee B-Glucan Deep Firming Eye Mask	C	97					100
	190160008	Elizavecca Milky Piggy EGF elastic retinol [100ml]	Elizavecca Milky Piggy EGF elastic retinol [100ml]	C	75					100
	198147185	Manyo_Complex_Ampoule	Manyo_Complex_Ampoule	A	97					100
	199427475	Dr.Jart_Teatreatment_Toner	Dr.Jart_Teatreatment_Toner	C	94					100
	206057411	ELIZAVECCA_fruit_toner	ELIZAVECCA_fruit_toner	B	98					100
	207466866	HEIMISH - Artless Glow Base SPF50+ [40ml]	HEIMISH - Artless Glow Base SPF50+ [40ml]	B	91					100
	207475898	FARMSTAY - Collagen Water Full Shampoo & Conditioner [530ml]	FARMSTAY - Collagen Water Full Shampoo & Conditioner [530ml]	A	98					100
	207481251	COSRX Advanced Snail 96 Mucin Power Essence [100ml]	COSRX Advanced Snail 96 Mucin Power Essence [100ml]	B	98					100
	207483179	JIGOTT - Snail Reparing Cream [100ml]	JIGOTT - Snail Reparing Cream [100ml]	A	96					100
	207796439	ELIZAVECCA - Natural 90% Olive Cleansing Oil	ELIZAVECCA - Natural 90% Olive Cleansing Oil	B	95					100
	207796563	ELIZAVECCA - Aqua Hyaluronic Acid Water Drop Cream	ELIZAVECCA - Aqua Hyaluronic Acid Water Drop Cream	A	96					100
	207796789	ENOUGH - Gold Snail Moisture Foundation [Tone 13]	ENOUGH - Gold Snail Moisture Foundation [Tone 13]	A	92					100
	207796898	ENOUGH - Gold Snail Moisture Foundation [Tone 21]	ENOUGH - Gold Snail Moisture Foundation [Tone 21]	A	97					100
	212885914	FARMSTAY - Collagen Water Full Moist Rolling Eye Serum [25ml]	FARMSTAY - Collagen Water Full Moist Rolling Eye Serum [25ml]	C	97					100
	212889028	Enoughcollagenwhiteningcovertip03	Enoughcollagenwhiteningcovertip03	B	86					100
	238413828	ENOUGH collagen moisture BB Cream SPF47 PA+++ N	ENOUGH collagen moisture BB Cream SPF47 PA+++ N	B	96					100
	437190353	ROUND LAB BIRCH JUICE MOISTURIZING CREAM_80ml	ROUND LAB BIRCH JUICE MOISTURIZING CREAM_80ml	B	89					100
	551600265	CELIMAX JI WOO GAE CICA BHA BLEMISH TONER PAD_10EA [30ml]	CELIMAX JI WOO GAE CICA BHA BLEMISH TONER PAD_10EA [30ml]	C	95					100
	608841921	DEOPROCE SHAMPOO - BLACK GARLIC[200ml]	DEOPROCE SHAMPOO - BLACK GARLIC[200ml]	B	94					100
	611747838	Collagen_Enough_Moisture_Foundation_23	Collagen_Enough_Moisture_Foundation_23	C	90					100
	868575374	MANYO BIFIDA COMPLEX AMPOULE GEL CLEANSER [400ml]	MANYO BIFIDA COMPLEX AMPOULE GEL CLEANSER [400ml]	B	94	1				
	Армения					5		22	13.33	86.67
	868516027	Celimax Dual Barrier Creamy Toner	Celimax Dual Barrier Creamy Toner	A	90			6	14.29	85.71
	437154709	ROUND LAB 1025 DOKDO CLEANSER_150ml	ROUND LAB 1025 DOKDO CLEANSER_150ml	A	91			2	12.50	87.50
	168956391	FARMSTAY COLLAGEN&HYALURONIC ACID ALL-IN ONE AMPOULE	FARMSTAY COLLAGEN&HYALURONIC ACID ALL-IN ONE AMPOULE	A	96			1	7.69	92.31
	238415286	ENOUGH - Collagen Moisture Essential Cream [50ml] N	ENOUGH - Collagen Moisture Essential Cream [50ml] N	A	96			2	18.18	81.82
	551465879	CELIMAX THE VITA-A RETINOL SHOT TIGHTENING SERUM [30ml]	CELIMAX THE VITA-A RETINOL SHOT TIGHTENING SERUM [30ml]	A	91			2	28.57	71.43
	170198180	Enough Rich Gold Double Wea Radiance Foundation 13 тон	Enough Rich Gold Double Wea Radiance Foundation 13 тон	A	91			1	16.67	83.33
	207796789	ENOUGH - Gold Snail Moisture Foundation [Tone 13]	ENOUGH - Gold Snail Moisture Foundation [Tone 13]	A	92			1	16.67	83.33
	150925321	Collagen_Enough_Moisture_Foundation_13	Collagen_Enough_Moisture_Foundation_13	A	95	1				100
	170198109	Enough Rich Gold Double Wea Radiance Foundation 21 тон	Enough Rich Gold Double Wea Radiance Foundation 21 тон	B	96					100
	170198337	Enough 8 Peptide Full Cover Perfect Foundation 21 тон	Enough 8 Peptide Full Cover Perfect Foundation 21 тон	A	91					100
	212889025	Enoughcollagenwhiteningcovertip01	Enoughcollagenwhiteningcovertip01	B	90					100
	333318356	ENOUGH - Collagen Moisture Sun Cream SPF50+ PA++++ [50ml] N2	ENOUGH - Collagen Moisture Sun Cream SPF50+ PA++++ [50ml] N2	A	97			1	25	75
	169076150	FARMSTAY ESCARGOT NOBLESSE INTENSIVE CREAM	FARMSTAY ESCARGOT NOBLESSE INTENSIVE CREAM	A	97					100
	238358954	ENOUGH - Collagen 3in1 Sun Cream SPF50 PA++ [50ml] N	ENOUGH - Collagen 3in1 Sun Cream SPF50 PA++ [50ml] N	A	95			1	33.33	66.67
	419630142	FARMSTAY ESCARGOT NOBLESSE INTENSIVE AMPOULE	FARMSTAY ESCARGOT NOBLESSE INTENSIVE AMPOULE	A	93			1	33.33	66.67
	151175877	Petitfee Agave Cooling Hydrogel Eye Mask	Petitfee Agave Cooling Hydrogel Eye Mask	B	98					100
	151313163	Etude Baking Powder Crunch Pore Scrub	Etude Baking Powder Crunch Pore Scrub	A	95					100
	170198738	Enough 8 Peptide Full Cover Perfect Foundation 13 тон	Enough 8 Peptide Full Cover Perfect Foundation 13 тон	B	91			1	50	50
	207472742	FARMSTAY - Black Garlic Nourishing Shampoo [530ml]	FARMSTAY - Black Garlic Nourishing Shampoo [530ml]	A	94					100
	207796563	ELIZAVECCA - Aqua Hyaluronic Acid Water Drop Cream	ELIZAVECCA - Aqua Hyaluronic Acid Water Drop Cream	A	96					100
	207796898	ENOUGH - Gold Snail Moisture Foundation [Tone 21]	ENOUGH - Gold Snail Moisture Foundation [Tone 21]	A	97					100
	551387355	CELIMAX THE VITA-A RETINAL SHOT TIGHTENING BOOSTER [15ml]	CELIMAX THE VITA-A RETINAL SHOT TIGHTENING BOOSTER [15ml]	C	90					100
	868761530	LANEIGE LIP SLEEPING MASK-BERRY [3g]	LANEIGE LIP SLEEPING MASK-BERRY [3g]	A	88					100
	150925322	Collagen_Enough_Moisture_Foundation_21	Collagen_Enough_Moisture_Foundation_21	B	93					100
	170198876	Enough Collagen Foundation Cover Up Ultra X10 21 тон	Enough Collagen Foundation Cover Up Ultra X10 21 тон	B	93					100
	198143251	Manyo_Ampoule_Lotion	Manyo_Ampoule_Lotion	B	90					100
	207465786	HEIMISH - All Clean Balm Mandarin [120ml]	HEIMISH - All Clean Balm Mandarin [120ml]	B	97					100
	207476777	FARMSTAY - Collagen Pure Cleansing Foam [180ml]	FARMSTAY - Collagen Pure Cleansing Foam [180ml]	C	94			1	100	
	207482718	JIGOTT - Snail Lifting Cream [70ml]	JIGOTT - Snail Lifting Cream [70ml]	A	96					100
	212760119	JIGOTT - Ultimate Real Collagen Toner [300ml]	JIGOTT - Ultimate Real Collagen Toner [300ml]	B	98					100
	212885914	FARMSTAY - Collagen Water Full Moist Rolling Eye Serum [25ml]	FARMSTAY - Collagen Water Full Moist Rolling Eye Serum [25ml]	C	97					100
	212889028	Enoughcollagenwhiteningcovertip03	Enoughcollagenwhiteningcovertip03	B	86	1				100
	214964091	JMSOLUTION - Mask Pack Disney	JMSOLUTION - Mask Pack Disney	A	91					100
	226117746	PETITFEE - Chamomile Lightening Hydrogel Mask Pack [5pcs]	PETITFEE - Chamomile Lightening Hydrogel Mask Pack [5pcs]	B	97					100
	238359400	LEBELAGE - High Protection Extreme Sun Cream SPF50+ PA++ [30ml] N	LEBELAGE - High Protection Extreme Sun Cream SPF50+ PA++ [30ml] N	A	82					100
	238416010	Enough Collagen Whitening Moisture Cream 3in1 50 N	Enough Collagen Whitening Moisture Cream 3in1 50 N	B	98					100
	240311751	Робот мойщик окон sBot w250	Робот мойщик окон sBot w250	B	83					100
	437242640	ROUND LAB MUGWORT CALMING CLEANSER_150ml	ROUND LAB MUGWORT CALMING CLEANSER_150ml	A	89					100
	437797551	ROUND LAB VITA NIACINAMIDE DARK SPOT SERUM 30ml	ROUND LAB VITA NIACINAMIDE DARK SPOT SERUM 30ml	B	89	1		1	100	
	608841921	DEOPROCE SHAMPOO - BLACK GARLIC[200ml]	DEOPROCE SHAMPOO - BLACK GARLIC[200ml]	B	94			1	100	
	204258828	COSRX_Salicylic_Acid_Cleanser	COSRX_Salicylic_Acid_Cleanser	C	97	1				
	248928046	SOME BY MI - AHA-BHA-PHA 30 Days Miracle Cleansing Bar [106g]	SOME BY MI - AHA-BHA-PHA 30 Days Miracle Cleansing Bar [106g]	C	86	1				
	Грузия									100
	868516027	Celimax Dual Barrier Creamy Toner	Celimax Dual Barrier Creamy Toner	A	90					100
	551465879	CELIMAX THE VITA-A RETINOL SHOT TIGHTENING SERUM [30ml]	CELIMAX THE VITA-A RETINOL SHOT TIGHTENING SERUM [30ml]	A	91					100
	150925321	Collagen_Enough_Moisture_Foundation_13	Collagen_Enough_Moisture_Foundation_13	A	95					100
	170198109	Enough Rich Gold Double Wea Radiance Foundation 21 тон	Enough Rich Gold Double Wea Radiance Foundation 21 тон	B	96					100
	198156698	Manyo_Pure_Cleansing_Oil	Manyo_Pure_Cleansing_Oil	B	92					100
	207482718	JIGOTT - Snail Lifting Cream [70ml]	JIGOTT - Snail Lifting Cream [70ml]	A	96					100
	238413828	ENOUGH collagen moisture BB Cream SPF47 PA+++ N	ENOUGH collagen moisture BB Cream SPF47 PA+++ N	B	96					100
	333318356	ENOUGH - Collagen Moisture Sun Cream SPF50+ PA++++ [50ml] N2	ENOUGH - Collagen Moisture Sun Cream SPF50+ PA++++ [50ml] N2	A	97					100
	437154709	ROUND LAB 1025 DOKDO CLEANSER_150ml	ROUND LAB 1025 DOKDO CLEANSER_150ml	A	91					100
	551540924	CELIMAX PORE+DARK SPOT BRIGHTENING PAD [100ml / 40pads]	CELIMAX PORE+DARK SPOT BRIGHTENING PAD [100ml / 40pads]	C	79					100
	868761530	LANEIGE LIP SLEEPING MASK-BERRY [3g]	LANEIGE LIP SLEEPING MASK-BERRY [3g]	A	88					100
	Кыргызстан									100
	437154709	ROUND LAB 1025 DOKDO CLEANSER_150ml	ROUND LAB 1025 DOKDO CLEANSER_150ml	A	91					100
	868516027	Celimax Dual Barrier Creamy Toner	Celimax Dual Barrier Creamy Toner	A	90					100
	207466866	HEIMISH - Artless Glow Base SPF50+ [40ml]	HEIMISH - Artless Glow Base SPF50+ [40ml]	B	91					100
	419630142	FARMSTAY ESCARGOT NOBLESSE INTENSIVE AMPOULE	FARMSTAY ESCARGOT NOBLESSE INTENSIVE AMPOULE	A	93					100
	168956391	FARMSTAY COLLAGEN&HYALURONIC ACID ALL-IN ONE AMPOULE	FARMSTAY COLLAGEN&HYALURONIC ACID ALL-IN ONE AMPOULE	A	96					100
	207476777	FARMSTAY - Collagen Pure Cleansing Foam [180ml]	FARMSTAY - Collagen Pure Cleansing Foam [180ml]	C	94					100
	207483179	JIGOTT - Snail Reparing Cream [100ml]	JIGOTT - Snail Reparing Cream [100ml]	A	96					100
	212889025	Enoughcollagenwhiteningcovertip01	Enoughcollagenwhiteningcovertip01	B	90					100
	Узбекистан							1	7.14	92.86
	868516027	Celimax Dual Barrier Creamy Toner	Celimax Dual Barrier Creamy Toner	A	90					100
	214312385	THE ORDINARY - Argireline Solution 10% [30ml]	THE ORDINARY - Argireline Solution 10% [30ml]	C	80					100
	551465879	CELIMAX THE VITA-A RETINOL SHOT TIGHTENING SERUM [30ml]	CELIMAX THE VITA-A RETINOL SHOT TIGHTENING SERUM [30ml]	A	91					100
	169076150	FARMSTAY ESCARGOT NOBLESSE INTENSIVE CREAM	FARMSTAY ESCARGOT NOBLESSE INTENSIVE CREAM	A	97					100
	207472742	FARMSTAY - Black Garlic Nourishing Shampoo [530ml]	FARMSTAY - Black Garlic Nourishing Shampoo [530ml]	A	94					100
	207482718	JIGOTT - Snail Lifting Cream [70ml]	JIGOTT - Snail Lifting Cream [70ml]	A	96					100
	437154709	ROUND LAB 1025 DOKDO CLEANSER_150ml	ROUND LAB 1025 DOKDO CLEANSER_150ml	A	91					100
	551490295	CELIMAX PORE+DARK SPOT BRIGHTENING SERUM_10ml [10ml]	CELIMAX PORE+DARK SPOT BRIGHTENING SERUM_10ml [10ml]	C	94			1	100	
	608624295	DEOPROCE SHAMPOO - BLACK GARLIC[600ml] с колпачком	DEOPROCE SHAMPOO - BLACK GARLIC[600ml] с колпачком	C	97					100
	868761530	LANEIGE LIP SLEEPING MASK-BERRY [3g]	LANEIGE LIP SLEEPING MASK-BERRY [3g]	A	88					100
	Таджикистан									100
	150925321	Collagen_Enough_Moisture_Foundation_13	Collagen_Enough_Moisture_Foundation_13	A	95					100
	151313163	Etude Baking Powder Crunch Pore Scrub	Etude Baking Powder Crunch Pore Scrub	A	95					100
	168956391	FARMSTAY COLLAGEN&HYALURONIC ACID ALL-IN ONE AMPOULE	FARMSTAY COLLAGEN&HYALURONIC ACID ALL-IN ONE AMPOULE	A	96					100
	179611318	Petitfee Chamomile Lightening Hydrogel Eye Mask	Petitfee Chamomile Lightening Hydrogel Eye Mask	B	95					100
	206057411	ELIZAVECCA_fruit_toner	ELIZAVECCA_fruit_toner	B	98					100
	437190353	ROUND LAB BIRCH JUICE MOISTURIZING CREAM_80ml	ROUND LAB BIRCH JUICE MOISTURIZING CREAM_80ml	B	89					100
	868516027	Celimax Dual Barrier Creamy Toner	Celimax Dual Barrier Creamy Toner	A	90					100
	151132052	ENOUGH COLLAGEN 3IN1 21	ENOUGH COLLAGEN 3IN1 21	C	97	1				
	151175877	Petitfee Agave Cooling Hydrogel Eye Mask	Petitfee Agave Cooling Hydrogel Eye Mask	B	98	10				
	151175880	Petitfee Black Pearl & Gold hydrogel Eye Patch	Petitfee Black Pearl & Gold hydrogel Eye Patch	A	97	3				
	151313163	Etude Baking Powder Crunch Pore Scrub	Etude Baking Powder Crunch Pore Scrub	A	95	15				
	154160085	Etude Baking Powder Crunch Pore Scrub треугольники 30	Etude Baking Powder Crunch Pore Scrub треугольники 30	B	90	7				
	168956391	FARMSTAY COLLAGEN&HYALURONIC ACID ALL-IN ONE AMPOULE	FARMSTAY COLLAGEN&HYALURONIC ACID ALL-IN ONE AMPOULE	A	96	41				
	169076150	FARMSTAY ESCARGOT NOBLESSE INTENSIVE CREAM	FARMSTAY ESCARGOT NOBLESSE INTENSIVE CREAM	A	97	2				
	170198109	Enough Rich Gold Double Wea Radiance Foundation 21 тон	Enough Rich Gold Double Wea Radiance Foundation 21 тон	B	96	48				
	170198180	Enough Rich Gold Double Wea Radiance Foundation 13 тон	Enough Rich Gold Double Wea Radiance Foundation 13 тон	A	91	7				
	170198337	Enough 8 Peptide Full Cover Perfect Foundation 21 тон	Enough 8 Peptide Full Cover Perfect Foundation 21 тон	A	91	4				
	174668134	Пистолет перкуссионный V1	Пистолет перкуссионный V1	C	80	5				
	176944957	sBotW300	sBotW300	B	97	28				
	179611304	Petitfee Cacao Energizing Hydrogel Eye Patch	Petitfee Cacao Energizing Hydrogel Eye Patch	C	91	7				
	179611318	Petitfee Chamomile Lightening Hydrogel Eye Mask	Petitfee Chamomile Lightening Hydrogel Eye Mask	B	95	8				
	180711041	Petitfee EGF	Petitfee EGF	C	100	1				
	180711104	Petitfee GOLD	Petitfee GOLD	C	97	9				
	180852837	Триммер черный v1	Триммер черный v1	C	100	5				
	180988755	Petitfee B-Glucan Deep Firming Eye Mask	Petitfee B-Glucan Deep Firming Eye Mask	C	97	7				
	198143251	Manyo_Ampoule_Lotion	Manyo_Ampoule_Lotion	B	90	3				
	198147185	Manyo_Complex_Ampoule	Manyo_Complex_Ampoule	A	97	56				
	198156472	Manyo_Galac_Vita_Serum	Manyo_Galac_Vita_Serum	A	90	18				
	198156698	Manyo_Pure_Cleansing_Oil	Manyo_Pure_Cleansing_Oil	B	92	8				
	199427475	Dr.Jart_Teatreatment_Toner	Dr.Jart_Teatreatment_Toner	C	94	3				
	206126372	I'm Sorry for My Skin Крем Age Capture Vitalizer	I'm Sorry for My Skin Крем Age Capture Vitalizer	B	93	1				
	207466866	HEIMISH - Artless Glow Base SPF50+ [40ml]	HEIMISH - Artless Glow Base SPF50+ [40ml]	B	91	4				
	207469760	FARMSTAY - Gold Snail Premium Cream [50ml]	FARMSTAY - Gold Snail Premium Cream [50ml]	A	95	14				
	207472742	FARMSTAY - Black Garlic Nourishing Shampoo [530ml]	FARMSTAY - Black Garlic Nourishing Shampoo [530ml]	A	94	22				
	207476777	FARMSTAY - Collagen Pure Cleansing Foam [180ml]	FARMSTAY - Collagen Pure Cleansing Foam [180ml]	C	94	8				
	207477077	FARMSTAY - Collagen Water Full Moist Cream [100g]	FARMSTAY - Collagen Water Full Moist Cream [100g]	A	98	2				
	207481251	COSRX Advanced Snail 96 Mucin Power Essence [100ml]	COSRX Advanced Snail 96 Mucin Power Essence [100ml]	B	98	1				
	207482718	JIGOTT - Snail Lifting Cream [70ml]	JIGOTT - Snail Lifting Cream [70ml]	A	96	134				
	207483179	JIGOTT - Snail Reparing Cream [100ml]	JIGOTT - Snail Reparing Cream [100ml]	A	96	11				
	207483780	JIGOTT - Birds Nest Firming Cream [70ml]	JIGOTT - Birds Nest Firming Cream [70ml]	B	99	2				
	207796350	ELIZAVECCA - CER-100  [100ml]	ELIZAVECCA - CER-100  [100ml]	C	93	5				
	207796789	ENOUGH - Gold Snail Moisture Foundation [Tone 13]	ENOUGH - Gold Snail Moisture Foundation [Tone 13]	A	92	120				
	207818000	ISNTREE - Chestnut AHA 8% Clear Essence Sample [20ml]	ISNTREE - Chestnut AHA 8% Clear Essence Sample [20ml]	C	60	1				
	208202076	EKEL Ampule Сream Сollagen [70ml]	EKEL Ampule Сream Сollagen [70ml]	B	98	1				
	208208674	Рация_UV-82 (1 шт)	Рация_UV-82 (1 шт)	C	77	8				
	210575566	LEBELAGE - Dr. Peptide Derma Eye Cream [40ml]	LEBELAGE - Dr. Peptide Derma Eye Cream [40ml]	C	100	6				
	212753217	JIGOTT - Collagen Healing Cream [100ml]	JIGOTT - Collagen Healing Cream [100ml]	C	97	10				
	212760119	JIGOTT - Ultimate Real Collagen Toner [300ml]	JIGOTT - Ultimate Real Collagen Toner [300ml]	B	98	6				
	212885914	FARMSTAY - Collagen Water Full Moist Rolling Eye Serum [25ml]	FARMSTAY - Collagen Water Full Moist Rolling Eye Serum [25ml]	C	97	4				
	212889027	Enoughcollagenwhiteningcovertip	Enoughcollagenwhiteningcovertip	B	81	18				
	212889028	Enoughcollagenwhiteningcovertip03	Enoughcollagenwhiteningcovertip03	B	86	17				
	214304883	DEOPROCE - SNAIL RECOVERY CREAM [100g]	DEOPROCE - SNAIL RECOVERY CREAM [100g]	C	100	5				
	214311963	SKIN1004 - Madagascar Centella Ampoule [30ml]	SKIN1004 - Madagascar Centella Ampoule [30ml]	C	86	11				
	214964091	JMSOLUTION - Mask Pack Disney	JMSOLUTION - Mask Pack Disney	A	91	15				
	214977901	JMSOLUTION - Mask Pack Black	JMSOLUTION - Mask Pack Black	C	90	28				
	236825103	JMSOLUTION-Marine Luminous Pearl Deep Moisture Mask Pearl [1/2/3]*[10ea]	JMSOLUTION-Marine Luminous Pearl Deep Moisture Mask Pearl [1/2/3]*[10ea]	C	100	1				
	238358954	ENOUGH - Collagen 3in1 Sun Cream SPF50 PA++ [50ml] N	ENOUGH - Collagen 3in1 Sun Cream SPF50 PA++ [50ml] N	A	95	84				
	238413828	ENOUGH collagen moisture BB Cream SPF47 PA+++ N	ENOUGH collagen moisture BB Cream SPF47 PA+++ N	B	96	6				
	238415286	ENOUGH - Collagen Moisture Essential Cream [50ml] N	ENOUGH - Collagen Moisture Essential Cream [50ml] N	A	96	311				
	238416010	Enough Collagen Whitening Moisture Cream 3in1 50 N	Enough Collagen Whitening Moisture Cream 3in1 50 N	B	98	5				
	240311751	Робот мойщик окон sBot w250	Робот мойщик окон sBot w250	B	83	9				
	255574453	JIGOTT - MASK 15	JIGOTT - MASK 15	C	100	4				
	315688951	Триммер Золото	Триммер Золото	C	100	5				
	419630142	FARMSTAY ESCARGOT NOBLESSE INTENSIVE AMPOULE	FARMSTAY ESCARGOT NOBLESSE INTENSIVE AMPOULE	A	93	49				
	437154709	ROUND LAB 1025 DOKDO CLEANSER_150ml	ROUND LAB 1025 DOKDO CLEANSER_150ml	A	91	2				
	437190353	ROUND LAB BIRCH JUICE MOISTURIZING CREAM_80ml	ROUND LAB BIRCH JUICE MOISTURIZING CREAM_80ml	B	89	39				
	437254254	ROUND LAB SOYBEAN PANTHENOL CREAM_80ml	ROUND LAB SOYBEAN PANTHENOL CREAM_80ml	B	90	101				
	437776835	ROUND LAB PINE CALMING CICA AMPOULE_30ml	ROUND LAB PINE CALMING CICA AMPOULE_30ml	C	83	23				
	551387355	CELIMAX THE VITA-A RETINAL SHOT TIGHTENING BOOSTER [15ml]	CELIMAX THE VITA-A RETINAL SHOT TIGHTENING BOOSTER [15ml]	C	90	113				
	551392965	CELIMAX DUAL BARRIER SKIN WEARABLE CREAM [50ml]	CELIMAX DUAL BARRIER SKIN WEARABLE CREAM [50ml]	C	100	5				
	551447345	CELIMAX PORE+DARK SPOT BRIGHTENING CREAM [35ml]	CELIMAX PORE+DARK SPOT BRIGHTENING CREAM [35ml]	C	100	8				
	551465879	CELIMAX THE VITA-A RETINOL SHOT TIGHTENING SERUM [30ml]	CELIMAX THE VITA-A RETINOL SHOT TIGHTENING SERUM [30ml]	A	91	57				
	551472457	CELIMAX THE REAL NONI ENERGY AMPOULE_30ML (NEW) [30ml]	CELIMAX THE REAL NONI ENERGY AMPOULE_30ML (NEW) [30ml]	C	97	1				
	551482493	CELIMAX PORE+DARK SPOT BRIGHTENING SERUM_30ml [30ml]	CELIMAX PORE+DARK SPOT BRIGHTENING SERUM_30ml [30ml]	C	75	1				
	551540924	CELIMAX PORE+DARK SPOT BRIGHTENING PAD [100ml / 40pads]	CELIMAX PORE+DARK SPOT BRIGHTENING PAD [100ml / 40pads]	C	79	20				
	551600265	CELIMAX JI WOO GAE CICA BHA BLEMISH TONER PAD_10EA [30ml]	CELIMAX JI WOO GAE CICA BHA BLEMISH TONER PAD_10EA [30ml]	C	95	18				
	551607905	CELIMAX JI WOO GAE CICA BHA BLEMISH TONER PAD [170ml / 60pads]	CELIMAX JI WOO GAE CICA BHA BLEMISH TONER PAD [170ml / 60pads]	B	94	5				
	608837066	DEOPROCE SHAMPOO - BLACK GARLIC[600ml] без колпачка	DEOPROCE SHAMPOO - BLACK GARLIC[600ml] без колпачка	C	98	43				
	608841921	DEOPROCE SHAMPOO - BLACK GARLIC[200ml]	DEOPROCE SHAMPOO - BLACK GARLIC[200ml]	B	94	29				
	663654300	videokamera4gneww	videokamera4gneww	C	100	10				
	868516027	Celimax Dual Barrier Creamy Toner	Celimax Dual Barrier Creamy Toner	A	90	150				
	868700077	MANYO BIFIDA INFUSION SHOT AMPOULE 1DX [50ml]	MANYO BIFIDA INFUSION SHOT AMPOULE 1DX [50ml]	B	86	19				
	868761530	LANEIGE LIP SLEEPING MASK-BERRY [3g]	LANEIGE LIP SLEEPING MASK-BERRY [3g]	A	88	23				
	1123494802	VT Reedle Shot	VT Reedle Shot	C	100	1				
	КРОНА	1.0	1	1		5898		24	54.55	45.45
	Центральный					5898		24	100	
	1126598360	ENOUGH - Collagen Moisture Essential Cream [50ml]	ENOUGH - Collagen Moisture Essential Cream [50ml]	C	100	227		5	100	
	1126568337	CELIMAX THE VITA-A RETINAL SHOT TIGHTENING BOOSTER [15ml] 2	CELIMAX THE VITA-A RETINAL SHOT TIGHTENING BOOSTER [15ml] 2	C	100	123		3	100	
	1126645805	CELIMAX THE VITA-A RETINOL SHOT TIGHTENING SERUM [30ml] 2	CELIMAX THE VITA-A RETINOL SHOT TIGHTENING SERUM [30ml] 2	C	100	138		3	100	
	1126690112	MANYO - Bifida Biome Complex Ampoule [50ml]	MANYO - Bifida Biome Complex Ampoule [50ml]	C	100	172		3	100	
	1126531855	ROUND LAB 1025 DOKDO CLEANSER_150ml 2	ROUND LAB 1025 DOKDO CLEANSER_150ml 2	C	100	157		2	100	
	1126626550	ETUDE - Baking Powder Crunch Pore Scrub [200ml]	ETUDE - Baking Powder Crunch Pore Scrub [200ml]	C	100	146		2	100	
	1126874288	MANYO - Galac Whitening Vita Serum [50ml]	MANYO - Galac Whitening Vita Serum [50ml]	C	100	128		2	100	
	1139030037	JIGOTT - Birds Nest Firming Cream [70ml] 2	JIGOTT - Birds Nest Firming Cream [70ml] 2	C	100	99		2	100	
	1139005708	JIGOTT - Snail Lifting Cream [70ml] 2	JIGOTT - Snail Lifting Cream [70ml] 2	C	100	157		1	100	
	1139230773	PETITFEE - Artichoke Soothing Hydrogel Face Mask [5pcs] 2	PETITFEE - Artichoke Soothing Hydrogel Face Mask [5pcs] 2	C	100	59		1	100	
	535622289	dm7dm9	dm7dm9	C		1				
	1138638005	ENOUGH - Collagen Whitening Moisture Cream 3in1 [50g]	ENOUGH - Collagen Whitening Moisture Cream 3in1 [50g]	C	100	140				
	1138642065	ENOUGH - Collagen Moisture Foundation [Tone 13]	ENOUGH - Collagen Moisture Foundation [Tone 13]	C	100	180				
	1138646523	ENOUGH - Collagen Moisture Foundation [Tone 21]	ENOUGH - Collagen Moisture Foundation [Tone 21]	C	100	165				
	1138834711	ENOUGH - Collagen 3in1 Whitening Moisture Foundation [Tone 13]	ENOUGH - Collagen 3in1 Whitening Moisture Foundation [Tone 13]	C	100	170				
	1138835712	ENOUGH - Collagen 3in1 Whitening Moisture Foundation [Tone 21]	ENOUGH - Collagen 3in1 Whitening Moisture Foundation [Tone 21]	C	100	160				
	1138839050	ENOUGH - Premium 8 Peptide Full Cover Perfect Foundation [Tone 13]	ENOUGH - Premium 8 Peptide Full Cover Perfect Foundation [Tone 13]	C	100	160				
	1138841064	ENOUGH - Premium 8 Peptide Full Cover Perfect Foundation [Tone 21]	ENOUGH - Premium 8 Peptide Full Cover Perfect Foundation [Tone 21]	C	100	160				
	1138843355	ENOUGH - Premium Rich Gold Double Wear Radiance Foundation [Tone 13]	ENOUGH - Premium Rich Gold Double Wear Radiance Foundation [Tone 13]	C	100	180				
	1138938827	HEIMISH - Artless Glow Base SPF50+ PA+++(Renew) [40ml] 2	HEIMISH - Artless Glow Base SPF50+ PA+++(Renew) [40ml] 2	C	100	79				
	1139014717	JIGOTT - Snail Reparing Cream [100ml] 2	JIGOTT - Snail Reparing Cream [100ml] 2	C	100	117				
	1139036132	JIGOTT - Ассорти набор масок [27ml х 15]	JIGOTT - Ассорти набор масок [27ml х 15]	C	100	175				
	1139040138	JIGOTT - Ultimate Real Collagen Toner [300ml] 2	JIGOTT - Ultimate Real Collagen Toner [300ml] 2	C	100	190				
	1139095890	JIGOTT - Daily Real Cica Toner [300ml] 2	JIGOTT - Daily Real Cica Toner [300ml] 2	C	100	173				
	1139101006	JIGOTT - Aura Secret Hyaluronec Acid Toner [300ml] 2	JIGOTT - Aura Secret Hyaluronec Acid Toner [300ml] 2	C	100	100				
	1139103032	JIGOTT - Moisture Real Aloe Vera Toner [300ml] 2	JIGOTT - Moisture Real Aloe Vera Toner [300ml] 2	C	100	100				
	1139152860	JMSOLUTION - MASK PACK BLACK [30ml*10ea]	JMSOLUTION - MASK PACK BLACK [30ml*10ea]	C	100	132				
	1139155618	LANEIGE LIP SLEEPING MASK-BERRY [3g] 2	LANEIGE LIP SLEEPING MASK-BERRY [3g] 2	C	100	175				
	1139159459	MANYO - Bifida Biome Ampoule Lotion [300ml] 2	MANYO - Bifida Biome Ampoule Lotion [300ml] 2	C	100	80				
	1139163403	MANYO BIFIDA COMPLEX AMPOULE GEL CLEANSER [400ml] 2	MANYO BIFIDA COMPLEX AMPOULE GEL CLEANSER [400ml] 2	C	100	140				
	1139168138	PETITFEE - Collagen & CoQ10 Hydrogel Eye Patch [60ea] 2	PETITFEE - Collagen & CoQ10 Hydrogel Eye Patch [60ea] 2	C	100	144				
	1139170302	PETITFEE - Bera Glucan Deep Firming Eye Patch [60ea] 2	PETITFEE - Bera Glucan Deep Firming Eye Patch [60ea] 2	C	100	120				
	1139177864	PETITFEE - Cacao Energizing Hydrogel Eye Patch [60ea] 2	PETITFEE - Cacao Energizing Hydrogel Eye Patch [60ea] 2	C	100	72				
	1139184393	PETITFEE - Chamomile Lightening Hydrogel Eye Patch [60ea] 2	PETITFEE - Chamomile Lightening Hydrogel Eye Patch [60ea] 2	C	100	144				
	1139196306	PETITFEE - Black Pearl & Gold Hydrogel Eye Patch [60ea] 2	PETITFEE - Black Pearl & Gold Hydrogel Eye Patch [60ea] 2	C	100	71				
	1139198643	PETITFEE - Agave Cooling Hydrogel Eye Patch [60ea] 2	PETITFEE - Agave Cooling Hydrogel Eye Patch [60ea] 2	C	100	72				
	1139201157	PETITFEE - Gold & Snail Hydrogel Eye Patch [60ea] 2	PETITFEE - Gold & Snail Hydrogel Eye Patch [60ea] 2	C	100	72				
	1139203939	PETITFEE - Gold Hydrogel Eye Patch [60ea] 2	PETITFEE - Gold Hydrogel Eye Patch [60ea] 2	C	100	105				
	1139205173	PETITFEE - Black Pearl & Gold Hydrogel Mask Pack [5pcs] 2	PETITFEE - Black Pearl & Gold Hydrogel Mask Pack [5pcs] 2	C	100	60				
	1139212638	PETITFEE - Agave Cooling Hydrogel Face Mask [5pcs] 2	PETITFEE - Agave Cooling Hydrogel Face Mask [5pcs] 2	C	100	60				
	1139217196	PETITFEE - Gold Hydrogel Mask Pack [5pcs] 2	PETITFEE - Gold Hydrogel Mask Pack [5pcs] 2	C	100	60				
	1139220114	PETITFEE - Cacao Energizing Hydrogel Mask Pack [5pcs] 2	PETITFEE - Cacao Energizing Hydrogel Mask Pack [5pcs] 2	C	100	60				
	1139241419	PETITFEE - Gold & Snail Hydrogel Mask Pack [5pcs] 2	PETITFEE - Gold & Snail Hydrogel Mask Pack [5pcs] 2	C	100	60				
	1139245659	ROUND LAB BIRCH JUICE MOISTURIZING CREAM_80ml 2	ROUND LAB BIRCH JUICE MOISTURIZING CREAM_80ml 2	C	100	148				
	1139248177	ROUND LAB MUGWORT CALMING CLEANSER_150ml 2	ROUND LAB MUGWORT CALMING CLEANSER_150ml 2	C	100	165				
	1139263886	CELIMAX DUAL BARRIER SKIN WEARABLE CREAM [50ml] 2	CELIMAX DUAL BARRIER SKIN WEARABLE CREAM [50ml] 2	C	100	150				
	1139267477	CELIMAX JI WOO GAE CICA BHA BLEMISH TONER PAD [170ml / 60pads] 2	CELIMAX JI WOO GAE CICA BHA BLEMISH TONER PAD [170ml / 60pads] 2	C	100	72				
	1139273633	CELIMAX PORE+DARK SPOT BRIGHTENING PAD [100ml / 40pads] 2	CELIMAX PORE+DARK SPOT BRIGHTENING PAD [100ml / 40pads] 2	C	100	60				
	1139281487	CELIMAX JI WOO GAE CICA BHA BLEMISH TONER PAD_10EA [30ml] 2	CELIMAX JI WOO GAE CICA BHA BLEMISH TONER PAD_10EA [30ml] 2	C	100	20				
	Дальневосточный и Сибирский									100
	1139014717	JIGOTT - Snail Reparing Cream [100ml] 2	JIGOTT - Snail Reparing Cream [100ml] 2	C	100					100
	1126598360	ENOUGH - Collagen Moisture Essential Cream [50ml]	ENOUGH - Collagen Moisture Essential Cream [50ml]	C	100					100
	1138938827	HEIMISH - Artless Glow Base SPF50+ PA+++(Renew) [40ml] 2	HEIMISH - Artless Glow Base SPF50+ PA+++(Renew) [40ml] 2	C	100					100
	Южный и Северо-Кавказский									100
	1126568337	CELIMAX THE VITA-A RETINAL SHOT TIGHTENING BOOSTER [15ml] 2	CELIMAX THE VITA-A RETINAL SHOT TIGHTENING BOOSTER [15ml] 2	C	100					100
	1126598360	ENOUGH - Collagen Moisture Essential Cream [50ml]	ENOUGH - Collagen Moisture Essential Cream [50ml]	C	100					100
	1126626550	ETUDE - Baking Powder Crunch Pore Scrub [200ml]	ETUDE - Baking Powder Crunch Pore Scrub [200ml]	C	100					100
	1126645805	CELIMAX THE VITA-A RETINOL SHOT TIGHTENING SERUM [30ml] 2	CELIMAX THE VITA-A RETINOL SHOT TIGHTENING SERUM [30ml] 2	C	100					100
	Приволжский									100
	1139005708	JIGOTT - Snail Lifting Cream [70ml] 2	JIGOTT - Snail Lifting Cream [70ml] 2	C	100					100
	1126626550	ETUDE - Baking Powder Crunch Pore Scrub [200ml]	ETUDE - Baking Powder Crunch Pore Scrub [200ml]	C	100					100
	1139040138	JIGOTT - Ultimate Real Collagen Toner [300ml] 2	JIGOTT - Ultimate Real Collagen Toner [300ml] 2	C	100					100
	Северо-Западный									100
	1126531855	ROUND LAB 1025 DOKDO CLEANSER_150ml 2	ROUND LAB 1025 DOKDO CLEANSER_150ml 2	C	100					100
	1126598360	ENOUGH - Collagen Moisture Essential Cream [50ml]	ENOUGH - Collagen Moisture Essential Cream [50ml]	C	100					100
	1139014717	JIGOTT - Snail Reparing Cream [100ml] 2	JIGOTT - Snail Reparing Cream [100ml] 2	C	100					100
	Беларусь									100
	1139014717	JIGOTT - Snail Reparing Cream [100ml] 2	JIGOTT - Snail Reparing Cream [100ml] 2	C	100					100
	Итого					23637		15867	55.48	44.52
