Артикул ВБ	Название	Ноябрь 2024|Заказы	Ноябрь 2024|Выручка	Ноябрь 2024|Маржа	Декабрь 2024|Заказы	Декабрь 2024|Выручка	Декабрь 2024|Маржа	Январь 2025|Заказы	Январь 2025|Выручка	Январь 2025|Маржа	Февраль 2025|Заказы	Февраль 2025|Выручка	Февраль 2025|Маржа	Март 2025|Заказы	Март 2025|Выручка	Март 2025|Маржа	Апрель 2025|Заказы	Апрель 2025|Выручка	Апрель 2025|Маржа	Май 2025|Заказы	Май 2025|Выручка	Май 2025|Маржа	Июнь 2025|Заказы	Июнь 2025|Выручка	Июнь 2025|Маржа	Июль 2025|Заказы	Июль 2025|Выручка	Июль 2025|Маржа	Август 2025|Заказы	Август 2025|Выручка	Август 2025|Маржа	Сентябрь 2025|Заказы	Сентябрь 2025|Выручка	Сентябрь 2025|Маржа	Октябрь 2025|Заказы	Октябрь 2025|Выручка	Октябрь 2025|Маржа	Ноябрь 2025|Заказы	Ноябрь 2025|Выручка	Ноябрь 2025|Маржа	Декабрь 2025|Заказы	Декабрь 2025|Выручка	Декабрь 2025|Маржа	Январь 2026|Заказы	Январь 2026|Выручка	Январь 2026|Маржа	Февраль 2026|Заказы	Февраль 2026|Выручка	Февраль 2026|Маржа	Март 2026|Заказы	Март 2026|Выручка	Март 2026|Маржа	Апрель 2026|Заказы	Апрель 2026|Выручка	Апрель 2026|Маржа	Май 2026|Заказы	Май 2026|Выручка	Май 2026|Маржа	Июнь 2026|Заказы	Июнь 2026|Выручка	Июнь 2026|Маржа	Итого|Заказы	Итого|Выручка	Итого|Маржа
168956391	FARMSTAY COLLAGEN&HYALURONIC ACID ALL-IN ONE AMPOULE					565750.24	151409.10		1427679.41	267364.78		1329756.85	321707.74		1335735.77	321473.56		400401.23	118222.06		44076.01	14009.91		416075.66	136170.95		585993.17	159137.56		545677.86	-78829.55		743421.85	187583.20		1258218.18	398815.15		1011905.16	138164.38		992652.84	208321.41	276	942922.00	50299.03	2205	1105099.18	205022.08	2439	1570459.15	435341.15	1704	1112897.77	344605.13	1779	1114868.54	384186.96	1520	943151.66	311479.17	9923	17446742.53	4074483.77
238415286	ENOUGH - Collagen Moisture Essential Cream [50ml] N					1085488.75	363565.06		2393828.69	600846.53		1146509.73	352535.30		1300051.27	393328.60		942502.02	295696.47		192454.48	75118.66		621278.71	217181.64		624271.89	194916.08		408845.64	101414.30		499836.54	96181.88		598618.87	87560.70		607421.87	93190.47		589090.74	130912.74	409	743207.66	135047.69	2207	713895.06	150788.99	2498	808308.34	185333.19	1878	613963.77	156278.42	1201	380334.12	70739.23	865	303661.11	89753.37	9058	14573569.26	3790389.32
437154709	ROUND LAB 1025 DOKDO CLEANSER_150ml																							18435.40	10293.14		918.37	309.87		86193.41	4022.25		77023.69	957.10		942571.76	346881.87		672500.46	168373.21		191993.05	34256.56	475	1849175.22	497729.06	2755	2048622.40	527170.24	2272	1706434.27	450120.29	1231	1003665.93	288749.04	1870	1098755.26	293473.21	3673	2338820.19	545680.10	12276	12035109.41	3168015.94
151313163	Etude Baking Powder Crunch Pore Scrub					45135.48	13914.74		265739.36	57806.92		478119.28	105899.35		1200108.24	249307.53		788316.21	156566.46		76234.78	14930.30		554924.90	110701.05		513180.37	106955.21		511721.73	92956.20		69124.53	17577.50		613477.00	237511.70		710850.03	61285.33		617927.11	111630.90	222	819877.07	64890.11	1718	712706.96	-38083.29	1666	1103316.52	285938.32	982	658473.42	190445.17	723	447901.49	125877.46	592	353972.95	104138.72	5903	10541107.43	2070249.68
207472742	FARMSTAY - Black Garlic Nourishing Shampoo [530ml]					91926.56	4126.61		440743.30	-29491.16		395793.46	-2516.89		598856.49	-32761.64		220125.66	17721.01		26261.82	7941.54		229788.79	58799.60		370830.49	64075.60		294727.96	-118819.66		660015.73	-30341.94		629931.07	49365.11		207633.03	14307.63		517357.87	-24260.67	225	876892.92	-4784.47	1833	980855.75	95145.24	1580	944859.19	124149.95	1356	849524.68	158553.76	953	566495.34	104745.82	841	468026.70	91255.92	6788	9370646.81	547211.36
868516027	Celimax Dual Barrier Creamy Toner																																																		-555.87	-555.87	2681	1604521.50	142198.15	4903	4508453.66	1027133.54	3123	2687166.15	629767.50	10707	8799585.44	1798543.32
238358009	ENOUGH - Collagen Moisture Sun Cream SPF50+ PA++++ [50ml] N					12011.67	5914.84		49874.76	23334.83		242514.02	110766.26		1407297.33	581604.16		1879683.13	709359.10		2094406.84	807827.33		1285776.41	451388.29		328746.08	122764.05		142134.78	48051.80		99027.83	28596.02		94032.67	12588.16		101814.76	8777.91		120240.76	22317.00	56	99920.77	29290.38	317	93956.57	30441.83	982	266006.36	93476.72	803	256023.75	86076.09	223	102159.14	33751.39	1	1522.26	474.89	2382	8677149.89	3206801.05
100680843	sBotW120_100680843					41150.05	19614.55		144169.54	38638.63		210739.26	84409.06		942005.75	361827.08		441579.91	167890.83		395808.75	164228.76		728081.35	299091.01		124861.18	40794.62		52661.45	-13358.70		114042.53	4124.14		100111.86	-9100.74		42452.34	-13448.68		100523.78	23812.18	6	21697.99	4023.84	21	60694.12	8515.93	382	1333774.92	450286.23	502	1439845.83	117767.74	103	348778.16	15053.78	4	17585.46	257.18	1018	6660564.23	1764427.44
207482718	JIGOTT - Snail Lifting Cream [70ml]					408285.22	93830.38		1469872.32	186091.15		151081.79	24934.11		1082.06	209.27					18085.78	4397.82		130692.16	27109.65		143316.85	18621.43		203462.17	-80746.94		235580.88	-9594.37		171365.49	-27176.75		302774.29	-41190.18		430073.41	-15561.55	311	590049.30	-36340.61	1987	585606.58	-26980.90	1009	385225.84	66831.35	824	268313.94	54822.09	854	296979.54	49665.81	448	151553.03	25569.42	5433	5943400.65	314491.18
152115510	sBotW200					79072.51	43619.38		229851.04	81226.82		253570.67	117749.06		604730.97	277282.77		33628.08	15065.02		485297.62	205229.59		900566.71	353584.96		341786.33	124130.08		157953.71	55014.18		210773.54	58399.05		188032.28	38953.11		120506.60	4511.67		69441.59	15600.87	2	29276.03	5464.53	38	89786.08	8024.85	401	1127618.42	133083.36	162	608504.23	74126.29	1	9655.28	806.46				604	5540051.69	1611872.05
207466866	HEIMISH - Artless Glow Base SPF50+ [40ml]					70365.75	22643.47		337105.84	76688.89		382576.02	104392.31		656203.50	168908.18		552603.33	140093.49		415124.50	101914.89		332481.30	63920.37		268221.62	39997.90		201664.54	-17903.87		151823.24	-487.96		8774.60	1051.20		46124.62	-1625.10		247155.69	2686.78	58	224722.05	27725.54	575	470299.75	49951.47	825	691636.95	70621.75	82	184661.04	14930.07	20	1894.80	200.79	199	153159.16	40343.52	1759	5396598.30	906053.69
240311751	Робот мойщик окон sBot w250																	44312.49	16533.46		334872.13	124546.16		886937.89	301153.68		237452.23	62910.79		89466.47	-16981.50		265515.71	11375.89		196817.94	-47195.01		166326.28	-22712.62		60209.53	6226.43		54304.83	6861.67	26	55135.70	-1402.56	236	1240335.68	496207.19	232	777672.17	69796.42	110	342516.63	18688.22	43	101972.77	-1114.90	647	4853848.45	1024893.32
207469760	FARMSTAY - Gold Snail Premium Cream [50ml]					241846.63	91847.95		425338.16	163271.27		216272.69	98174.65		67439.43	28756.52		-3.60	-3.60		3396.96	1427.08		77619.28	30730.84		39352.59	14268.05		146134.72	46687.96		202631.12	69747.53		340551.22	111917.12		671366.02	148093.96		1007254.74	253214.09		10685.68	3224.79		-22.80	-22.80	473	280261.24	85680.40	566	382432.15	121112.17	535	406907.43	132946.34	449	220732.40	43398.39	2023	4740196.06	1444472.71
180852804	Скалер белый v1					111576.40	-11273.98		1174462.13	-216696.45		1206940.30	-133388.85		1021421.84	-23326.95		169686.91	11369.09		63577.32	3139.54		88418.05	-750.73		153081.49	-4032.81		79122.82	-6805.38		66715.16	-7724.08		64215.06	-12218.96		27964.11	-8461.10		330144.85	171155.76	16	45342.74	-21452.66	43	36305.02	-17331.87	1	3998.92	-514.82	5	4041.53	-480.89	16	11898.71	-544.91	7	1558.60	-697.56	88	4660471.96	-280037.61
104590122	dm7dm11					1496481.89	978148.96		278708.79	105752.12		17454.34	6841.72		2022.48	1671.66		1275.86	579.76		403.13	41.77		3038.57	1915.99		979.42	609.24		2831.33	1705.46		20395.13	13280.14		10573.76	-12105.07		633357.51	178069.57		1965409.49	249403.73	7	57227.53	-33236.41	21	6968.59	-2211.85	14	4242.95	-78.92	10	376.97	-1627.36	1	388.64	-278.60	1	315.81	-14.59	54	4502452.19	1488467.32
169076150	FARMSTAY ESCARGOT NOBLESSE INTENSIVE CREAM					60584.21	22897.53		258045.00	106317.94		169984.24	82739.98		292353.13	138914.93		121839.10	57695.79		9188.26	4448.15		109616.05	49382.63		96030.25	39546.71		158525.41	37640.64		177599.83	47954.23		282914.01	108261.89		563313.10	182479.28		891974.89	266558.63		23167.29	8427.15		-20.13	-20.13	499	209997.63	68898.30	709	349411.13	100146.93	387	234525.59	78443.19	495	183982.87	48994.79	2090	4193031.86	1449728.56
100680844	sBotW100_100680844					4716.81	2178.63								23653.57	9358.84		13601.43	5060.36		299877.99	123802.24		808964.41	309985.43		398027.56	107789.85		50771.53	-186251.02		184118.84	42073.65		180259.43	38177.23		104885.14	13547.40		76203.50	15213.85	4	55486.52	11022.83	33	77258.13	6071.37	476	1154295.41	98693.12	86	352936.76	22312.40	1	3050.58	285.23				600	3788107.61	619321.41
198147185	Manyo_Complex_Ampoule								10432.87	3895.27																	229594.90	119876.96		438055.51	225389.52		530744.43	276534.50		481436.45	247421.51		586815.90	288273.75		158286.35	78041.78		-2.11	-2.11		-2.73	-2.73	190	334391.03	167766.69	199	411305.12	211121.41	177	384053.74	198660.73	116	205431.55	104151.99	682	3770543.01	1921129.27
176945700	sBotW400					74106.55	38216.15		139516.67	63221.00		102460.30	46718.75					24752.31	9746.14					166601.21	66939.17		128678.30	48895.46		127605.12	42614.67		62158.32	13017.65		228171.85	56079.48		2038.47	-22425.55		19535.47	4773.71	1	25565.42	6047.04	13	32758.05	3782.42	112	511325.17	74799.12	297	1375199.60	179835.93	8	106151.37	9387.12				431	3126624.18	641648.26
206057411	ELIZAVECCA_fruit_toner					82539.12	29642.23		244619.68	64894.67		284498.56	87130.74		443121.03	120273.35		462195.08	121442.75		216259.00	56678.80		213353.68	60928.23		147755.40	37324.79		131307.96	24027.06		70667.72	14882.51		138226.24	29732.76		145683.90	26501.82		84921.90	17010.18	23	89259.08	10098.83	129	55153.84	-75.63	149	88312.94	24356.76	103	62961.57	19492.56	112	61223.27	19363.76	99	58254.05	18781.85	615	3080314.02	782488.02
207475898	FARMSTAY - Collagen Water Full Shampoo & Conditioner [530ml]					39133.26	1701.78		118952.29	-7888.85		95119.63	-538.66		182721.71	-12148.71		235137.17	-16254.40		376184.68	-39132.88		201614.85	5332.76		263418.93	5040.94		189365.29	27962.46		24991.22	5813.03		69230.20	860.82		117266.39	-4269.25		82086.21	15515.15	27	155017.08	17220.51	329	174734.05	22708.89	363	211331.02	19920.20	261	157598.72	24367.83	336	197368.30	40811.85	282	163785.61	35282.44	1598	3055056.61	142305.91
176944957	sBotW300					42276.72	21313.99		27624.34	-12068.20		152460.87	65625.98		533150.02	223090.08		338130.51	138236.08		14375.44	6558.22		627328.34	277883.82		59352.06	24107.80		77917.14	22909.26		66230.96	15882.72		44496.46	2412.70		-1618.73	-20855.62		21850.67	6419.89	1	14326.35	2797.61	3	4430.24	-6842.21	97	374238.93	55101.73	136	317744.50	-70220.24	92	242003.92	-67781.43	23	59401.08	-21321.88	352	3015719.82	663250.30
238416010	Enough Collagen Whitening Moisture Cream 3in1 50 N					106770.35	41915.17		453909.08	129462.27		300475.86	98619.28		323045.93	98283.33		262485.88	78053.28		220297.12	69889.00		310102.92	83798.49		166240.80	36604.39		123018.77	17193.27		111595.16	15048.13		91592.44	12410.30		82618.21	-42.75		104033.49	10245.51	50	60184.58	2074.46	197	63479.44	3966.67	147	44137.08	5781.61	120	41717.00	8284.83	149	45935.67	6680.95	107	27107.88	2836.05	770	2938747.66	721104.24
207476309	FARMSTAY Argan Oil Complete Volume Up Shampoo & Conditioner [530ml]					31754.52	992.97		127488.02	-10857.64		155530.70	-3954.32		318085.01	-31624.04		396128.48	-40806.44		278407.88	-39086.37		1265.86	-218.85					1213.43	-278.98					48148.05	4451.94		97000.78	-22078.87		102550.34	-10419.85	46	169710.21	7138.91	401	180721.03	6809.52	559	275995.38	-5555.48	419	240325.62	12558.50	440	235971.16	30705.31	348	192483.76	20944.74	2213	2852780.23	-81278.95
238358954	ENOUGH - Collagen 3in1 Sun Cream SPF50 PA++ [50ml] N					6482.47	2198.40		19083.12	5065.81		47646.32	15347.75		349477.59	99917.53		198579.04	66292.19		17670.56	6061.23		123965.66	37984.90		113591.61	16860.37		84407.59	-56363.81		36970.95	-18512.04		21192.07	4208.18		28754.26	4599.13		36440.53	5476.56	84	61946.60	6931.50	361	133706.93	15469.42	1628	593387.81	190806.55	768	452467.78	172734.59	437	203643.68	79223.52	412	157249.06	53450.84	3690	2686663.63	707752.62
198148122	Manyo_Concentrate_Cream					36066.62	10198.65		3793.15	653.64														14259.20	10281.56		166810.79	48645.15		346077.01	92857.47		440566.26	129338.75		410061.87	105547.50		488413.33	110888.37		550748.03	92330.25		80175.70	18093.19		-11.31	-11.31		-3.81	-3.81		-2.55	-2.55								2536954.29	618816.86
165299885	8 Seconds Salon Hair Mask Stick Pouch 8 ml 20шт					181530.83	179507.32		425016.03	389735.96		580591.82	535860.16		900840.86	831812.82		317115.31	292826.79		126233.91	116956.83		1242.55	1149.54								-0.30	-0.30		-0.01	-0.01					-0.04	-0.04		532.62	485.82																	2533103.58	2348334.89
198156472	Manyo_Galac_Vita_Serum																							-97.50	-97.50		145896.37	59056.43		268878.27	95374.52		253755.75	95094.43		232908.24	87033.97		248567.02	87651.94		259531.62	85268.45	1	12455.92	4320.18		1257.31	449.77	283	227383.76	71094.94	286	309651.59	99254.26	253	333970.69	153933.75	172	213768.70	96281.19	995	2507927.74	934716.33
208208674	Рация_UV-82 (1 шт)					168738.37	-19525.90		701069.30	-121230.10		663434.88	-4585.81		227524.06	-2136.41		212626.61	7405.50		55172.31	1720.49		23937.49	235.23		17735.37	338.95		6213.37	-101.89		18021.55	6387.64		2138.55	503.21		719.74	-933.32		184476.48	120388.52		40403.96	9348.16	11	20191.98	4092.28	2	248.67	-1358.48	5	4683.82	-114.83		2435.02	-782.73	42	27168.17	-11125.71	60	2376939.70	-11475.20
437231408	ROUND LAB BIRCH JUICE MOISTURIZING SUNSCREEN_50ml																							15474.84	4099.28		1219.57	268.80		10312.13	-149.15		63556.64	10618.80		10576.17	1038.59		3658.38	-56.09		23082.67	632.41	66	406350.33	-7384.21	976	750859.24	72290.48	626	858032.24	95603.38	10	19672.69	2648.30							1678	2162794.90	179610.59
205054338	manyo_bifida_biome_toner								4964.70	1031.16																	54235.69	29528.66		132126.32	69442.69		132163.37	70301.57		114448.03	60439.84		136873.62	58146.11		146863.29	71717.62	45	148387.36	65549.71	298	319956.59	79865.27	432	488269.62	112772.75	311	409982.54	102005.35	25	63644.45	22679.85	1	3285.78	1276.02	1112	2155201.36	744756.60
551465879	CELIMAX THE VITA-A RETINOL SHOT TIGHTENING SERUM [30ml]																																			3187.06	1775.18		71099.15	29209.74		202306.90	74353.91	2	18300.87	8612.92	7	5626.12	2190.47	633	400592.14	79298.07	487	395271.24	94479.48	620	440573.83	118319.03	748	600818.11	189592.56	2497	2137775.42	597831.36
198156698	Manyo_Pure_Cleansing_Oil								1516.84	488.40																	79553.90	40455.17		66764.11	29980.95		84532.64	38422.43		96931.35	42988.79		90221.10	23934.80		198062.08	78828.39	48	289891.68	105685.38	205	343071.29	129688.44	171	273943.05	115906.69	123	209713.71	94870.16	111	181403.52	84392.67	83	129234.84	56144.54	741	2044840.11	841786.81
207795785	ELIZAVECCA - Milky Piggy Hell-Pore Clean Up Enzyme Powder Wash					19469.97	5969.02		102621.83	23755.61		320430.62	79298.62		276083.27	52811.97		249621.79	45324.53		274762.20	44643.94		150632.75	17715.66		149525.28	10668.79		87722.66	-3709.14		68276.01	-2798.77		56136.22	314.24		61356.69	-4654.47		73896.62	-5704.16	50	72482.50	-13545.91	10	32595.84	-3621.52		-3.32	-3.32		-2.30	-2.30							60	1995608.63	246462.79
212827062	MISSHA - M Perfect Cover BB Cream SPF42+ PA+++ (Tone 23) [50ml]					253962.14	251252.01		480443.40	442504.11		222000.01	205562.78		822099.90	761071.19		141213.86	130692.74		7759.68	7124.61		-124.10	-124.10		979.20	891.20		1025.95	940.27											-0.09	-0.09																				1929359.95	1799914.72
226322576	ELIZAVECCA - (х2) Witch Piggy hell pore blemish spot patch					26191.75	25899.27		63370.47	58024.23		52469.22	48291.65		88645.27	81579.55		39020.84	35921.55		4600.06	4253.82		86941.31	79588.94		214357.00	193480.89		656298.36	577190.55		623311.44	563313.31		60157.31	54521.80		268.93	244.18		-3.25	-3.25		-1.22	-1.22		-0.64	-0.64		-0.39	-0.39	1	-0.44	-0.44		279.08	251.79				1	1915905.10	1722555.59
212825852	MISSHA - M Perfect Cover BB Cream SPF42+ PA+++ (Tone 21) [50ml]					16814.54	5689.02		159713.36	70123.43		151748.77	76846.78		567040.84	252725.47		371978.50	162152.16		170772.82	76172.77		122573.04	51790.36		43807.59	17123.77		55214.34	18207.46		36179.55	12500.26		54960.22	20600.20		46277.50	13939.97		59492.18	17498.80		55704.27	13830.07	3	1495.86	306.94	1	868.53	274.29		-0.09	-0.09							4	1914641.82	809781.66
48906952	dm7dm5					773936.80	450702.75		80404.11	22624.48		8402.72	2546.45		1114.15	749.42								-153.74	-153.74		814.46	418.93		1294.55	872.55		1099.76	701.69		-4636.55	-10483.59		230462.15	103544.22		795783.96	169815.08	3	20062.93	-9202.91	6	3381.88	-834.93	4	960.52	-116.32		-2.40	-2.40	1	390.33	34.57				14	1913315.63	731216.25
48905926	dm7dm1					944702.34	527363.46		155608.43	46725.95		24139.40	7706.69		22111.63	6577.93		9007.68	1575.35		15131.99	4737.09					3288.01	2142.26					2327.76	1564.67		-16190.73	-16581.55		29947.59	12559.14		565186.27	-125579.13	7	60091.31	-69503.50	11	3100.22	-3329.39	5	970.75	-668.56		-3.23	-3.23							23	1819419.42	395287.18
48906308	dm7dm3					503969.22	321278.38		169933.71	59223.88		10184.03	3655.81		1217.29	537.04		587.74	249.04					-183.15	-183.15		802.02	427.28		943.56	562.09		6463.95	3494.06		-22652.75	-26752.39		175910.15	104280.10		882703.19	-79413.05	1	55938.21	-54461.95	6	112.75	-1800.59	6	608.08	-1031.01	1	-72.75	-399.72				1	227.08	-97.27	15	1786692.33	329568.55
207796789	ENOUGH - Gold Snail Moisture Foundation [Tone 13]																				4657.16	1865.94		199844.05	71901.68		228207.63	84897.23		75775.14	18779.78		1766.89	681.94		28602.34	10161.85		137495.28	24594.64		209485.87	49010.19	56	158180.36	47942.41	368	172309.89	46456.62	419	176580.53	41611.99	270	113506.64	29139.21	367	148872.13	38214.89	280	121398.81	36628.00	1760	1776682.72	501886.37
198620664	Lamp_RGB_33cm					243961.32	77621.75		164820.28	54861.08		473251.45	46259.46		719140.26	154520.42		52844.64	-6508.34		486.89	-5484.09		-469.67	-469.67		-371.25	-1035.22		-0.20	-0.20					-0.66	-0.66		-0.25	-0.25					-0.10	-0.10																	1653662.71	319764.18
204250060	COSRX_Low_pH_Gel_Cleanser					77349.43	76524.84		405712.83	372843.67		16585.95	15149.84		2189.98	2023.77		33724.32	31261.67		5303.77	4915.28					35233.95	32330.62		144874.02	131895.55		131324.96	119730.27		141890.54	128883.89		270156.07	246618.80		179008.09	160965.55		146150.86	131611.12	6	7649.10	6930.89		696.13	639.53		-3.02	-3.02							6	1597846.98	1462322.27
103431810	dm7dm10					745029.92	386669.54		128244.50	38158.24		15653.46	5022.07		21687.85	7152.69		9555.89	1462.82		7416.49	1370.67		970.15	597.95		1937.32	1176.55		1282.01	886.19		7056.10	4797.19		2282.52	1097.29		22478.19	6274.90		486974.04	-128530.76	5	131861.98	-89237.87	11	4165.24	-2592.54	14	-201.05	-3151.14	2	969.65	-346.06	1	261.14	-67.62				33	1587625.40	230740.11
180852837	Триммер черный v1					149446.86	11680.76		278602.88	1982.55		413726.03	16542.35		192288.84	-2568.37		177265.37	27548.36		35402.04	5802.22		23088.94	3453.35		15222.26	1755.43		12372.14	1361.08		33176.57	413.96		82036.94	-4305.67		24860.49	-5375.33		31420.20	-6735.29	2	2870.30	399.50	19	24583.06	-988.32	9	9986.10	-1028.25	6	2970.05	-683.89	7	8227.39	-1493.33	9	4840.03	-1177.71	52	1522386.49	46583.40
48908708	dm7dm6					701826.03	312847.40		98693.20	17435.24		12958.72	2901.94		7344.10	1381.64		6929.68	1375.80		9633.84	1346.08		858.09	433.44		948.37	515.87		-221.17	-221.17		992.98	547.77		3071.09	1675.20		30400.36	12700.73		543518.51	66057.70	3	24633.53	-15979.15	5	1520.13	-817.44	1	339.93	-52.20	1	339.35	-51.35	1	-0.99	-0.99		356.94	-29.95	11	1444142.69	402066.56
165299669	8 Seconds Salon Hair Mask Stick Pouch 8 ml 10шт					199698.42	197353.91		890630.78	810875.64		332390.17	304819.78		3159.71	2867.52		343.04	316.50											359.07	331.41					314.86	289.14																										1426896.05	1316853.90
333319980	ENOUGH - Collagen Moisture Sun Cream SPF50+ PA++++ [50ml] N3											-118.25	-118.25		257612.98	203536.60		339449.25	147882.29		430336.44	159773.43		185888.18	62297.79		107764.71	42744.94		56571.46	19104.66		27865.32	9108.94		14710.22	4696.24		3390.85	1085.06		-1.48	-1.48		-0.45	-0.45								-0.20	-0.20								1423469.03	650109.57
437190353	ROUND LAB BIRCH JUICE MOISTURIZING CREAM_80ml																							33848.35	14076.79		1595.31	308.97		-11506.93	-24569.32		98552.46	29339.41		449897.52	254658.55		148643.38	-24680.73		278146.33	-24989.50	5	274496.74	37616.86	6	12644.97	39.71	1	3148.53	589.90	17	20792.59	3002.48	90	47043.88	-29919.96	61	60533.25	-23757.39	180	1417836.38	211715.77
151175880	Petitfee Black Pearl & Gold hydrogel Eye Patch																				4873.93	1840.55		42741.16	13880.64		53525.15	16803.71		48673.08	12873.53		41215.20	12282.38		27372.23	7516.61		74468.80	12921.77		356242.96	65069.23	3	258794.06	45685.68	3	8898.39	930.59	244	134459.53	31733.17	256	177619.14	45572.45	138	93244.08	23685.55	160	92147.94	22750.61	804	1414275.65	313546.47
207796439	ELIZAVECCA - Natural 90% Olive Cleansing Oil					7354.33	2156.20		33429.13	6656.92		119254.81	29171.99		306868.24	68299.40		27585.90	5797.79		9266.82	2000.58		88367.16	14762.98		89594.29	12099.75		11597.02	1053.20		-0.70	-0.70		18241.26	2015.33		51472.07	5931.90		13383.42	4169.46	6	24686.24	6478.80	99	72718.31	11987.72	203	188848.57	24927.72	180	153559.91	24614.99	140	120830.97	16437.95	46	50409.70	2873.29	674	1387467.45	241435.27
207481251	COSRX Advanced Snail 96 Mucin Power Essence [100ml]					78968.52	20985.01		347692.46	59021.57		232031.66	49561.30		67408.86	14115.73		28835.01	6265.94		39459.59	9814.70		2413.03	626.28		32255.36	5129.62		29518.94	-1387.92		42585.14	-5879.69		64504.16	2773.58		39298.01	1738.95		49708.66	12695.98	13	40318.52	7106.18	52	55874.98	12413.01	66	81670.04	22903.45	43	54828.64	16954.58	52	46703.69	13558.48	42	47357.33	10724.83	268	1381432.60	259121.58
198620596	Lamp_white_26cm					36024.37	-6917.24		16477.18	-44766.97		435546.27	169119.91		306412.75	60834.01		215781.46	22885.02		156893.19	6720.02		54252.00	-4479.43		28687.58	-11552.05		18384.45	-24385.38		2779.34	-6290.55		6024.37	3324.52		-4708.70	-4708.70		97567.32	-137035.89	14	-10605.06	-190407.40	54	11373.70	-23354.18	12	4858.11	-3971.07	7	-3115.54	-4388.05	8	2840.74	-336.00	3	-542.29	-1814.42	98	1374931.24	-201523.85
419630142	FARMSTAY ESCARGOT NOBLESSE INTENSIVE AMPOULE																				661.21	159.91		35783.38	9055.54		62540.43	13899.71		85098.40	14453.36		77739.02	12934.64		88128.02	8234.07		202422.51	18375.62		190843.80	11533.80	1	90788.65	5037.22	1	2221.29	224.98	250	103673.61	2253.80	236	124378.21	7617.08	202	121236.31	32137.63	185	115076.24	26368.14	875	1300591.08	162285.50
102259020	white /3х3/					1120875.37	129897.79		44956.55	-31476.95		6545.57	-1764.33		9436.82	-1490.76		1307.70	-676.74		332.88	-674.82		984.60	-704.04		27.04	-310.55		4182.44	-1228.93		9130.33	-3200.04		55411.91	-31651.23		4821.20	-5748.30		11382.91	-9866.60		112.15	-547.41				1	220.89	-105.64	1	213.66	-112.87							2	1269942.02	40338.58
226115324	PETITFEE - Agave Cooling Hydrogel Face Mask [5pcs]					14868.51	5546.26		1632.17	417.56														72500.34	27112.34		61453.45	20654.38		67340.63	17192.47		14688.27	2924.76		46141.58	14089.67		133088.32	33066.08		196050.55	43097.42	19	132797.41	23904.40	31	39827.44	7819.44	135	77698.01	21807.57	209	171107.37	45951.41	216	177254.54	44680.95	35	40554.58	9917.29	645	1247003.17	318182.00
206135397	I'm Sorry For My Skin Age Capture Hydrating					24967.12	7454.63		86295.27	19137.90		99087.80	26273.86		113493.50	28706.01		68061.50	16827.84		69362.75	17556.52		75610.04	16383.12		50169.12	9007.83		41964.79	1.11		50093.31	4131.09		58376.79	7631.36		42369.54	282.11		54550.63	3496.63	26	55554.45	-4939.17	112	76193.95	-4813.54	162	122921.40	19917.18	141	113424.84	22720.45	2	16208.14	4367.38	1	-19.10	-19.10	444	1218685.84	194123.21
206122859	I'm Sorry for My Skin Age Крем Capture Firming Enriched					15273.90	5943.31		103126.13	31529.80		112583.37	38184.29		112796.54	36167.20		85797.52	27317.88		80140.09	24475.16		76470.64	20892.73		60905.05	14483.57		50899.94	3506.23		68279.87	12514.97		64464.58	12371.32		57638.66	6745.07		76335.82	5621.44	25	84198.31	-7756.49	155	105730.94	3884.21	62	61479.39	11525.92		887.88	245.88							242	1217008.63	247652.49
198940045	Camera_WiFi_v1					172476.62	31310.09		548827.98	40349.57		418822.59	31044.94		68357.58	1035.35		5332.10	86.70		2248.05	153.20											-109.61	-109.61		1552.91	-537.23													2	-511.38	-511.38		-248.22	-248.22							2	1216748.62	102573.41
551387355	CELIMAX THE VITA-A RETINAL SHOT TIGHTENING BOOSTER [15ml]																																			8055.07	2732.46		133255.20	50431.12		725249.22	317042.55	30	227197.80	98735.72	19	43840.37	17605.96	46	19954.61	-4597.69	31	17399.24	666.59	24	18213.10	6699.95	47	21762.35	2777.33	197	1214926.96	492093.99
151175877	Petitfee Agave Cooling Hydrogel Eye Mask																				857.08	318.97		24951.49	8309.35		29867.67	9303.74		41897.66	11534.93		35883.44	9975.53		25986.21	7055.84		65161.38	10972.07		133369.09	20398.00	68	167498.24	30004.29	288	208919.25	42404.89	216	171073.92	41852.42	173	120982.40	32330.12	125	85498.83	23148.40	113	81411.72	21097.77	983	1193358.38	268706.32
179611207	Petitfee GOLD & SNAIL HYDROGEL EYE PATCH																							89948.54	33182.91		103078.32	34940.44		96401.54	29972.38		21640.39	7629.96		29491.78	9382.05		183076.31	8563.54		324084.84	85993.72	1	87646.16	39865.33	1	1846.12	441.53	113	55548.55	15715.70	164	107012.97	28582.54	100	73192.63	19726.54	49	15615.09	3845.49	428	1188583.24	317842.13
170198180	Enough Rich Gold Double Wea Radiance Foundation 13 тон					22143.18	8716.10		82747.08	27483.07		108661.68	41019.71		247958.16	90508.75		22419.36	7779.23		2659.19	1148.52		114097.88	43274.34		110306.69	37148.69		92788.57	15215.86		6249.09	2042.45		15275.17	6028.62		30854.77	5182.20		36894.25	9207.00	4	21556.15	5695.97	80	34527.26	10286.25	133	63701.74	19181.29	114	47324.52	13476.35	170	73648.64	22725.48	133	53888.73	15819.57	634	1187702.11	381939.45
174668134	Пистолет перкуссионный V1					21309.40	980.12		39552.34	-20660.72		357477.74	17546.82		246053.94	-1921.17		145180.89	37970.11		311276.53	87453.13		17492.58	3580.77		4877.26	913.88		2954.94	-358.86		2225.64	243.76		4621.43	607.58		-6197.12	-8336.23		3355.98	-37872.77	1	4293.62	-9793.76	31	3433.33	-7346.30	32	6090.80	-8556.82	8	538.46	-2641.95	2	380.93	-1536.43	16	-1902.44	-3808.66	90	1163016.25	46462.50
207464799	HEIMISH - All Clean Balm [120ml]					3014.47	927.14		-100.75	-100.75											2490.40	950.01		49568.41	16319.59		37504.18	11792.88		31137.20	6207.20		26717.73	4290.57		18650.18	2406.10		41023.54	23.74		29232.71	-98.49	17	77597.17	12616.08	256	203035.47	31203.41	483	350758.37	47188.77	239	273074.18	42635.12	4	6029.24	723.01	1	912.38	161.51	1000	1150644.88	177245.89
190159348	Elizavecca 24k gold snail Cleansing Foam 180ml					28591.14	9394.89		116234.60	26322.15		96707.01	25809.59		124746.89	31640.88		63534.79	15261.71		55174.89	13556.50		53149.38	11057.46		69322.26	12346.92		51470.15	5928.85		83537.96	8258.35		55855.46	6195.77		57011.56	7366.19		43068.14	11352.91	19	45170.89	9133.40	124	57193.46	11645.91	120	36234.79	-7731.96	91	28052.50	-6384.38	115	49161.05	7161.00	79	28200.50	-120.97	548	1142417.42	198195.17
226114935	PETITFEE - Gold Hydrogel Mask Pack [5pcs]					99627.72	40256.19		66149.82	22383.98					1933.12	774.05		-0.75	-0.75		1026.01	442.14		31474.03	12904.80		27095.98	10103.11		28147.97	9404.38		15870.75	5325.87		35569.24	12874.26		63067.55	18306.83		152339.25	42433.73	37	145263.95	31537.88	220	156037.62	35894.06	132	118465.29	36662.10	115	94612.69	31140.31	49	47514.11	15632.49	30	15936.71	5002.95	583	1100131.06	331078.38
169198316	Etude House Baking Powder Pore Cleansing Foam 160 ml белая																				3644.26	1463.78		67886.76	23718.48		130521.08	41573.71		101706.75	21941.84		72768.51	15579.80		74145.94	17911.65		67705.19	11027.62		75702.70	15570.52	58	65345.96	-8838.19	294	120859.71	16887.18	270	118507.00	19165.51	171	68630.35	10816.14	174	74374.94	14643.54	125	50027.43	7399.85	1092	1091826.58	208861.43
207477077	FARMSTAY - Collagen Water Full Moist Cream [100g]																										2989.08	539.77		21848.48	4141.12		26859.59	3932.83		46071.31	7207.12		64818.24	9973.79		98590.78	27905.67	35	133292.36	26939.75	161	129585.92	29413.05	179	158964.05	46873.98	183	155980.07	50504.85	166	144901.28	45469.47	166	107877.44	25354.35	890	1091778.60	278255.75
103431353	dm7dm9					507540.95	229301.31		61418.88	11234.18		9477.38	1418.16		4732.85	1942.53		4158.36	182.84		4649.96	293.76		823.03	399.50		-183.15	-183.15					1986.22	1104.55		3524.77	2124.02		19409.89	7177.44		406123.73	-33358.13	4	64111.52	-65668.84	5	1718.32	-2472.65	7	778.93	-1566.26		-230.49	-230.49	1	253.07	-133.90	2	470.44	-287.11	19	1090764.66	151277.76
212760119	JIGOTT - Ultimate Real Collagen Toner [300ml]																				3649.74	772.17		77730.79	11078.78		57186.47	4235.98		82360.46	-20416.23		78047.99	-19759.96		139577.16	-6703.77		158732.86	-24419.01		118011.33	2817.71	1	173072.22	5499.97	17	3437.00	-184.83	108	48594.76	6456.44	90	43806.17	13490.29	115	52595.69	16204.02	81	41421.38	11858.22	412	1078224.02	929.78
333318356	ENOUGH - Collagen Moisture Sun Cream SPF50+ PA++++ [50ml] N2														242753.54	170026.46		113197.04	57001.30		178591.18	76211.99		61205.37	12326.40		41161.82	9183.72		30204.51	6675.53		22118.50	3570.29		17260.96	-937.93		17185.45	1204.26		9969.79	336.97	12	9726.10	-195.94	54	11586.97	-2969.66	172	36202.92	1397.56	239	62031.15	1083.64	500	122672.81	4754.57	327	88155.88	5478.35	1304	1064023.99	345147.51
150925322	Collagen_Enough_Moisture_Foundation_21					37702.91	12449.64		22505.05	5733.76		43820.79	13886.30		2807.66	759.20		-0.69	-0.69		509.66	162.74		133312.41	35321.18		87348.38	21171.80		256678.07	15759.73		156390.83	3221.95		38974.59	6524.43		-9470.82	-44886.97		57720.84	-87.18	4	37395.83	11840.96	77	26426.39	7531.21	122	63817.99	21157.09	70	37628.73	13311.76	68	32185.26	11490.15	127	15740.46	-14523.74	468	1041494.34	120823.32
207465786	HEIMISH - All Clean Balm Mandarin [120ml]					43641.33	10383.67		154696.32	22478.37		183377.61	36941.36		15778.93	2652.25		-1.88	-1.88		6017.01	1864.96		70363.38	18904.55		50202.04	11796.92		23066.32	-5449.23		13143.14	-2786.31		17598.57	-10.18		22384.66	1486.54		21878.54	-1502.28	24	71322.76	6948.16	107	98878.18	12563.99	80	73701.67	10239.85	50	59097.82	10186.28	61	38301.45	6103.76	92	75854.76	12531.03	414	1039302.61	155331.81
198143251	Manyo_Ampoule_Lotion					39757.21	16558.65		27870.11	9511.70		1310.84	479.50														36925.02	14618.14		88218.78	33156.05		88138.80	32364.49		82241.97	29938.96		126261.91	27311.30		174781.63	27274.85	33	165275.02	-1706.62	139	39361.67	-71240.78	43	66785.12	22394.83	1	1238.17	397.93	1	-12.98	-12.98	120	91286.06	31548.91	337	1029439.33	172594.93
226115141	PETITFEE - Gold & Snail Hydrogel Mask Pack [5pcs]					31598.31	12631.32		133658.36	46079.44		116663.12	45316.08		129664.83	46029.35		2674.23	911.78					23988.23	9240.59		23849.74	8400.20		23405.59	5513.02		11100.64	2153.83		22584.33	7200.96		21420.65	2158.08		70105.22	11822.33	17	56710.97	14993.33	154	80504.76	8752.27	143	118188.03	22431.57	78	58527.74	13289.55	96	58238.65	12947.00	56	44266.94	6544.36	544	1027150.34	276415.06
255574453	JIGOTT - MASK 15					76813.18	-2876.93		57305.43	-5098.02		298.47	-127.13								2987.79	404.57		56920.28	6982.77		65007.00	5212.43		73377.80	-6706.06		88438.83	-188.72		98240.24	-6019.16		115958.23	-32423.50		181847.57	-74765.41	17	137380.53	-82855.52	14	22678.99	-6625.57	40	17284.27	1374.21	15	12134.40	3413.43	18	5621.56	1046.82	15	8725.04	2381.42	119	1021019.61	-196870.37
248928555	SOME BY MI - AHA-BHA-PHA 30 Days Miracle Acne Clear Body Cleanser [400g]					8338.07	2346.18		93969.92	19706.23		105861.79	27073.33		191926.04	46021.11		142201.23	32238.30		117699.45	26786.58		89915.14	16761.28		36582.77	5099.74		37393.30	5821.14		19903.52	3452.07		20967.38	2417.29		24031.98	3422.95		13951.88	388.51	7	22789.86	6067.01	28	38145.49	9586.57	17	29166.85	9023.29	2	1343.92	231.27							54	994188.59	216442.85
207481714	COSRX AHA/BHA Clarifying Treatment Toner [150ml]					49207.35	48697.82		171358.96	157829.24		6505.73	5992.31														15682.84	14425.94		76642.06	69870.47		117474.91	107881.41		87665.53	80327.06		90650.30	82743.38		52973.82	47886.72	14	54252.37	48880.86	101	73675.89	65734.21	147	117231.93	106183.04	55	57217.01	52167.52	2	4540.50	4188.87		-0.32	-0.32	319	975078.88	892808.53
207483179	JIGOTT - Snail Reparing Cream [100ml]																				399.00	120.84		54480.45	12471.70		62934.41	12299.02		37376.49	-1475.55		50106.44	5819.71		65280.02	4804.51		72719.76	-4726.38		160063.02	-23005.09	35	166228.38	-43466.10	17	28878.97	4977.40	187	51107.11	11412.96	233	85915.23	20057.71	244	84107.67	18588.39	160	50679.85	10082.83	876	970276.80	27961.95
212796158	MISSHA - M Perfect Cover BB Cream SPF42+ PA+++ (Tone 13) [50ml]					95228.60	94235.73		214520.44	197766.35		116765.90	108081.86		305185.58	282666.40		139428.65	128919.19		87095.14	80771.03		2840.29	2595.06		1050.75	972.92														950.53	873.15																				963065.88	896881.69
437203627	ROUND LAB BIRCH JUICE MOISTURIZING CLEANSER_150ml																							16442.02	10622.69		5903.13	2865.42		31537.89	11971.61		96922.86	42445.63		39878.72	16276.63		110086.84	38704.16		139142.94	48694.14	83	280409.24	78709.40	152	172980.79	48061.27	45	62610.72	23079.02		2101.87	890.39							280	958017.02	322320.36
226115478	PETITFEE - Black Pearl & Gold Hydrogel Mask Pack [5pcs]					61287.80	28144.95		263168.88	103250.34		6972.12	2769.78								1017.05	485.73		35731.38	16106.56		31773.71	13005.54		23308.00	7755.42		19490.55	6161.34		17841.62	6648.98		34960.21	12521.60		80499.99	27080.10	31	66060.25	16157.85	173	108728.66	30839.38	180	172438.49	60957.48		1676.78	633.35				24	11108.58	3484.52	408	936064.07	336002.92
151132051	ENOUGH COLLAGEN 3IN1 13																				9060.65	4524.10		191212.84	89004.86		218180.73	99863.66		144219.55	54391.02		4531.30	1988.09		26109.31	11967.74		47913.46	20982.05		57951.31	17844.94	16	31297.62	12037.52	77	39018.86	13172.61	103	52550.55	18189.52	65	37770.98	14278.17	86	40242.92	15538.16	83	29607.16	11186.94	430	929667.24	384969.38
248929125	SOME BY MI - AHA-BHA-PHA 30 Days Miracle Cream [60g]					43022.90	11311.52		125848.81	25826.86		92527.51	24317.32		113744.97	25067.24		94677.72	20828.67		94945.48	20152.47		62865.34	9896.77		50294.30	5944.11		56694.05	4856.06		48278.35	5366.03		33027.06	3412.76		21630.78	907.99		11808.88	489.78	2	12786.99	2800.41	1	-261.58	-1549.77	11	14612.37	2059.66	7	12973.30	2882.20	10	13193.73	3206.04	9	16999.14	4507.21	40	919670.10	172283.33
214305722	DEOPROCE SHAMPOO+BALSAM - BLACK GARLIC[2000ml]																																						9947.07	3552.09		27590.30	-22672.84	36	132583.65	30183.92	149	181567.59	46944.59	161	202782.68	53634.91	87	107245.00	34021.48	123	146824.85	53324.36	76	98744.13	32943.42	632	907285.27	231931.93
226117746	PETITFEE - Chamomile Lightening Hydrogel Mask Pack [5pcs]					32286.13	11997.47		88217.34	27882.10		84651.48	30891.42		162430.29	52604.10		3344.00	896.68		1895.39	685.04		19648.78	6267.23		17993.78	5152.77		23959.95	4956.60		9025.15	1669.57		11148.22	2513.58		29725.37	3324.22		30085.47	-762.50	11	42462.44	7971.46	105	71674.76	15350.84	71	66695.68	16111.62	128	94309.70	24432.79	89	75300.96	19603.18	48	36053.30	8072.07	452	900908.19	239620.24
226115248	PETITFEE - Cacao Energizing Hydrogel Mask Pack [5pcs]					47304.03	20932.93		156329.44	61282.72		10191.69	4121.07		955.23	403.59					982.04	431.67		27819.93	11304.33		36356.43	13620.00		22277.02	6201.14		9127.11	2499.83		22225.73	7377.48		67435.88	19164.78		87247.40	22036.63	38	94114.11	19303.69	321	193985.96	34621.59	89	108595.11	32565.13		805.30	264.05				28	12194.37	3224.64	476	897946.78	259355.27
207796898	ENOUGH - Gold Snail Moisture Foundation [Tone 21]					5856.75	1822.37		50016.67	12742.77		3989.78	996.09								2916.49	1051.90		128630.69	37229.91		75000.86	19165.69		1420.51	290.66		-0.10	-0.10		16812.75	3689.58		66305.94	-18829.69		90446.79	5117.06	32	78111.94	12410.13	240	83674.37	4464.37	333	105217.55	-11936.79	251	80736.91	-7726.55	159	62711.40	5414.85	115	41820.23	9726.08	1130	893669.53	75628.33
437242640	ROUND LAB MUGWORT CALMING CLEANSER_150ml																							13966.57	7231.78		3123.39	1154.54		14114.45	-1052.20		81006.41	23783.32		37627.92	8324.06		97153.70	2772.18		145028.80	20419.16	3	144105.14	33436.31	8	10684.46	1746.22	2	3520.88	959.52	93	48840.15	10742.35	216	87531.45	-8000.23	292	179961.67	23437.23	614	866664.99	124954.24
170198337	Enough 8 Peptide Full Cover Perfect Foundation 21 тон																				1716.58	498.61		222244.84	52606.46		243654.55	59451.84		16948.11	3344.87		563.44	149.10		-1.94	-1.94		15612.04	4802.34		29057.42	5926.51	6	15735.06	4849.17	46	22346.51	7185.56	78	51298.44	18059.40	66	42114.65	15560.46	143	66313.57	24910.80	272	136298.20	51545.21	611	863901.47	248888.39
207483780	JIGOTT - Birds Nest Firming Cream [70ml]					348.37	82.14														724.34	141.33		53786.12	10535.98		67660.36	9741.94		81437.40	4773.92		51315.51	1320.41		47409.87	2564.49		60033.40	-665.23		103735.20	-10928.85	78	132765.38	-68964.06	281	85155.09	-24707.43	75	27042.85	7823.93	128	52373.25	16945.62	127	56767.83	19119.94	70	28619.50	9347.27	759	849174.47	-22868.60
198156358	Manyo_Aqua_Peeling_Gel																							7052.50	6112.81		95014.14	38532.54		150584.22	51818.06		195984.66	66645.01		155203.09	52786.14		191176.18	62785.71		49953.61	19586.33		815.33	328.50		-6.33	-6.33		-1.40	-1.40		-1.80	-1.80								845774.20	298585.57
207796563	ELIZAVECCA - Aqua Hyaluronic Acid Water Drop Cream					28865.75	11825.62		67467.63	24084.31		68160.98	26985.63		60816.93	23392.29		38881.69	15107.58		3145.10	1208.19		83641.06	28957.13		46821.44	13981.70		29068.69	6368.47		6871.56	2141.24		7296.53	1876.35		38083.27	8761.47		33006.84	5798.57	13	25110.30	981.16	92	29397.16	-2799.78	111	45738.52	5970.19	109	54610.82	11535.65	193	76930.27	16447.07	212	90716.78	21286.13	730	834631.32	223908.97
437797551	ROUND LAB VITA NIACINAMIDE DARK SPOT SERUM 30ml																							17400.42	6991.18		2831.03	562.05		9633.04	-15485.42		105747.80	24601.87		10572.11	389.56		20776.08	-3819.69		146697.49	-22077.68	36	151591.65	-1091.70	159	187985.05	10825.83	55	73938.90	11383.36	20	25912.11	4567.77	32	26190.26	2793.17	69	51348.84	-11475.43	371	830624.78	8164.87
199426060	Dr.Jart_Teatreatment Moisturizer					21699.06	9416.77		57992.94	22047.65		40596.12	17141.92		27934.88	11966.96		9294.49	3996.37								47855.67	14385.58		47354.82	11499.18		75127.98	21155.89		157842.95	44032.28		248674.40	68998.97		82416.33	30345.14		-3.04	-3.04		-1.42	-1.42		-0.97	-0.97		-0.20	-0.20								816784.01	254981.08
154163936	Elizavecca Hell-Pore Control Hyaluronic Acid 97%					47141.57	18614.71		98908.45	33417.95		52723.72	20665.95		679.54	249.41		641.44	212.80		2683.55	970.49		40645.33	13637.47		42600.08	11633.39		35077.67	6976.35		33526.81	8537.14		26964.10	6400.93		32191.78	3785.40		74261.64	8474.76	36	50916.89	6313.67	329	134068.33	7164.97	205	140953.67	31224.20	2	1659.76	386.63	1	1125.04	281.07	1	-1.33	-1.33	574	816768.04	178945.96
150925321	Collagen_Enough_Moisture_Foundation_13					12009.09	4407.25		1376.74	433.07		471.09	156.51		472.56	159.32											19750.80	8862.34		132974.71	33250.24		65647.24	3616.58		87950.90	3312.96		110099.74	8543.15		82222.36	15127.75	11	33609.09	11919.69	67	33322.01	11005.91	100	45851.48	16701.00	53	21163.24	7473.61	109	45015.40	14276.76	589	119530.74	11108.77	929	811467.19	150354.91
180711104	Petitfee GOLD					15585.41	5913.03		49672.62	16297.58		45008.91	16391.89		63296.06	20967.99		51164.38	16961.63		16639.29	5393.62		33237.31	10285.54		33933.25	9241.30		24417.39	5572.25		30754.41	7840.70		23266.53	5591.98		5601.31	-29741.89		130086.44	-5402.89	5	48692.73	16008.64	64	38411.94	12229.19	116	100461.39	32752.73	47	41215.16	14335.27	38	29301.07	10103.11	28	20436.43	6812.51	298	801182.03	177554.18
212757456	JIGOTT - Daily Real Cica Toner [300ml]																										28277.62	993.77		49423.21	1104.45		66092.27	-5704.89		88224.93	-11995.05		124970.90	-58216.73		127577.90	-15239.61	5	142477.35	-8085.44	6	13381.09	-301.77	78	28901.68	5081.58	79	32247.78	5311.88	142	44412.37	1751.26	174	51778.22	-331.41	484	797765.32	-85631.96
226114831	PETITFEE - Artichoke Soothing Hydrogel Face Mask [5pcs]					43506.05	19086.82		7650.25	2691.21		889.81	343.85								3146.43	1489.03		60861.32	26462.77		48462.98	19749.33		51749.70	17572.02		11242.64	2842.45		36512.59	14236.52		38656.12	12352.32		91853.58	28751.08	51	142121.93	36895.21	286	177884.15	31667.66	14	46919.76	16701.59		-9.97	-9.97				29	18697.15	6222.13	380	780144.49	237054.02
170198835	Enough Collagen Foundation Cover Up Ultra X10 13 тон					1380.51	416.40		2117.82	668.95											3939.21	1438.87		138919.90	48745.97		22210.63	8336.80		-0.71	-0.71		-0.24	-0.24		5638.13	1905.24		26690.75	11161.85		36341.17	12962.55	15	31579.91	11964.98	191	73981.56	22416.29	395	195061.05	63788.37	251	136372.36	47212.79	153	100203.64	36284.89		1147.83	419.88	1005	775583.52	267722.88
204258828	COSRX_Salicylic_Acid_Cleanser					5021.24	2141.30		49269.28	16578.77		86304.82	32788.73		108212.65	39333.03		89200.42	31498.02		60199.65	21428.97		48977.55	15246.35		12558.11	6663.45		20136.45	7963.20		24213.46	10757.27		14372.08	6424.53		14741.25	-4890.14		42478.87	12902.88	13	44242.64	11105.32	57	36187.80	8136.54	61	30403.65	8177.89	60	37284.13	11577.96	41	22782.34	6417.39	32	17794.91	4834.19	264	764381.30	249085.65
214312837	THE SAEM Saemmul Perfect Curling Mascara [8ml]					1918.12	1896.36		-24053.90	-26274.01		33453.10	30699.90		24257.46	22291.55		17439.20	15930.71		49179.29	45311.48		17406.11	15887.23		3338.03	2958.07		5273.55	4538.90		13182.71	11816.80		63448.65	58112.13		133089.40	122121.18		137358.57	125058.23	47	92797.57	84194.05	312	83165.66	76185.63	271	71734.05	66204.71	1	15446.47	14149.72							631	738434.04	671082.64
248922407	SOME BY MI - AHA-BHA-PHA 30 Days Miracle Serum [50ml]					12867.22	12735.00		116534.09	107611.92		97780.41	90536.75		99311.67	92092.75		76422.04	70924.99		114558.74	106468.05		65905.51	60826.18		47558.20	43644.33		34972.65	32098.48		42699.98	39379.08		11684.75	10734.54											-0.05	-0.05					-0.04	-0.04								720295.17	667051.98
214977901	JMSOLUTION - Mask Pack Black					73206.48	10686.06		6038.85	304.72																	75945.31	893.96		84947.17	-26.47		70219.48	40.83		88187.87	-5484.74		88860.06	-14070.54		26493.21	-4345.16							180	52822.94	-10106.26	149	98900.28	-10068.55	34	25486.59	5844.99	29	12224.38	2147.02	392	703332.62	-24184.14
437254254	ROUND LAB SOYBEAN PANTHENOL CREAM_80ml																							31578.14	12194.21					15475.59	1760.33		95770.10	20694.16		-867.10	-2225.86		43279.46	-931.00		123231.15	-9919.62	5	193295.34	-4115.70	2	14953.30	245.19		-6.65	-6.65	8	10204.56	877.94	94	71607.27	-10738.24	115	104668.56	-40147.15	224	703189.72	-32312.39
248929483	SOME BY MI - AHA-BHA-PHA 30 Days Miracle Toner [150ml]					9686.31	9587.19		73466.92	67856.08		85358.89	79154.70		156629.57	145388.90		90346.96	83811.63		85986.93	80455.57		108686.85	101373.58		47268.27	43446.36		29827.11	27441.99								-0.13	-0.13		-0.05	-0.05																				687257.63	638515.82
307073881	ETUDE Baking Powder BB Deep Cleansing Foam 160 мл N								13858.68	5694.59		24894.40	10910.88		45691.57	19347.46		-15.45	-15.45		1170.38	496.90		68534.27	29109.88		29676.66	11548.26		24417.27	6581.38		21249.34	6763.51		13912.47	4307.89		21617.02	5292.51		35017.93	11594.97	36	45797.66	5663.29	368	111555.32	8752.27	349	141576.45	24618.82	84	63912.94	22413.80	3	1873.81	827.14	41	8018.89	2449.96	881	672759.61	176358.06
206126372	I'm Sorry for My Skin Крем Age Capture Vitalizer					8655.69	2869.70		36998.86	8804.82		60875.87	17105.15		61456.32	15713.74		30869.41	7683.01		22728.51	5916.37		44069.87	12267.16		27858.00	6526.52		25543.94	552.80		31309.39	4310.06		28469.25	5029.10		27712.85	247.27		31600.19	2701.08	8	28459.70	191.94	49	26868.76	-2267.58	66	51702.00	7799.99	54	40762.61	8827.19	68	57211.58	13463.81	35	27031.30	5316.64	280	670184.10	123058.77
151298064	Elizavecca Witch Piggy Hell Pore Blemish Spot Patch					35500.17	35072.08		107224.30	97406.13		101420.72	92639.79		114852.19	105186.84		14069.57	12887.66		2723.77	2432.56		53707.40	47012.22		47389.85	40716.06		80235.95	68365.30		88034.40	76929.88		20708.68	18554.89		-119.57	-119.57		207.91	186.53		-0.37	-0.37		-0.16	-0.16					-0.20	-0.20								665954.61	597269.64
179611231	Petitfee 98% Collagen & CoQ10 Hydro Gel Eye Patch																							16399.46	6672.48		20788.70	7882.56		41307.61	13433.56		16502.54	5304.86		8520.54	2863.12		98287.39	24166.72		232858.31	55179.10		106795.64	26170.29		635.66	136.18	36	23011.18	7693.84	48	39162.09	13969.52	52	33425.50	11823.94	16	15543.89	5294.93	152	653238.51	180591.10
206125905	I'm Sorry for My Skin Крем Age Capture Skin Relief					24804.75	8529.78		108148.84	32035.29		108635.97	37091.95		73347.44	24246.28		-108.62	-108.62					1026.72	338.19		18567.44	7184.40		30034.53	8578.52		70704.96	25329.75		59638.34	20499.21		70918.25	16826.93		68664.85	17347.01		4027.58	1154.21		-3.12	-3.12		-0.69	-0.69	1	914.95	227.32							1	639322.19	199276.41
212885914	FARMSTAY - Collagen Water Full Moist Rolling Eye Serum [25ml]								847.94	314.42														58499.31	24972.04		64871.32	25829.03		48667.27	15262.75		44315.02	15177.18		50906.27	17214.07		62675.43	19841.16		77709.57	30175.22	33	74644.03	21986.59	270	70043.75	4598.28	71	61568.49	28634.91		-6.25	-6.25	7	-12.33	-12.33	65	22991.24	10799.50	446	637721.06	214786.57
154160085	Etude Baking Powder Crunch Pore Scrub треугольники 30					3559.64	1269.69		2834.93	784.73		732.30	222.42								3800.80	1263.82		78267.78	21745.88		52347.17	12948.18		68635.33	11833.21		48219.60	8664.65		34464.58	2668.75		33651.33	-1134.76		40755.31	7627.02	31	43471.27	2087.69	109	58468.47	-3167.34	92	43360.80	-186.02	85	48264.81	8454.36	52	25587.02	2478.38	57	30455.55	6525.66	426	616876.69	84086.32
333321028	ELIZAVECCA - Milky Piggy Hell-Pore Clean Up Enzyme Powder Wash2														233435.09	136257.38		69002.73	13891.22		140596.85	24206.67		61112.10	8092.17		22770.81	1677.40		17971.27	1532.66		14636.43	1225.87		15932.69	1250.33		19246.05	569.35		13942.91	-128.34		587.37	-2.36													3	1155.47	-8.43	3	610389.77	188563.92
170198738	Enough 8 Peptide Full Cover Perfect Foundation 13 тон								555.00	115.81														-439.50	-439.50		31483.36	4459.98		67946.80	-111474.65		121458.26	7324.99		47441.88	7628.01		32374.83	-3798.42		28536.81	4875.32	9	21011.96	6020.38	69	35953.09	10563.40	98	61309.91	19992.92	73	49689.32	17801.14	117	51722.80	12329.97	103	55156.54	19537.78	469	604201.06	-5062.87
180988755	Petitfee B-Glucan Deep Firming Eye Mask					37199.05	13850.30		5324.93	1636.57		893.04	279.96								2085.02	842.33		41789.74	15088.05		21287.28	6889.26		21154.73	4854.58		23271.49	7768.95		13332.48	3963.01		15110.04	3320.39		47290.05	10470.33	20	73063.20	17491.45	92	87626.21	20450.01	106	97688.13	27358.96	65	51609.22	15432.71	38	31930.76	9396.16	38	27982.77	8064.46	359	598638.14	167157.48
208202076	EKEL Ampule Сream Сollagen [70ml]					36621.20	13556.25		107660.26	33626.96		7245.95	2595.42								1499.73	577.42		43386.31	14588.88		42068.66	13860.09		30633.96	6770.53		23510.67	5714.25		31660.47	8766.83		27875.58	7325.97		32526.15	9007.13	36	26549.59	-1243.99	226	43750.52	-8505.29	104	42519.63	13830.46	80	27537.41	9878.59	95	30573.77	11383.34	75	27442.61	10275.79	616	583062.47	152008.63
170198109	Enough Rich Gold Double Wea Radiance Foundation 21 тон																							-248.30	-248.30		28239.26	9820.77		91877.68	32140.80		73466.88	26732.94		37036.09	12922.27		34700.21	10906.76		32150.35	10242.91	10	15280.43	3650.97	40	18765.66	4421.24	65	29761.38	8213.12	74	37170.99	12125.87	156	71345.24	24650.47	145	69903.15	23417.73	490	539449.02	178997.55
199425671	Dr.Jart_Teatreatment_Soothing_Spot																										51560.68	23403.27		36117.40	12586.51		35208.14	13477.61		35092.25	14784.22		41918.24	16608.48		25653.48	8654.15	9	42492.89	13834.95	150	142532.30	49638.63	85	119360.06	45645.61	1	3825.12	1516.38	2	1225.89	459.58				247	534986.45	200609.39
180992464	PETITFEE Aura Quartz Hydrogel Eye Mask Pure Opal					37671.33	13837.11		109303.15	34398.22		10124.56	3469.53								3817.64	1587.28		37169.59	14193.73		38152.90	13518.27		41460.16	13758.32		39899.57	14029.65		32133.92	11234.25		25388.34	7629.38		33978.69	9389.30	1	32445.70	8819.52	9	8264.89	2358.79	21	21206.71	6388.01	15	17603.81	5679.09	31	30893.13	10038.47	14	12820.56	3898.09	91	532334.65	174227.01
551607905	CELIMAX JI WOO GAE CICA BHA BLEMISH TONER PAD [170ml / 60pads]																																						59106.53	26924.33		10322.65	3848.47	15	35667.83	11453.71	77	33215.75	-19265.01	246	145744.94	-18593.79	176	111588.30	-19699.01	130	72952.52	-18687.63	85	60790.09	5120.80	729	529388.61	-28898.13
190160197	EKEL Ampoule Toner Collagen 150ml																				1780.87	946.61		40585.92	16976.42		56459.43	21574.18		25823.03	7042.36		9405.58	4300.72		16621.81	7641.62		44179.72	13076.62		60132.19	12037.01	30	40757.54	2470.03	300	94963.30	18680.76	247	108729.88	46046.03	18	29756.66	13420.79		-0.26	-0.26				595	529195.67	164212.89
179611278	Petitfee Artichoke Soothing Hydrogel Eye Mask																				2370.59	775.01		22956.20	7886.09		16418.43	5047.08		10923.50	1661.54		7000.23	2129.39		4915.72	1137.78		12139.19	1917.86		19454.45	3799.79	55	67013.53	12677.95	279	187274.87	28666.95	125	103346.24	26302.60	38	30424.86	8245.09	39	23579.03	6266.59	41	20240.84	5164.82	577	528057.68	111678.54
190314124	СГ-Белая с узорами																																			8308.26	2168.12		61035.26	12050.85		365300.65	96585.53	4	82002.06	9670.30	3	2789.72	384.43		-1.31	-1.31		-2.25	-2.25							7	519432.39	120855.67
214312385	THE ORDINARY - Argireline Solution 10% [30ml]					3121.85	742.42		1329.06	-30691.43		74972.26	16878.76		91257.97	18714.05		53875.77	10714.93		85195.41	17212.31		48235.70	8619.09		14415.18	2294.88		11179.12	1649.05		5090.08	780.55		13632.13	2334.92		11719.68	638.92		7618.21	-13027.16	2	18612.58	-5459.42	22	7922.24	-7485.33	28	19218.57	225.35	26	26154.57	4477.29	21	14269.16	492.97	18	7149.44	250.20	117	514968.98	29362.35
212759698	JIGOTT - Moisture Real Aloe Vera Toner [300ml]					3104.55	1571.93		16227.57	7021.98		398.74	200.39								905.98	507.64		9215.45	4761.69		37542.90	18194.68		40485.67	13293.79		30495.43	7438.23		43770.38	17909.74		42788.08	15793.52		49621.99	17992.20	57	37077.10	1187.26	327	69923.37	4294.11	120	65762.35	35154.11	58	30441.84	18863.46	37	21850.74	13493.96	47	14475.82	3092.67	646	514087.96	180771.36
555204573	dm7dm3-45																																						10399.06	5259.38		426501.76	126193.17	16	62290.26	-23793.08	8	10707.57	359.83	5	1493.08	-620.72	3	827.11	-221.83				1	594.72	74.48	33	512813.56	107251.23
238359757	LEBELAGE - High Protection Long Lasting Sun Cream SPF50+ PA+++ [30ml] N					559.00	336.07		2096.35	1022.55		-12327.82	-14762.45		17071.75	8888.81		70391.12	38176.39		66271.03	33655.11		24057.94	11820.59		8994.15	4240.04		6586.01	3083.16		2941.63	1594.78		3302.64	1828.88		916.79	397.09		805.90	408.48	3	2252.51	1076.24	39	5848.16	2395.10	431	70672.16	31377.59	754	153457.12	69497.23	241	80690.11	37011.45		229.37	104.25	1468	504815.92	232151.36
103441912	dm7dm12					111992.70	56715.16		11971.83	2720.88		1773.35	512.87		1281.59	454.43		942.42	112.42		-395.42	-395.42					-174.83	-174.83		1287.65	821.06		2735.89	1434.06		8950.99	5356.58		65964.36	25485.33		274422.98	-3757.49	5	17460.14	-26730.65	2	1722.81	-977.50	1	-354.24	-354.24	1	-78.40	-471.12	1	-1.57	-1.57		293.82	-90.75	10	499796.07	60659.22
271921107	GAMEstick641					262642.22	-89862.34		147180.02	-63888.69		1829.08	-1099.56		81869.53	-52591.00		3807.82	-3559.32		922.40	-549.85																																									498251.07	-211550.76
212752214	GRACE DAY - Bouquet Marine Mist					22934.37	22671.36		107160.11	97948.45		79480.88	72692.02		129154.92	118311.41		122022.97	111697.44		34355.95	31439.24		684.32	622.79		-107.00	-107.00								329.93	298.15								-0.15	-0.15								-0.05	-0.05								496016.25	455573.66
179611318	Petitfee Chamomile Lightening Hydrogel Eye Mask					10004.85	2763.99		43719.20	10265.41		88300.44	24443.97		118576.04	32129.29		-41.79	-41.79		2596.25	990.43		12107.52	4030.65		15633.24	4811.74		14476.66	3588.47		18582.92	5170.81		18434.52	4924.62		-29982.88	-52087.66		15909.17	4989.20	8	22196.22	7031.60	67	11875.69	-19008.26	99	40896.28	-14206.60	60	37604.21	7441.05	46	30401.21	5682.97	44	21126.11	3115.33	324	492415.86	36035.22
437776835	ROUND LAB PINE CALMING CICA AMPOULE_30ml																							23204.93	10964.70		3091.81	1082.13		13452.04	2366.15		84982.56	28721.68		4300.84	286.78		13502.19	671.06		54317.94	991.38	23	58136.57	-38648.03	79	62526.08	-26233.55	63	66498.79	11590.51	28	42464.68	10986.39	26	18914.38	4267.14	38	33828.10	2773.36	257	479220.91	9819.70
437845041	ROUND LAB VITA NIACINAMIDE DARK SPOT CREAM 50ml																							21267.90	8458.51		1536.70	385.92		15238.04	2550.14		87440.70	23833.06		4659.45	-1126.90		17513.24	-646.54		21456.03	-2501.84	31	26349.72	-12075.75	101	72491.11	-37640.87	109	69846.81	-36921.13	81	65637.70	-23102.27	64	66436.70	-5171.96	1	2823.16	568.48	387	472697.26	-83391.15
214312934	MISSHA -  M Perfect Cover BB Cream SPF42 PA+++ (Tone 25) [20ml]					26339.61	26038.53		97083.84	89049.30		109439.16	100539.05		163949.58	150930.29		66057.20	60900.04		1226.94	1135.73																																									464096.33	428592.94
179423815	Массажер подушка коричневая v1					247980.04	13698.62		133867.92	-8308.44		76193.23	-8004.35		909.83	-1832.62		-183.83	-183.83		578.84	-111.67					423.51	-262.74								432.30	-253.57																										460201.84	-5258.60
551616449	CELIMAX THE REAL NONI STARTER KIT (NEW) [30ml+10ml+10ml]																																			1304.49	510.94		41050.78	15706.22		92556.27	23529.34	92	119017.60	20724.78	132	160542.39	22137.25	15	17156.84	5907.18	6	5195.95	1962.21	8	8754.02	3117.94	4	4555.35	1360.49	257	450133.69	94956.35
214964091	JMSOLUTION - Mask Pack Disney					3093.29	968.28		5791.40	1103.44																																								103	42707.37	1973.09	232	124221.02	9032.05	261	145417.08	12404.58	130	93879.23	7516.89	726	415109.39	32998.33
212883090	JIGOTT - Aura Secret Hyaluronec Acid Toner [300ml]					348.28	122.13														453.20	198.85		16542.54	6253.83		28168.05	9262.24		24374.26	1509.06		19227.38	1334.20		38329.86	9463.71		37896.20	-7286.75		38744.86	10163.72	33	67211.34	16445.45	134	41117.53	4879.14	69	29321.46	9364.66	40	17204.20	8001.61	48	22249.25	10997.62	39	16815.96	5259.65	363	398004.37	85969.12
214312999	MISSHA - M Perfect Cover BB Cream SPF42 PA+++ (Tone 27) [20ml]					9575.38	9457.32		43219.69	39472.33		78536.04	72178.81		115905.61	106560.86		101980.94	93765.46		44779.97	41516.87		2814.65	2595.21								543.53	498.82																													397355.81	366045.68
248920315	SOME BY MI - AHA-BHA-PHA 30 Days Miracle Acne Clear Foam [100ml]					7000.62	6927.41		63897.77	58901.73		72341.08	66989.60		70227.66	65106.09		76065.53	70462.17		82206.57	76412.93		25611.45	23822.52																																						397350.68	368622.45
238359400	LEBELAGE - High Protection Extreme Sun Cream SPF50+ PA++ [30ml] N					-107.75	-107.75		2324.80	1253.77		-23238.50	-24848.67		18966.07	9927.08		50253.02	25718.47		46204.18	21487.20		10240.29	4762.93		5803.88	2580.13		2480.30	1210.13		3130.63	1631.67		2728.37	1473.38		514.51	363.67		-105.86	-701.08		310.76	158.19	8	745.18	158.34	167	18703.03	7576.67	679	112634.81	35772.39	792	143081.11	43187.76	8	2140.12	290.80	1654	396808.95	131895.08
551626041	CELIMAX DUAL BARRIER TRIAL KIT [20ml+10ml]																																						50246.70	20727.69		316122.40	93356.31		24436.45	6672.42	2	1435.10	332.60													2	392240.65	121089.02
180987509	Petitfee Pink Vita Brightening Eye Mask					20673.44	7888.45		87109.92	28365.92		89629.05	33260.00		6617.78	2311.10					3840.40	1377.83		11454.05	4023.86		10100.11	3247.94		8095.76	2471.92		3391.41	939.45		8712.01	2509.93		12129.05	-862.32		19234.79	413.60	8	16805.98	3817.08	19	19256.28	5045.85	23	22549.00	6916.44	17	15093.96	5059.81	27	24597.41	8289.49	12	11196.76	3709.08	106	390487.16	118785.43
214305705	DEOPROCE SHAMPOO - ARGAN SILKY MOISTURE [1000ml]					5998.29	1883.80																																10476.57	4782.51		38001.22	15617.49	13	78986.74	30689.68	146	78302.51	24922.15	180	113698.45	36987.84	69	56717.99	20387.21				4			412	382181.77	135270.68
199367159	Dr.Jart_Dermaclear_Micro_Foam					8855.41	3237.27		118577.61	36106.03		5656.48	1770.29		19533.46	6359.52		2196.46	652.54		1112.15	346.77					3723.48	1350.85		31853.51	9495.52		16876.51	4996.62		17869.88	5828.12		7754.75	1432.08		21582.17	4924.13	8	24156.70	-943.41	44	26567.44	-2723.23	56	41633.66	3776.96	17	20311.38	2429.87	4	3953.95	841.14		1077.15	306.69	129	373292.15	80187.76
190314011	СГ-Белая					301579.82	159220.09		33592.87	12158.16		1149.76	403.35		1334.13	599.76		690.18	325.42					662.27	304.77		1627.79	528.06					-234.51	-234.51		893.20	498.99					27830.81	6821.19	1	615.18	-1531.71	1	769.02	54.54													2	370510.52	179148.11
190160008	Elizavecca Milky Piggy EGF elastic retinol [100ml]					6459.69	1756.37		55272.15	9867.53		40986.77	8771.97		76819.52	12785.14		39787.01	6337.94		31801.34	5688.92		36454.19	5213.65		19258.61	1757.92		16184.19	-668.60		13439.26	-1079.70		8997.69	-461.12		3891.89	-3335.82		9689.22	-804.63	3	-2659.73	-7141.74	15	1679.01	-10333.59	12	564.28	-6190.10	3	4635.84	852.42	3	2389.54	162.03	3	852.03	-640.63	39	366502.50	22537.96
437238521	ROUND LAB MUGWORT CALMING TONER_300ml																							13234.35	6531.38		1492.65	556.14		23835.54	2154.17		83558.17	25226.97		16568.82	2728.42		42434.40	-3664.50		56704.86	-25683.19	3	111025.19	-1735.94	2	7495.03	194.25	1	1101.75	178.78		-7.74	-7.74							6	357443.02	6478.74
214305220	DEOPROCE - SYNAKE INTENSIVE WRINKLE CARE CREAM [100g]					15893.60	15729.27		240797.69	221909.84		86003.98	79427.01		3601.15	3323.54		-1.44	-1.44																																												346294.98	320388.22
170198876	Enough Collagen Foundation Cover Up Ultra X10 21 тон								554.30	134.29					3977.33	1047.95		-1.22	-1.22					-244.50	-244.50		4359.11	-797.73		-963.51	-62910.75		29947.14	-3475.73		8356.96	710.79		21293.56	-1459.02		29922.07	-1840.04	6	17451.78	1388.49	68	24571.60	3066.49	146	70332.20	13860.26	82	43105.16	9578.22	97	49418.68	11926.10	90	38446.84	9080.33	489	340527.50	-19936.07
199864239	Camera_4G_v1					23367.74	6742.31		-4220.25	-17919.56		36442.44	7129.18		38831.10	5211.62		46715.58	6349.85		24308.12	2017.15		22525.13	4469.73		29072.60	4202.24		15787.81	2164.17		43182.55	4911.13		9252.87	320.80		22957.44	735.93		14203.74	-1389.80		11022.26	-84.79	3	3554.00	-858.24	1	2036.08	-192.36										4	339039.21	23809.36
180709801	Koelf Royal Jelly					14038.22	13882.71		50952.47	46781.85		32991.40	30377.49		44697.59	41186.26		35825.80	32980.79		25088.47	23101.18		18209.03	16779.05		13315.85	12197.87		22209.54	20171.48		12511.93	11473.72		10206.29	9304.16		10826.06	9743.74		34954.27	31580.74		12869.07	11734.34		-1.07	-1.07					-0.17	-0.17								338694.75	311294.14
437248870	ROUND LAB MUGWORT CALMING SOOTHING GEL_150ml																							13968.96	6724.18		6658.60	2337.83		7650.56	2632.34		65455.34	21521.35		615.45	-1549.20		15652.91	-2550.46		13786.01	-13531.31	72	80459.67	-28577.73	130	126712.37	-4380.09	2	5222.42	1051.78	1	730.28	36.57		-0.16	-0.16				205	336912.41	-16284.90
188825489	Бахрома - 20м - желтого цвета					226796.69	16433.21		47372.24	-4783.74		14420.46	-543.79		44861.27	-3377.00		-69.08	-69.08		1547.32	-216.47																																									334928.90	7443.13
555135716	dm7dm11-50																																						78593.52	29802.41		242214.54	68655.92	2	11874.71	-9594.93	4	907.25	-2017.10	2	433.99	-163.23										8	334024.01	86683.07
179611284	Koelf Pearl & Shea Butter Hydrogel Eye Patch																				2673.92	2487.68		46188.20	42693.62		37092.24	34042.89		41036.98	37209.39		48232.31	44077.54		45814.42	41821.60		39788.37	35995.92		60019.80	53538.98		8330.77	7578.17		-1.83	-1.83		-0.18	-0.18		-0.57	-0.57								329174.43	299443.21
207479264	EKEL Ampoule Cream Collagen [50ml]								488.45	169.58														8562.27	3641.77		5394.43	2063.88		3190.07	-1464.19		8643.88	2137.32		3045.78	731.73		7536.98	1214.12		29983.74	1597.65	42	33708.47	-17390.12	289	55965.92	-32429.37	139	64680.39	12454.94	94	42737.87	14692.91	116	48400.83	17336.35	1	13950.27	5030.38	681	326289.35	9786.95
437850261	ROUND LAB SOYBEAN CLEANSING OIL_200ml																							8595.43	3835.22		2715.50	851.29		27634.49	4100.33		100333.11	22229.40		29178.79	1902.46		31469.00	-8630.07		-13334.92	-51633.94	6	47203.30	2555.08	28	26040.98	3944.23	24	21071.55	4480.24	18	18303.29	4393.86	19	18167.54	4282.78	6	6576.01	1081.11	101	323954.07	-6608.01
190314349	СГ-Красная					26598.17	13537.16		4195.14	1587.25		257.47	-173.24		2944.94	1249.76		722.81	-123.88		1415.54	578.57														9130.41	1247.54		55231.75	-6285.99		198938.56	4617.23		19718.87	-1304.79	3	1506.02	287.90	3	537.33	-297.92	2	263.01	-149.54	1	-0.88	-0.88		521.32	113.26	9	321980.46	14882.43
151132052	ENOUGH COLLAGEN 3IN1 21					6529.56	2773.05		-859.57	-17668.46		29189.72	10980.59		33674.91	11379.61		22152.71	7635.98		14731.14	5756.82		19959.67	8445.71		39346.51	13357.28		13068.57	-31010.86		26131.15	529.27		15194.38	3564.61		14637.97	4188.79		16492.40	3630.31	4	7963.53	2027.42	21	8948.85	2039.39	28	11308.92	2756.70	31	10595.25	2668.12	43	20750.57	7304.44	30	10869.56	3349.82	157	320685.80	43708.59
551540924	CELIMAX PORE+DARK SPOT BRIGHTENING PAD [100ml / 40pads]																																						53031.03	27307.34		5665.08	2429.90	33	37240.04	13580.93	202	98261.58	2500.06	291	173833.23	-1997.02	63	-8153.03	-50684.76	7	-2149.89	-5382.16	20	-48042.57	-56395.15	616	309685.47	-68640.86
179611304	Petitfee Cacao Energizing Hydrogel Eye Patch					12223.44	4482.41		38356.23	11499.87		3224.66	1062.78											25120.78	7414.00		18172.92	4725.30		19373.29	3722.52		23274.76	5748.77		20347.49	5239.92		32776.47	4934.79		35996.16	9276.19	2	24431.46	6561.55		3499.75	822.19	8	4463.91	1189.47	13	10237.64	3088.21	30	20282.88	6582.85	17	12716.10	3968.03	70	304497.94	80318.85
238360924	FARMSTAY - Aloevera Perfect Sun Cream [70g] N					598.88	591.67		2570.29	2345.09		-9461.59	-9783.16		42155.11	38492.83		86738.76	79276.93		76836.29	70440.63		62519.00	57153.39		11478.32	10196.15		5014.69	4461.34		2687.74	2453.57		4863.39	4419.65		4568.41	4167.66		569.64	521.49																				291138.93	264737.24
238413828	ENOUGH collagen moisture BB Cream SPF47 PA+++ N					1056.71	295.83		6269.43	1742.12		2586.26	878.30		16121.29	4567.61		13150.65	3293.79		30925.38	8202.70		25887.08	7072.72		5035.48	1079.53		15389.45	3450.28		16588.27	2618.90		16572.23	-525.05		9780.81	401.33		14170.16	-800.78	3	14505.71	-471.73	37	7152.93	-2181.69	62	16385.13	3021.44	109	27171.72	914.32	105	29773.07	658.72	56	20708.90	2265.68	372	289230.66	36484.02
214313051	MISSHA - Super Aqua Ultra Hyalron Peeling Gel [100ml]					23055.36	22810.19		192284.74	176982.76		58650.56	54065.96		8680.42	8035.56																																															282671.08	261894.47
214304883	DEOPROCE - SNAIL RECOVERY CREAM [100g]								834.46	114.95		845.79	127.85																										1248.23	498.59		56100.96	21283.48	9	70568.53	25288.27	32	41466.53	14375.04	23	29298.98	11211.82	35	39699.88	16260.28	18	25439.83	10382.84	14	13729.97	5497.56	131	279233.16	105040.68
210579932	LEBELAGE - Dr. Snail Derma Eye Cream [40ml]					19015.32	7354.30		12220.85	3532.75								302.39	112.63		1193.43	596.87		22897.46	10334.89		12600.03	5148.95		17702.27	5399.96		13972.46	4809.67		10146.06	3768.85		19877.46	5847.07		35962.57	10942.77	13	19449.90	7192.00	94	25406.74	7844.23	77	23739.34	7247.64	60	16965.39	5691.72	55	13367.29	4661.70	2	4406.37	1531.82	301	269225.33	92017.82
248928046	SOME BY MI - AHA-BHA-PHA 30 Days Miracle Cleansing Bar [106g]					2318.54	465.44		-24156.95	-30207.63		108001.59	20061.09		60272.84	5699.12		13775.90	1145.80		22087.20	1553.89		16928.41	1013.05		13931.20	-74.65		11436.66	93.27		13105.45	-206.81		7197.57	-137.73		6875.00	-392.11		-3212.56	-5987.77		3570.26	829.81	3	2854.39	778.38		-181.30	-181.30	1	-191.58	-191.58	4	656.81	-37.84	6	4279.94	837.00	14	259549.37	-4940.57
207796350	ELIZAVECCA - CER-100  [100ml]					31352.95	12267.40		49486.98	16013.81		524.16	179.39								558.60	214.65		38466.19	13268.52		56805.63	16538.58		23059.50	-1563.02		13233.65	2951.35		5685.15	1554.24		6878.70	2068.12		6770.07	2220.67	5	4653.23	1167.75	20	-10869.49	-17775.25	47	10147.02	-2734.71	17	4721.65	-1937.43	23	2561.19	-3024.32	34	14988.20	2813.89	146	259023.38	44223.64
207476777	FARMSTAY - Collagen Pure Cleansing Foam [180ml]																							13069.96	4187.37		37324.61	10313.76		30049.29	4284.86		12974.13	1948.04		11172.59	2679.63		13169.81	2671.30		8579.51	1575.97	23	14134.84	-3578.29	149	33604.46	-3638.13	83	32491.11	10499.94	53	21508.31	7284.32	43	15971.46	5360.58	33	12326.17	4100.06	384	256376.25	47689.41
59758722	NAUSHNIK/DETY/BLUE/					82090.23	8873.26		110121.68	1709.22		53047.63	4367.61		4403.67	111.99		468.19	40.95																																												250131.40	15103.03
868700077	MANYO BIFIDA INFUSION SHOT AMPOULE 1DX [50ml]																																																	1	6339.01	4872.54	53	83966.90	38243.22	54	104086.56	47517.56	36	53244.45	22774.71	144	247636.92	113408.03
238360127	LEBELAGE - High Protection Daily No Sebum Sun Cream SPF50+ PA++ [30ml] N					554.35	547.04		4985.99	4552.64		-4889.62	-5445.81		42132.52	38339.85		127102.02	115714.73		38850.22	34802.29		23622.68	20974.61		7222.67	6363.23		4294.52	3814.59		2580.71	2327.63		619.89	573.39																										247075.95	222564.19
868575374	MANYO BIFIDA COMPLEX AMPOULE GEL CLEANSER [400ml]																																																		-225.62	-225.62	15	7795.72	-677.94	115	140768.62	56062.49	75	96039.80	35038.49	205	244378.52	90197.42
236822518	JMSOLUTION - Marine Luminous Black Pearl Balancing Mask [1/2/3]*[10ea]					10822.82	10706.53		13408.69	12291.23		25718.20	23720.07		46849.08	43251.77		24741.85	22758.52		30526.39	28310.69		15950.92	14694.17		7647.19	6923.53		10052.73	9140.36		11366.10	10428.53		7205.58	6607.67		12381.11	11303.05		16132.86	13432.30		1162.56	1050.86		-21.37	-21.37		-0.45	-0.45											233944.26	214597.46
247275092	THE ORDINARY - Glycolic Acid 7% Toning Solution[KOR] [240ml]					11494.18	4135.79		21083.13	-255.08		63751.30	22905.16		66960.85	21329.69		8925.96	2815.34								5466.45	1274.17		-5320.21	-11589.49		-912.39	-4059.96		10369.68	2066.40		4974.38	-182.53		1559.49	-2620.30		10895.89	2599.93	4	2113.89	-963.55	10	12673.05	2392.58	7	7611.28	1386.04	9	5329.97	146.97	3	2110.97	72.18	33	229087.87	41453.34
212719009	DR. JART - Cicapair Tiger Grass Color Correcting Treatment [50ml]								2350.68	666.25																	18143.21	6180.96		41477.40	7068.57		27137.92	-2017.84		52325.70	12616.83		18596.60	-3444.30		-4662.78	-13215.12		-8542.16	-22103.61	14	12604.13	-6009.36	13	12030.88	-6666.49	10	14499.26	-2572.97	18	27255.12	1627.63	18	15486.21	-1615.41	73	228702.17	-29484.86
307071318	Elizavecca Milky Piggy Carbonated Bubble Clay Mask N								18974.76	5184.56		11164.95	3654.89		32218.53	9275.00		26879.35	7426.76		21587.93	6708.75		13409.50	4203.54		6439.00	1808.10		10998.35	2837.86		11313.25	2689.32		4922.71	899.62		5222.27	607.29		8345.13	1429.06	11	6855.57	588.88	52	27184.61	1129.07	11	12902.22	-125.10										74	218418.13	48317.60
59758723	NAUSHNIK/DETY/MENTOL/					28402.53	6709.93		44127.36	7372.80		49465.55	6667.73		65491.67	6857.82		20118.35	1161.55		8767.37	-623.81		-13731.92	-15012.14		1360.48	-368.81		4312.53	-1620.74		3442.41	-1245.03		5810.91	-11011.31		567.00	-1067.56													1	172.65	-233.65							1	218306.89	-2413.22
183030830	HairSet/350/8*2					14391.97	3301.04		-70257.75	-78338.68		8444.62	1974.09		81550.95	18537.31		25934.43	5001.41		19886.12	3858.32		16106.22	2461.68		11157.53	1479.43		8831.53	755.91		11115.20	1484.73		20998.68	947.68		8180.69	176.55		-2913.96	-15776.07	4	5562.55	-831.57	27	11782.64	-4118.51	48	24467.71	-17008.42	11	4122.70	-3079.27	13	11780.67	-1050.33	6	4136.74	109.95	109	215279.24	-80114.75
103442522	dm7dm13					300801.63	151906.16		39410.92	7953.26		-336865.24	-338580.44		862.80	181.06		1580.99	221.99		1939.67	243.31		-183.15	-183.15		-183.15	-183.15					2293.34	1532.57		3684.57	2198.47		11545.70	5047.99		142258.31	-20300.15		45186.36	-41328.95	4	659.24	-1271.90	4	1408.46	-556.99	1	-310.95	-312.00	1	224.31	-101.23				10	214313.81	-233533.15
333259566	JMSOLUTION - Mask Pack Black [8pcs]														26002.44	6206.94		30983.76	7177.45		23238.50	3569.88		18194.31	2513.40		15194.62	2382.07		4621.28	564.42		755.59	21.00		3796.32	529.07		8754.29	390.46		27282.44	1328.90	12	27440.56	-211.77	25	14177.29	-582.05	1				352.76	-11.88							38	200794.16	23877.89
248930250	SOME BY MI - Super Matcha Pore Clean Clay Mask [100g]					21980.50	21751.23		73895.23	68125.96		70934.16	65697.52		31521.37	29151.80		2306.25	2143.11																																			-0.04	-0.04								200637.47	186869.58
165002270	ENOUGH collagen moisture BB Cream SPF47 PA+++ BB					4677.34	2353.30		4208.19	1753.88		3869.09	1851.79		17128.29	7771.55		14076.73	6298.11		31837.17	14735.75		27985.20	12590.62		3863.35	1613.57		8679.66	3690.52		14196.97	5805.68		9907.76	2094.04		7742.59	2502.39		5468.43	1094.24	3	5129.49	1179.53	44	9852.34	1834.40	73	15771.74	3236.62	61	19155.89	5293.60	44	-6246.08	-16572.24				225	197304.15	59127.35
212717820	JMSOLUTION - Prime Gold Eye Patch [60ea]					6404.98	6336.94		34563.54	31830.16		33158.40	30625.91		20067.65	18557.97		-2.50	-2.50					8182.48	7564.24		6813.23	6231.10		7720.24	6896.39		4863.77	4459.13		3159.91	2872.43		6001.97	5454.23		23880.77	21747.46	8	11921.48	10578.00	35	19917.94	17585.08	5	10020.51	9128.62		-1.04	-1.04							48	196673.33	179864.12
276234188	JMSOLUTION - Mask Pack Black [7pcs]					11659.69	5138.67		32616.71	12344.87		62352.56	26259.46		86932.11	35331.55		1022.19	411.73																																												194583.26	79486.28
195373789	Массажер 6в1					45014.42	10929.04		145679.44	21085.24		2374.29	-504.80																																																		193068.15	31509.48
210575566	LEBELAGE - Dr. Peptide Derma Eye Cream [40ml]					26665.89	9819.14		58923.31	17103.55		1174.91	395.69											13681.39	6966.98		14904.16	6921.19		7260.90	1903.58		1200.25	179.01		5430.26	2356.91		10111.75	4065.98		6331.33	20.14	5	10325.52	4115.94	28	9375.52	2826.35	31	5465.52	606.59	23	6968.68	2320.59	23	7243.42	3013.35	17	4312.89	1723.87	127	189375.70	64338.86
212720615	ISNTREE - Onion Newpair Gel Cream [50ml]					7758.34	2017.25		12769.58	2753.30		22562.78	3903.57		31472.12	4219.85		25750.86	3480.41		18881.14	2858.71		13328.52	2189.67		5452.14	469.65		6923.12	672.48		5358.06	434.11		5176.03	1386.92		4538.44	-401.81		2027.55	-519.43	1	8595.37	1019.47	5	4005.38	-1029.82	2	6001.08	929.83	2	1195.68	-79.87	3	4121.00	318.05	2	882.04	-377.80	15	186799.23	24244.54
212753217	JIGOTT - Collagen Healing Cream [100ml]																																						441.99	168.51		39958.07	14170.20	16	35908.93	11100.96	117	47977.11	16718.89	50	21999.30	7819.74	28	15849.83	6006.64	33	12418.54	4804.20	33	11777.30	4252.98	277	186331.07	65042.12
165299450	Masil 8 Seconds Salon Hair Mask Stick Pouch 8 ml 5шт					15249.18	15034.75		27750.03	24860.91		52037.63	46747.24		62969.21	56159.86		26121.28	23267.67		631.76	550.79		465.52	403.76		465.49	403.66		233.36	203.98											208.31	186.10																				186131.77	167818.72
154159632	Baking Powder BB Deep Cleansing Foam 3в1 30					2027.44	625.81		9539.42	2906.44		23216.66	8142.55		9754.15	2518.86		-4.11	-4.11					8761.16	3102.43		16049.36	7384.40		17575.32	5508.42		11056.58	2450.93		3940.95	326.43		3649.58	-2390.50		867.17	-7062.01	18	-1397.61	-4139.15	151	9092.85	-10776.66	124	35975.21	9951.40	64	12443.02	3076.52	51	11007.02	2891.13	34	10873.99	3951.79	442	184428.16	28464.68
199427475	Dr.Jart_Teatreatment_Toner								1179.81	452.05																	18039.30	5727.88		49131.52	12109.63		36110.38	9304.79		29662.38	7328.39		47824.61	14444.44		12171.02	4814.62		-0.38	-0.38		-0.25	-0.25		-1.08	-1.08				5	-2585.49	-2585.49	39	-12809.19	-31669.40	44	178722.63	19925.20
102256288	hot /3х3/					137046.14	9803.28		25105.91	-7278.89		6253.85	-1062.78		1343.77	-973.40		-3.35	-3.35								272.09	-61.47		168.03	-168.52					235.82	-93.70					7519.30	-6034.34							1	195.03	-132.70										1	178136.59	-6005.87
555208894	dm7dm3-50																																						8482.59	4064.13		136875.78	10078.24	3	31473.62	-17840.27	5	207.61	-2123.49	2	201.60	-397.57										10	177241.20	-6218.96
551600265	CELIMAX JI WOO GAE CICA BHA BLEMISH TONER PAD_10EA [30ml]																																			1431.78	819.01		17735.59	11307.20		23257.69	12306.17	14	98863.03	49436.29	35	18437.52	8647.17	1	887.94	615.56					-1.36	-1.36	44	9212.96	5173.00	94	169825.15	88303.04
555134309	dm7dm11-45																																			-2689.02	-2689.02		19913.22	9073.54		142497.67	34278.70	2	8553.04	-2481.90	1	601.83	89.59		-360.42	-360.42										3	168516.32	37910.49
180711041	Petitfee EGF																							16757.15	7501.17		12319.70	5063.88		13997.07	4624.38		4645.65	1550.90		5432.00	1817.88		14839.70	5043.94		15851.33	4985.58	4	18332.05	4542.69	31	19155.47	4304.04	26	22738.53	6303.51	13	10220.80	2962.36	13	7048.59	1868.00	7	5621.69	1506.83	94	166959.73	52075.16
551447345	CELIMAX PORE+DARK SPOT BRIGHTENING CREAM [35ml]																																						73360.98	39076.81		1521.84	723.12	5	38090.03	15827.71	11	22538.50	8978.43	5	3525.68	1097.37	6	9950.58	4322.76	9	6619.89	2604.39	5	2335.46	761.65	41	157942.96	73392.24
207818642	LEBELAGE - Dr. Hyaluronic Derma Eye Cream [40ml]					8882.23	3394.05		45814.61	14751.28		2025.67	664.77											8085.82	3715.94		10331.98	4308.86		6029.92	573.31		3883.33	692.29		4097.70	1300.61		9864.57	2928.11		12966.32	1691.45	2	6068.00	2089.15	36	9698.13	2856.54	39	10364.31	3175.29	29	8984.94	2946.72	19	5051.59	1556.03	10	2812.33	1064.51	135	154961.45	47708.91
190158097	MASIL 5 PROBIOTICS SCALP SCALING SHAMPOO 300ml					659.87	653.49		4747.50	4364.40		14479.57	13366.15		45320.81	41871.91		34658.10	32031.86		42261.63	39258.79		8723.50	8121.86								-107.29	-107.29		620.31	570.59																										151364.00	140131.76
551472457	CELIMAX THE REAL NONI ENERGY AMPOULE_30ML (NEW) [30ml]																																						59263.21	20951.08		14930.86	3816.41	2	10050.11	1772.92	9	10372.81	2074.68	5	6594.43	1100.28	1	-808.17	-808.17	30	16592.87	3024.43	17	29749.25	6170.27	64	146745.37	38101.90
165008990	FARMSTAY OIL-FREE UV DEFENCE SUN CREAM 70ml					959.59	948.06		4471.32	4071.84		6478.57	5941.22		26004.42	23867.97		27973.18	25603.83		61696.07	57035.14		15466.10	14248.38		692.01	616.87																																			143741.26	132333.31
207798999	ISNTREE - Hyaluronic Acid Aqua Gel Cream [100ml]					7642.25	7564.54		18984.98	17468.42		14376.62	13313.59		20074.73	18571.03		21110.18	19543.90		29735.09	27695.69		25164.50	23441.73																																						137088.35	127598.90
190158096	MASIL 5 PROBIOTICS COLOR RADIANCE SHAMPOO 300ml					1975.15	1954.27		13643.53	12564.50		50869.72	47034.73		70099.61	64776.10		-30.68	-30.68																																												136557.33	126298.92
309883504	ELIZAVECCA - Glutinous Ultra Escargot Renewal Grow								22907.44	21177.87		57839.17	53608.07		49515.32	45875.10		2771.75	2570.03																	1063.74	968.71		1104.86	1009.91																							135202.28	125209.69
551392965	CELIMAX DUAL BARRIER SKIN WEARABLE CREAM [50ml]																																						58370.40	23433.65		10572.68	3287.01	2	27257.98	7474.84	5	4937.24	765.51	4	6653.40	1447.05	3	3612.86	482.62	13	14399.71	4047.74	7	8227.54	2040.11	34	134031.81	42978.53
664171647	PETITFEE - MASK 6																																									1941.69	-46.85	22	60416.25	17162.47	54	62184.17	15911.10		7658.33	1869.91		-0.34	-0.34							76	132200.10	34896.29
165008074	LEBELAGE - High Protection Daily No Sebum Sun Cream SPF50+ PA++ [30ml]					592.16	585.43		1320.02	1193.66		3248.45	2955.66		18892.05	17137.88		33593.47	30655.60		17417.02	15628.68		11777.20	10538.62		4936.48	4381.79		1446.28	1250.39		2893.93	2601.97		4065.66	3707.16		2438.04	2225.93		1546.01	1392.44	5	2121.46	1934.69	31	6326.84	5755.11	65	12465.82	11421.93	16	4559.23	4145.70		242.21	222.62				117	129882.33	117735.26
190158095	MASIL 5 PROBIOTICS APPLE VINEGAR SHAMPOO 300ml					3288.88	3254.27		11511.32	10600.82		13801.34	12759.02		45069.32	41680.98		55035.17	50883.84											-0.08	-0.08																																128705.95	119178.85
608837066	DEOPROCE SHAMPOO - BLACK GARLIC[600ml] без колпачка																																									2317.45	763.13	8	17449.02	5561.97	40	17207.07	3504.24	55	27377.18	8050.34	44	23925.34	7531.28	42	19946.11	5861.37	30	18814.94	5783.73	219	127037.11	37056.06
214312259	SKIN1004 - Zombie Beauty Bloody Peel [30ml]																										-272.61	-272.61		41557.56	37631.20		44441.47	40704.05		38711.23	35537.10		1345.06	1218.26		-0.25	-0.25		-0.14	-0.14					-0.24	-0.24		-0.29	-0.29								125781.79	114817.08
212713617	JMSOLUTION - Black Cocoon Home Esthetic Eye Patch [60ea]					754.03	746.40		28753.58	26494.07		1602.82	1477.44								851.55	788.22		15865.10	14646.48		7432.19	6786.06		11528.02	10334.82		6172.98	5605.58		4360.52	3983.32		6416.52	5793.27		8618.99	7799.70	4	16061.32	14491.45	25	14921.80	13438.73		1246.10	1142.92		-0.20	-0.20							29	124585.32	113528.26
608841921	DEOPROCE SHAMPOO - BLACK GARLIC[200ml]																																									2109.97	855.52	7	14095.55	5637.95	65	18860.42	6064.84	87	30180.86	10103.19	62	23014.58	8489.35	52	16854.05	6248.95	45	17580.82	6741.49	318	122696.25	44141.29
165008162	LEBELAGE - High Protection Extreme Sun Cream SPF50+ PA++ [30ml]								2630.91	2390.46		2893.83	2658.99		9999.41	9156.79		25332.85	23093.90		22272.21	19617.41		26286.70	22837.20		8235.81	7077.75		3228.05	2792.39		3102.71	2765.07		1121.48	979.05		2003.62	1830.46		2213.89	1894.34	1	2009.93	1785.71	45	5809.13	5235.45	22	4093.11	3699.99										68	121233.64	107814.96
152498365	KSFTsitSocket					81048.59	-66736.98		38116.58	-35472.02		1809.71	-1475.53																																																		120974.88	-103684.53
206058262	ELIZAVECCA_galactomyces_Ample					1460.98	430.44		-6642.11	-12316.72		11934.64	3392.86		23849.56	6270.70		14656.10	3895.35		21950.57	6140.99		18856.28	4686.33		2700.07	423.83		6641.53	1504.92		3779.92	936.75		2164.56	454.80		2812.39	1080.57		1694.38	518.43		2656.97	861.82	3	1315.44	145.99	4	4039.92	1137.08	5	3134.63	814.21	4	995.21	-157.19	4	2432.51	690.08	20	120433.55	20911.24
236825103	JMSOLUTION-Marine Luminous Pearl Deep Moisture Mask Pearl [1/2/3]*[10ea]					5856.16	2372.95																							7024.46	2989.02		6813.02	3239.30		10613.28	4591.45		9383.48	3457.43		17875.66	-3622.15	4	26797.10	8975.43	16	17029.15	5614.02	12	6638.31	1681.60	6	4955.16	1463.46	7	3349.55	869.81	1	1989.68	509.87	46	118325.01	32142.19
611747838	Collagen_Enough_Moisture_Foundation_23																																									5608.79	-2484.93	22	15068.89	5580.55	53	37723.94	13393.15	41	19460.36	6127.59	17	7417.05	2474.60	23	10692.95	3703.76	61	20710.35	7500.50	217	116682.33	36295.22
190158093	MASIL 5SALON NO YELLOW SHAMPOO 300ml					1324.70	1310.52		4477.65	4120.27		7758.47	7177.98		17453.90	16110.80		16917.63	15625.67		26384.05	24451.86		20716.13	19135.05		15594.00	14266.22																																			110626.53	102198.37
290714563	X7 plus					88598.01	-1899.75		19143.35	-1581.91																																																					107741.36	-3481.66
608624295	DEOPROCE SHAMPOO - BLACK GARLIC[600ml] с колпачком																																									2021.49	711.44	3	13586.30	4038.89	33	14991.44	3365.14	42	24166.11	5771.67	33	18063.84	5123.76	33	15885.41	4684.81	25	18697.31	5759.85	169	107411.90	29455.56
551482493	CELIMAX PORE+DARK SPOT BRIGHTENING SERUM_30ml [30ml]																																						44840.16	20491.25		12220.62	4524.33	1	7928.46	2796.62	10	13718.31	4358.40	9	10343.39	3558.72	3	5192.72	1778.85	7	8058.43	2975.49	5	3717.00	1173.11	35	106019.09	41656.77
240577928	Робот мойщик окон sBot w120																	106047.84	24238.38		-1072.53	-1072.53		-873.30	-873.30																																						104102.01	22292.55
102254770	hot /2х2/					92811.89	26416.82		5352.70	154.89		1060.35	161.79		290.28	59.99		260.34	31.62		828.25	140.46					279.08	45.80		173.22	-56.99		632.64	-48.87		1364.93	30.09																										103053.68	26935.60
338340351	MASIL_big_box2														88129.23	81657.16		13578.43	12571.18																																												101707.66	94228.34
555213580	dm7dm5-50																																						12175.98	3953.33		76752.40	11374.63		8657.31	-6914.43	1	663.07	85.06		-546.58	-546.58		-30.36	-30.36	1	449.19	-130.76				2	98121.01	7790.89
195286369	Rosa 10m multi					73765.67	44433.06		10899.32	4633.62		5528.46	2979.51		243.03	130.89		199.89	87.60											238.07	10.36		412.28	199.37		5127.59	2218.93		471.60	56.25										1	169.50	65.74										1	97055.41	54815.33
214311963	SKIN1004 - Madagascar Centella Ampoule [30ml]					1769.99	466.35		8468.97	1771.30																	-34.92	-34.92		5291.74	2108.25		4065.17	404.59		-6122.60	-9784.15		2389.53	-1232.47		-1091.11	-6842.61	2	7904.72	3775.65	13	9195.04	4024.40	25	21859.91	10552.80	20	20354.87	11039.62	10	9413.00	4761.32	12	11057.06	5444.18	82	94521.37	26454.31
102255837	hot /3х2/					47614.67	3915.20		1764.91	-1588.67		1289.38	-108.41		438.73	-131.38		398.07	-167.48		1078.07	-48.84		950.06	-180.74		964.85	-450.21		238.79	-45.40					9675.12	-2676.16		24486.63	-13814.57		1246.47	-1237.41																				90145.75	-16534.07
551518955	CELIMAX THE REAL NONI MOISTURE BALANCING TONER (NEW) [150ml]																																						48404.39	21315.38		5441.93	1873.37	4	9401.53	3196.73	7	11753.92	3772.09	4	3824.89	1166.97	2	3988.00	1324.92	4	2467.28	702.43	1	2578.58	826.82	22	87860.52	34178.71
214304848	DEOPROCE - SNAIL GALAC REVITAL TONER [130ml]					2874.93	2845.39		4771.98	4390.45		10420.00	9627.10		21124.90	19545.09		21325.32	19725.77		15568.60	14424.38		894.63	827.86																																						76980.36	71386.04
868761530	LANEIGE LIP SLEEPING MASK-BERRY [3g]																																																		-137.50	-137.50	85	5331.16	-8972.85	200	28182.73	-2967.27	183	38703.50	4624.63	468	72079.89	-7452.99
664171648	PETITFEE - MASK 5																																									636.81	-664.61	26	28522.96	3541.88	38	42330.73	4597.08		-0.34	-0.34		-0.34	-0.34							64	71489.82	7473.67
212889025	Enoughcollagenwhiteningcovertip01																																									484.42	-109.87		796.53	206.80	18	-4782.99	-7129.73	29	-5215.42	-13754.69	47	6318.81	-7679.60	143	35714.07	4726.34	120	37248.76	7080.08	357	70564.18	-16660.67
207817787	ISNTREE - Chestnut AHA 8% Clear Essence [100ml]					3339.98	904.20		3504.37	822.91		10093.31	2722.11		13756.92	3112.29		9494.01	2152.57		2633.74	652.29		5408.30	1406.45					2610.30	575.77		2631.47	619.14		2642.69	627.07		2416.76	1030.28		1719.59	-1673.61		2968.48	925.20	3	-899.05	-1569.60	6	2287.23	-2427.48	5	2791.97	92.42	4	2048.37	-629.65		942.63	277.54	18	70391.07	9619.90
165009038	FARMSTAY ALOEVERA PERFECT SUN CREAM 70g					649.23	642.04		2177.57	1983.55		7243.94	6644.16		15381.00	14090.23		17776.29	16258.01		7453.52	6839.02		2990.16	2708.29		6715.62	5989.12		3610.41	3183.87		1118.73	999.10		735.75	652.24		574.74	521.43		2447.08	2213.36		1229.12	1096.04		265.35	238.28														70368.51	64058.74
212714292	JMSOLUTION - Honey Luminous Royal Propolis Eye Patch Black [60ea]					731.19	723.91		24074.68	22154.75		20082.59	18538.52		24050.06	22231.44		-9.73	-9.73																																												68928.79	63638.89
214305394	DEOPROCE - YUJA VITA CARE 10 OIL TONER [120ml]								2541.22	2334.57		7242.24	6663.62		15599.21	14434.65		17480.89	16188.63		14661.05	13593.54		9066.45	8387.57		870.27	796.77																	-0.15	-0.15																	67461.18	62399.20
248930918	SOME BY MI - Clear Spot Patch [18pcs]					26304.44	26002.15		40215.24	36701.30																																																					66519.68	62703.45
276234187	JMSOLUTION - Mask Pack Black [5pcs]					3554.73	1830.71		7955.80	3541.27		16088.54	7442.34		31336.00	7954.92		5476.82	541.57		253.47	38.45																				-0.04	-0.04																				64665.32	21349.22
102258636	white /3х2/					4589.15	213.65		1090.94	-601.81								276.09	-1.08					255.28	-31.31											4988.21	-1036.03		48856.63	-26088.01		3900.93	-1926.14		451.30	-99.07																	64408.53	-29569.80
195289584	MASIL 9 PROTEIN PERFUME SILK BALM 20ML (SWEET LOVE) [20ml]					4197.17	4146.70		-17572.73	-18371.76		6744.77	6157.18		24266.93	22133.32		30793.85	28093.74		11412.75	10224.26		3284.63	2928.67					-0.10	-0.10		290.32	259.52																													63417.59	55571.53
212889027	Enoughcollagenwhiteningcovertip								-220.75	-220.75																																-1463.55	-1754.04		2113.00	949.01	19	-2496.75	-6609.77	60	2692.04	-10313.18	65	8909.87	-6322.51	102	22872.64	-333.27	74	30227.32	11286.13	320	62633.82	-13318.38
551490295	CELIMAX PORE+DARK SPOT BRIGHTENING SERUM_10ml [10ml]																																			1102.19	10.29		34169.26	2513.60		12562.78	-819.82				1	-14.08	-14.08	36	7174.92	-1836.64	9	2426.27	-828.42	4	570.64	-863.94	19	4052.14	-610.29	69	62044.12	-2449.30
663654300	videokamera4gneww																																									11831.43	6513.17		-471.87	-471.87	17	34619.39	2382.97	3	10953.26	-569.76	1	-1919.49	-1932.57	3	5689.25	-1192.59	2	1132.40	-1150.73	26	61834.37	3578.62
207818000	ISNTREE - Chestnut AHA 8% Clear Essence Sample [20ml]					275.64	112.78		5025.87	1499.87		11271.60	4268.35		10289.99	2800.53		6493.84	1736.45		2372.40	687.22		1782.55	648.86		1574.48	428.75		1478.94	332.24		1054.63	300.25		893.10	157.42		4702.83	1435.20		-1537.52	-4110.88	1	2724.26	714.19	29	3029.60	-1099.37	24	3161.08	-614.59	11	2305.87	288.25	16	3308.30	765.59	17	822.13	-614.40	98	61029.59	9736.71
214312149	SKIN1004 - Madagascar Centella Hyalu-Cica Sleeping Pack [30ml]								323.59	-71.83		522.29	127.09														-123.06	-123.06		3930.73	90.59		11242.72	4083.55		13977.24	5884.88		5816.54	1650.89		4517.83	1972.00	4	5898.02	2535.54	5	2608.59	542.07	4	2362.26	245.64	5	3119.00	1017.86	6	1650.52	-22.53	7	4260.61	1371.01	31	60106.88	19303.70
212713941	JMSOLUTION - Golden Cocoon Home Esthetic Eye Patch [60ea]					754.29	746.83		3677.77	3362.85														30468.07	28049.38		25068.78	22916.85		-0.09	-0.09																																59968.82	55075.82
102258255	white /2х2/					52543.01	13648.18		1319.60	-720.53		192.26	-34.81					125.95	-104.19		261.43	29.87		-267.20	-267.20								1591.72	31.23		3010.21	-98.80		16.47	-203.35																							58793.45	12280.40
555212357	dm7dm5-45																																			-4481.70	-4481.70		3986.17	1703.40		48784.58	597.84	1	3947.39	-8377.10	2	601.14	-438.22													3	52837.58	-10995.78
214305187	DEOPROCE - SPECIAL WATER PLUS CREAM [100g]					2505.91	2479.81		46683.78	42998.17		1787.20	1650.98																																																		50976.89	47128.96
212885317	JMSOLUTION - Honey Luminous Royal Propolis Toner XL Black [600ml]					2933.35	2902.25		16580.10	15263.91		21054.81	19419.97		10405.39	9613.54		-4.55	-4.55																																												50969.10	47195.12
214301375	DEOPROCE - BIOME ROYAL PROPOLIS TONER [150ml]					1054.05	1041.48		5281.40	4837.74		9488.29	8755.95		20049.71	18473.11		11720.69	10817.89																																												47594.14	43926.17
190314522	СГ-Синяя					2698.85	1426.37		1432.80	679.51					746.16	371.24		1486.62	738.57								654.91	283.95											2099.77	947.78		36333.48	9822.41		243.50	-1178.14																	45696.09	13091.69
214301052	DEOPROCE - AC CICA CALMING BOOSTING TONER [150ml]								2687.86	1002.99		3478.99	1443.84		5032.72	2003.85		5580.25	2219.34		4463.54	1775.68		2104.04	766.99		1469.80	447.14		1470.45	457.81		2458.99	786.16		2827.72	805.80		1257.42	264.14		1372.26	374.65		3063.80	733.62	6	1458.63	143.41	6	2426.06	457.52	7	2921.34	615.98							19	44073.87	14298.92
308308562	JMSOLUTION - Mask Pack Disney9								36980.28	12658.30		5254.23	1833.87																																																		42234.51	14492.17
240577927	Робот мойщик окон sBot w100					4705.17	1743.47											36982.37	10818.42																																												41687.54	12561.89
214304289	DEOPROCE - REAL FRESH VEGAN CALMING TONER [200ml]								1012.39	393.96					5227.88	2138.78		5732.58	2339.50		2084.32	850.44		1038.87	416.40		1443.44	509.36		1431.24	496.71		1445.04	513.35		947.15	325.05		2699.06	836.43		2917.84	752.80		4846.48	1137.15	17	4515.47	873.58	8	4190.23	867.72		-122.00	-122.00							25	39409.99	12329.23
214301295	DEOPROCE - ALOE VERA OASIS SOOTHING TONER [150ml]					495.51	490.10		1398.05	1273.04		5280.44	4851.13		9298.05	8563.40		6573.90	6034.39		12069.46	11127.40		3711.15	3407.97								-0.15	-0.15																													38826.41	35747.28
165007944	LEBELAGE - High Protection Long Lasting Sun Cream SPF50+ PA+++ [30ml]					865.54	855.61		1790.13	1632.07		6865.23	6283.77		20378.73	18681.83		6602.69	6059.36					285.68	253.16																																						36788.00	33765.80
195286367	Rosa 10m white					31636.54	17371.83		-133.65	-571.88		54.23	-55.44		92.54	-16.83		-0.56	-0.56					657.24	214.52		2123.85	562.30		152.71	41.69								163.61	63.06							1	169.57	62.97													1	34916.08	17671.66
555151552	dm7dm11-65																																						11254.77	5828.98		21200.62	8374.26		982.72	28.60																	33438.11	14231.84
315688951	Триммер Золото								679.47	293.69		9601.14	3972.50		3542.58	1324.65		2767.21	915.69		5375.78	2022.94		8174.52	3326.33		1250.49	505.70		492.76	116.77					956.70	216.54		-496.47	-1612.99		510.83	-595.29										2	-1896.09	-2632.88	2	412.41	46.29	2	405.64	42.14	6	31776.97	7942.08
239180805	Коврик массажный белый v1					6625.39	282.43		21758.60	-3077.73		391.55	-242.29		178.34	-453.70																																															28953.88	-3491.29
214304435	DEOPROCE - RELAXING CARE MINK OIL CREAM [100g]					15284.76	15127.93		13597.54	12531.30																																																					28882.30	27659.23
214301558	DEOPROCE - CLEANBELLO COLLAGEN ESSENTIAL MOISTURE SKIN [260ml]								935.80	851.24		4504.26	4156.22		11204.94	10296.60		4623.54	4261.52		2935.27	2704.17		4219.42	3867.27																																						28423.23	26137.02
212887146	THE SAEM - Healing Tea Garden White Tea Cleansing Foam [150ml]					5189.22	5130.08		23156.95	21112.39																																																					28346.17	26242.47
214304723	DEOPROCE - RICE ENRICHED BRIGHTENING TONER [200ml]					1495.10	1479.01		-6678.85	-6800.87		2560.65	2346.29		10789.94	9971.77		1861.38	1701.01		8190.22	7551.64		3544.42	3254.40		5480.57	4967.22		969.84	887.15																																28213.27	25357.62
183028820	Liquid200								13603.03	12547.18		13482.86	12478.00																	714.73	650.58																																27800.62	25675.76
102264744	multi  /3х3/					17809.00	-4840.14		4446.77	-3523.07		449.35	-544.52		561.78	-98.68		-0.65	-0.65											255.65	-78.21		283.44	-43.91								73.11	-917.02		-325.58	-325.58	2	-165.05	-165.05	1	382.84	-271.34										3	23770.66	-10808.17
154522116	Микрофон-колонка розовый					13535.27	2175.44		4670.30	578.01		2912.37	454.83								945.32	131.65		781.31	-31.84					876.47	58.09																																23721.04	3366.18
59729264	NAUSHNIK/DETY/ROSE/					2500.62	528.99		17052.36	2341.11		146.13	-715.68		-403.71	-403.71		810.01	-42.08		749.77	-100.45		2033.72	-1386.36																																						22888.90	221.82
333718186	JMSOLUTION - Lacto Saccharomyces Golden Rice Mask Plus [30ml*10ea]														7359.42	1814.54		4887.18	1361.80		3969.13	973.50		4131.54	1128.43		1939.66	403.41																																			22286.93	5681.68
214303837	DEOPROCE - HYDRO RECOVERY SNAIL TONER [150ml]					338.54	334.66		4117.46	3762.77		3535.83	3229.51		11293.11	10295.13		2921.67	2653.63																																												22206.61	20275.70
333259565	JMSOLUTION - Mask Pack Black [6pcs]											1953.35	1577.90		16911.36	4781.33		1122.43	334.85																																												19987.14	6694.08
195286362	Rosa 3m hot					18355.70	12840.91		444.76	-321.58		823.71	543.12		113.07	72.14					-110.80	-110.80		158.40	77.89																																						19784.84	13101.68
340752919	PETITFEE Black Pearl & Gold Hydrogel Eye Patch/Gold Hydrogel Eye Patch														454.62	-0.36		1902.45	-140.21		1058.24	-77.52		1895.71	-154.42		376.59	-80.41		743.87	-168.11		203.86	-25.61		1349.91	-205.92		1849.28	-593.78		3973.63	-1341.22	1	663.82	-441.59	8	563.56	-747.54	2	626.05	-471.44	9	1329.22	-437.31	5	-8.93	-451.72	5	473.91	-188.03	30	17455.79	-5525.19
193043668	Гирлянда здездочка					12709.15	3323.70		254.20	-716.40					832.91	188.48		1164.25	181.09		974.02	9.47		379.96	61.49																																						16314.49	3047.83
183042837	SuperMild5					7267.56	7163.69		7041.14	6260.06																																																					14308.70	13423.75
195286361	Rosa 3m white					13664.10	3910.70		92.05	-2030.98		-89.10	-347.78		-124.10	-124.10		36.31	-0.28		106.67	33.11														60.67	25.87		169.14	71.18		56.48	24.08																				13972.22	1561.80
611717011	ENOUGH Collagen whitening cover tip concealer #01																																									-57.80	-57.80		-19.40	-19.40	9	1213.13	543.18	12	6772.97	3404.48	11	4809.40	2543.35	1	448.64	219.87		480.51	253.38	33	13647.45	6887.06
195286370	Rosa 20m white					9302.75	4136.71		189.40	-73.00		-146.00	-146.00		-118.25	-118.25								719.16	194.05		376.76	110.47		758.57	225.01		1185.60	396.22		537.35	7.08		339.86	82.17		340.00	79.17																				13485.20	4893.63
214302044	DEOPROCE - HYDRO CALMING DOWN CUCUMBER TONER [380ml]					1857.84	1837.07		6201.14	5680.47		5373.31	4933.68																																																		13432.29	12451.22
214305639	DEOPROCE RINSE - GREENTEA HENNA PURE REFRESH [1000ml]					3431.43	3389.46		5067.66	4606.50		4193.70	3852.24																																																		12692.79	11848.20
169788801	ENOUGH Collagen Hydro Moisture Two Way Cake SPF 25 тон 21					4558.08	4509.99		8120.23	7463.33																																																					12678.31	11973.32
179423817	Массажер подшука черная v1					7416.47	1942.03		3370.25	690.85		1818.77	478.40																																																		12605.49	3111.28
182558648	KN95/white/без клапана					1045.58	1028.46		8274.52	7284.31		2745.12	2463.25																																215.96	192.86																	12281.18	10968.88
333259568	JMSOLUTION - Mask Pack Black [3pcs]														699.31	111.37		601.25	161.02		883.32	146.17		1306.21	415.89		675.52	224.08		1126.77	376.68		2104.32	939.80		2967.75	1110.94		1059.57	216.05		224.74	83.53																				11648.76	3785.53
214305484	DEOPROCE PREMIUM - GREEN TEA TOTAL SOLUTION TONER [260ml]					3384.56	3347.61		7393.94	6793.42		501.03	452.13																																																		11279.53	10593.16
239180804	Коврик массажный синий v1					10375.56	575.77		714.91	-564.73																																																					11090.47	11.04
102247602	hot /1.5х1.5/					8234.87	187.40		1731.86	-419.67		756.09	-24.37																																																		10722.82	-256.64
611744611	ENOUGH Collagen whitening cover tip concealer #02																																									508.18	216.57		-18.76	-18.76		-105.06	-105.06	8	1855.45	693.03	6	2617.03	1150.81	11	2588.39	1125.91	6	2955.16	1224.99	31	10400.39	4287.49
59758724	NAUSHNIK/DETY/SIREN/								5734.33	131.25		2360.40	212.69		1901.91	189.22																																															9996.64	533.16
212889028	Enoughcollagenwhiteningcovertip03					8949.57	3743.39		4474.96	1130.06		333.20	56.91																													-425.83	-716.92	1	515.81	224.05	14	-5785.63	-8392.96	49	-3628.59	-15531.53	51	1828.13	-10197.57	55	3218.16	-10250.14	56	-214.26	-11618.75	226	9265.52	-51553.46
195286372	Rosa 20m multi					5886.46	2598.07		389.79	-143.62		2273.74	927.48																																																		8549.99	3381.93
102264249	multi  /3х2/					4345.65	1759.88		2176.88	721.14		-578.79	-288.76		964.23	381.64																							356.11	72.59		1178.73	-259.51																				8442.81	2386.98
154522117	Микрофон-колонка голубой					5471.82	924.71		904.77	89.60		926.69	110.70																				838.51	31.12																													8141.79	1156.13
316109394	JMSOLUTION - Mask Pack Disney6											8038.94	4601.52																																																		8038.94	4601.52
195286368	Rosa 10m hot					4517.36	2523.77		1495.02	705.27					455.24	229.69		474.38	247.19					329.24	102.27		-110.80	-110.80					436.56	209.37																													7597.00	3906.76
307084161	MASIL 5 PROBIOTICS COLOR RADIANCE SHAMPOO 300ml N								2070.62	1910.25		5217.85	4840.58																																																		7288.47	6750.83
307084160	MASIL 5SALON NO YELLOW SHAMPOO 300ml N								663.65	600.85		2196.82	2032.86		2154.54	1992.67		2154.42	1997.56																																												7169.43	6623.94
307084159	MASIL 5 PROBIOTICS APPLE VINEGAR SHAMPOO 300ml N								6276.34	5766.21		743.98	686.78																																																		7020.32	6452.99
214311702	JMSOLUTION DERMA CARE CERAMIDE CLEANSING WATER Clear [500ml]					3933.63	3889.08		2953.39	2695.97																																																					6887.02	6585.05
307084162	MASIL 5 PROBIOTICS SCALP SCALING SHAMPOO 300ml N								2779.42	2554.15		1373.98	1262.73		2701.02	2489.73		-0.75	-0.75																																												6853.67	6305.86
307087534	DEOPROCE SHAMPOO - ARGAN SILKY MOISTURE [1000ml] N								6791.22	1825.60																																																					6791.22	1825.60
59742048	10KN95Guard20KN95					164.49	161.74		6416.54	5600.99																																																					6581.03	5762.73
214305157	DEOPROCE - SNAIL RECOVERY TONER [210ml]					4150.58	4103.69		950.05	872.44		952.99	876.35																																																		6053.62	5852.48
212887000	THE SAEM - Snail Soothing Gel [300ml]					3014.66	2980.35		2541.79	2321.23		439.55	403.81																																																		5996.00	5705.39
59758721	NAUSHNIK/DETY/BLACK/								2236.67	97.93		345.10	-83.48		944.75	89.97								-602.22	-1882.37		2520.93	-480.66		434.05	6.21																																5879.28	-2252.40
102258119	white /1.5х1.5/					4376.28	1570.10		318.88	-78.08		329.16	131.62		299.97	103.40		-0.61	-0.61																	515.77	126.36																										5839.45	1852.79
191033857	MASIL 9PROTEIN PERFUME SILK BALM 20ml					8040.07	7944.24		-55540.97	-56660.45		12022.36	10837.09		28965.88	26434.07		11786.52	10789.51																																												5273.86	-655.54
207817635	ISNTREE TW-Real Eye Cream [30ml]														3004.46	2782.10		870.38	796.81		1012.28	936.54																																									4887.12	4515.45
195286357	Rosa 2m white					4474.12	2420.26		-288.75	-816.80		385.51	178.40														-88.00	-88.00					88.57	51.92																													4571.45	1745.78
195286371	Rosa 20m hot					1822.62	649.59		538.31	15.07					385.33	124.20		392.03	131.79											723.40	189.47					354.29	94.20																										4215.98	1204.32
207818167	ISNTREE - TW-Real Bifida Ampoule [50ml]											1317.07	1229.07		2628.20	2446.82		-107.00	-107.00		-156.40	-156.40																																									3681.87	3412.49
1123574113	Round Lab 1025 Dokdo Toner																																																										3	3247.47	3007.17	3	3247.47	3007.17
195286365	Rosa 5m hot					2691.15	1415.98		123.91	-386.39		-145.18	-189.65		473.41	147.66		-16.36	-62.63																																												3126.93	924.97
212886252	FARMSTAY - Collagen Water Full Moist All Day Toner [500ml]								1198.45	1103.87		1888.61	1741.92		-110.19	-110.19																																															2976.87	2735.60
212766743	MISSHA - Magic Cushion Moist Up Tone 21 [15g]					2227.99	2202.91		746.41	689.66																																																					2974.40	2892.57
195286366	Rosa 5m multi					2591.65	740.33		178.41	51.42		-2.48	-87.32											-66.12	-108.43																																						2701.46	596.00
611745490	ENOUGH Collagen whitening cover tip concealer #03																																									551.23	260.14		-18.76	-18.76	1	428.65	137.11	3	425.60	135.19	2	1496.93	621.79	1	-177.72	-177.72		-71.45	-71.45	7	2634.48	886.30
165308892	Masil 8 Seconds Salon Hair Mask Stick Pouch 200 ml								2612.37	2401.30																																																					2612.37	2401.30
212889024	THE SAEM - Cover Perfection Tip Concealer 1.75 Clear Beige [6.5g]					1695.83	1677.62		418.01	384.29		422.17	387.40																																																		2536.01	2449.31
183070489	SuperMild20					1617.98	1601.02					820.32	760.06																																																		2438.30	2361.08
103442939	dm7dm15					-159.41	-159.41		834.89	451.55								814.85	435.09																																												1490.33	727.23
147612298	KSFTupSocket																				-115.94	-115.94		782.64	-299.41								697.01	-375.47																													1363.71	-790.82
18432729	10KN95Guard10KN95					448.86	438.68		804.91	660.91																																																					1253.77	1099.59
154158805	Enough Collagen Moisture Essential Cream											801.94	731.88																										368.50	337.92																							1170.44	1069.80
195286363	Rosa 3m multi					1237.86	546.83		-434.02	-548.73		212.28	60.23		60.76	22.00																																															1076.88	80.33
207468972	HEIMISH - Matcha Biome Redness Relief Hydrating Toner [150ml]								1054.70	974.55																																																					1054.70	974.55
195286364	Rosa 5m white					812.16	315.17		-53.91	-139.49		75.49	32.36														63.36	19.18																																			897.10	227.22
48906211	dm7dm2																																846.81	779.52																													846.81	779.52
214301797	DEOPROCE - HORSE ENRICH ALL CARE CREAM [100g]					786.81	777.62																																																								786.81	777.62
179611266	Koelf Ruby & Bulgarian Rose Eye Patch					768.82	760.92																																																								768.82	760.92
168956857	10 PREMIUM REPAIR HAIR MASK											767.45	700.38																																																		767.45	700.38
180852722	Коврик массажный фиолетовый v1					754.23	177.18																																																								754.23	177.18
154519502	Планшет для рисования 12 случайный цвет								248.55	30.81														234.22	14.09					229.90	7.75																																712.67	52.65
212765655	MISSHA - Magic Cushion Moist Up Tone 23 [15g]																							654.12	604.62																																						654.12	604.62
168956730	3SALON HAIR CMC SHAMPOO 300ml																				610.18	566.82																																									610.18	566.82
212890347	THE SAEM - Saemmul Perfect Pore Pink Pact [11g]								596.24	548.61																																																					596.24	548.61
147602778	GAMEstick64																																																	2	-157.54	-157.54		743.00	665.84							2	585.46	508.30
214305782	DEOPROCE SHAMPOO - GREENTEA HENNA PURE REFRESH [1000ml]								546.11	500.20																																																					546.11	500.20
183127934	SuperMild10					493.55	488.21																																																								493.55	488.21
212889026	THE SAEM - Cover Perfection Tip Concealer 1.5 Clear Beige [6.5g]											422.56	389.51																																																		422.56	389.51
180588500	Enough Collagen 3in1 Cream 50мл											420.53	387.26																																																		420.53	387.26
246066231	Фен_для_волос_маленький											376.95	139.51																																																		376.95	139.51
102263707	multi /2х2/																										352.62	118.30																																			352.62	118.30
212759049	JIGOTT - Lifting Real Avocado Toner [300ml]					348.34	344.36																																																								348.34	344.36
182994855	Liquid10																										296.87	264.94																																			296.87	264.94
210573611	LEBELAGE - Dr. Collagen Derma Eye Cream [40ml]								279.51	249.30																																																					279.51	249.30
182111724	Триммер Золотой								263.90	238.48																																																					263.90	238.48
174667991	Коврик электрический для ног V1								229.68	49.79																																																					229.68	49.79
154989140	Салфетки для робота мойщика окон 12шт																																						186.51	-68.16																							186.51	-68.16
18405795	TPE100TPE100								136.60	116.41																																																					136.60	116.41
195286358	Rosa 2m hot																																												107.93	74.42																	107.93	74.42
18406590	LK88Blue																																																															
48906602	dm7dm4																																																															
48909005	dm7dm7																																																															
59742049	10KN95Guard30KN95																																																															
59742050	10KN95Guard6KN95																																																															
78053293	ushi2																																																															
78454688	i12																																																															
78454766	pro4white																																																															
78454814	pro4black																																																															
78836747	i100																																																															
78838371	PRO																																																															
92315114	reger																																																															
93302814	hocopro2																																																															
102261589	multi /1.5х1.5/																																																															
103426811	dm7dm8																																																															
103442628	dm7dm14																																																															
105911397	i100_v2																																																															
122223609	P36_122223609_122223609																																																															
133070643	СГ3Б																																																															
133070645	СГ2Б																																																															
133070646	СГ2С																																																															
133070647	СГ3К																																																															
133070648	СГ1С																																																															
133070650	СГ1Б																																																															
133070652	СГ2Г																																																															
133070653	СГ2Р																																																															
133727440	green50m																																																															
133728704	white50m																																																															
133728705	yellow50m																																																															
133728706	multi50m																																																															
133728707	blue50m																																																															
143830812	10KN95blue																																																															
143830813	10KN95black																																																															
143830814	10KN95pink																																																															
143830815	10KN95-gray																																																															
144518874	Маски100шт																																																															
154160462	Elizavecca Milky Piggy Carbonated Bubble Clay Mask																																																															
154517887	Планшет для рисования 8,5 случайный цвет																																																															
154519501	Планшет для рисования 10 случайный цвет																																																															
154521750	Камера детская розовая																																																															
154521751	Камера детская Голубая																																																															
164999335	Moisture Sun Cream Enough Collagen spf 50 +																																																															
167174174	ETUDE Baking Powder BB Deep Cleansing Foam 160 мл																																																															
169788725	ENOUGH Collagen Hydro Moisture Two Way Cake SPF 25 тон 13																																																															
174667745	Массажер для шеи спиный и тела																																																															
179631938	KN/gray																																																															
179631943	KN/cyan																																																															
180596737	TIAM Vita B3 Source																																																															
182250504	Колонка большая V1																																																															
182250538	Колонка маленькая V1																																																															
182996309	Liquid5																																																															
183001649	Liquid20																																																															
183127988	SuperMild200																																																															
188817228	Masil3•8•9 - Repair Perfect Set - Christmas Edition / ver.3																																																															
188818000	Masil3•8•9 - Repair Perfect Set - Christmas Edition / ver.2																																																															
188818289	Masil3•8•9 - Repair Perfect Set - Christmas Edition / ver.1																																																															
188822937	Masil3•8 - Salon Stick Set - Christmas Edition / ver.1																																																															
188823064	Masil3•8 - Salon Stick Set - Christmas Edition / ver.2																																																															
188826237	Бахрома - 25м - желтого цвета																																																															
190158094	MASIL 5 PROBIOTICS PERFECT VOLUME SHAMPOO 300ml																																																															
195286360	Rosa 2m multi																																																															
199359659	Dr.Jart_Cleansing_Foam																																																															
199427997	Dr.Jart_Ceramidin_Mist																																																															
199544883	MASIL_big_box																																																															
207467709	HEIMISH - Black Tea Mask Pack [110ml]																																																															
207467958	HEIMISH - All Clean Green Foam [150ml]																																																															
207468348	HEIMISH - Matcha Biome Amino Acne Cleansing Foam [150ml]																																																															
207468578	HEIMISH - Marine Care Eye Cream [30ml]																																																															
207480081	EKEL Ampoule Emulsion Collagen [150ml]																																																															
207484812	THE SAEM - Natural Daily Avocado Body Cream [300ml]																																																															
207795963	ELIZAVECCA - Witch Piggy Hell-Pore Marine Collagen Ample																																																															
207816823	ISNTREE - Hyaluronic Acid Moist Cream [100ml]																																																															
207818475	LEBELAGE - Charcoal Cleansing Foam [100ml]																																																															
207819020	LEBELAGE - Aloe Cleansing Foam [100ml]																																																															
207819733	LEBELAGE - Collagen Cleansing Foam [100ml]																																																															
208209364	Рация BF888s (2 шт)																																																															
211410756	KidsMask																																																															
212715047	JMSOLUTION - Marine Luminous Pearl Deep Moisture Eye Patch Pearl [60ea]																																																															
212718108	JMSOLUTION - Silky Cocoon Home Esthetic Eye Patch [60ea]																																																															
212757955	JIGOTT - GOAT MILK BRIGHTENING CREAM [70ml]																																																															
212759865	JIGOTT - Pomegranate Shining Cream [70ml]																																																															
212885313	JMSOLUTION - Glow Luminous Flower Toner Extra Large Rose [600ml]																																																															
212885314	JMSOLUTION - Water Luminous S.O.S. Ringer Toner XL Black [600ml]																																																															
212885315	JMSOLUTION - Marine Luminous Pearl Moisture Toner XL Pearl [600ml]																																																															
212885316	JMSOLUTION - Prime Gold Toner XL [600ml]																																																															
212885318	JMSOLUTION - Dear First Moisturizing Toner XL [500ml]																																																															
212885319	JMSOLUTION - Glow Fill Spa Toner [500ml]																																																															
212886638	THE SAEM - Calamanse Pore Cool Down Cream [100ml]																																																															
212889023	THE SAEM - Cover Perfection Tip Concealer 01 Clear Beige [6.5g]																																																															
212890346	THE SAEM - Saemmul Perfect Pore Pact [12g]																																																															
214301471	DEOPROCE - BLACK PEARL TERAPHY CREAM [100g]																																																															
214301677	DEOPROCE - ESSENTIAL SKIN SOFTENER [380ml]																																																															
214301724	DEOPROCE - FERMENTATION ACTIVE HEALING CREAM [100g]																																																															
214301939	DEOPROCE - HYDRO ANTIAGING POMERGRANATE TONER [380ml]																																																															
214303875	DEOPROCE - HYDRO RECOVERY SNAIL TONER [380ml]																																																															
214303928	DEOPROCE - HYDRO SOOTHING ALOE VERA TONER [380ml]																																																															
214303984	DEOPROCE - MARINE COLLAGEN MINERAL CREAM [100g]																																																															
214305280	DEOPROCE - Vitamin Factory Cream [100g]																																																															
214305331	DEOPROCE - WHITENING & ANTI-WRINKLE SNAIL SKIN [260ml]																																																															
214305367	DEOPROCE - WHITENING AND ANTI-WRINKLE POMEGRANATE SKIN [260ml]																																																															
214305520	DEOPROCE RINSE - ARGAN SILKY MOISTURE [1000ml]																																																															
214305584	DEOPROCE RINSE - BLACK GARLIC INTENSME ENERGY [1000ml]																																																															
214311386	ELIZAVECCA - Milky piggy hyaluronic acid pure 100 [200ml]																																																															
214312065	SKIN1004 - Madagascar Centella Ampoule Foam [125ml]																																																															
214312110	SKIN1004 - Madagascar Centella Hyalu-Cica Sleeping Pack [100ml]																																																															
214312426	THE ORDINARY - Glycolic Acid 7% Toning Solution [KOR] [240ml]																																																															
214312703	THE SAEM - Care Plus Baobab Collagen Cream [100ml]																																																															
214312772	THE SAEM - Cell Renew Bio Micro Peel Soft Gel [160ml]																																																															
214314474	ENOUGH - Collagen 3in1 Sun Cream SPF50 PA+++ [50ml]																																																															
214319164	SKIN1004 - Madagascar Centella Travel Kit																																																															
215182642	DEOPROCE - REPAIR MACHINE GINSENG CREAM [100g]																																																															
217946637	10KN95Guard10KN95/new																																																															
218036630	10KN95Guard10KN95/10/new																																																															
236818852	JMSOLUTION - The Natural Peony Mask Calming [30ml*10ea]																																																															
238361186	FARMSTAY - Oil-Free Uv Defence Sun Cream [70ml] N																																																															
239180803	Коврик массажный зеленый v1																																																															
240577929	Робот мойщик окон sBot w200																																																															
253840171	Коврик массажный синий v1-глубокий черный																																																															
255574854	PETITFEE - MASK 7																																																															
260389580	Удлинитель для гирлянд 3 метра																																																															
271928927	PETITFEE - Gold Hydrogel Eye Patch																																																															
272756946	Удлинитель для гирлянд 3 метра 1+1																																																															
1177994945	PETITFEE MASK 7																																																											-22.12	-22.12		-22.12	-22.12
1175175447	PETITFEE MASK 6																																																											-24.33	-24.33		-24.33	-24.33
1177994944	PETITFEE MASK 5																																																											-27.65	-27.65		-27.65	-27.65
1119249556	VT PDRN Essence 100																																																											-32.29	-32.29		-32.29	-32.29
1123494802	VT Reedle Shot																																																											-44.26	-44.26		-44.26	-44.26
169074006	9 Protein Perfume Silk Balm					-931.85	-924.63		695.66	627.47																																																					-236.19	-297.16
133070651	СГ1К																							-174.71	-174.71		-260.09	-260.09		-142.38	-142.38																																-577.18	-577.18
1152680017	CELIMAX THE VITA-A RETINAL SHOT TIGHTENING BOOSTER																																																											-2395.97	-2395.97		-2395.97	-2395.97
555169767	dm7dm11-85																																						7342.99	2455.94		-23301.75	-25103.88		-5281.76	-5281.76																	-21240.52	-27929.70
КРОНА									-810.96	-803.85					9331.37	9240.09		37110.25	36749.17		1572.34	1556.72		-474.15	-474.15											11706.04	11504.70		466450.26	454562.77		3898397.29	3832268.46	28	114334.24	101827.65	190	117198.84	109490.56	68	49928.96	46941.37	19	13854.19	13012.25	20	17740.82	16664.25	40	-24149.32	-24214.30	365	4712190.17	4608325.69
535622293	dm7dm11																																			7253.30	7181.58		239917.02	237426.70		1852822.79	1830658.66	2	28590.89	25161.92	15	2494.35	2230.30	8	1775.72	1545.61										25	2132854.07	2104204.77
535622285	dm7dm5																																			-272.86	-272.86		31837.27	31523.12		410897.63	405579.12		9411.71	8408.91	1	232.03	202.03													1	452105.78	445440.32
535622280	dm7dm3																																			955.42	945.07		25161.14	24900.14		377872.11	372990.31		6977.25	6243.82	1	1057.63	978.89		-8.34	-8.34	1	-302.29	-302.29	2	940.27	867.65				4	412653.19	406615.25
535617707	dm7dm1																																						38131.50	37701.15		341678.66	337126.99		3699.08	3132.17		388.06	362.12	4	949.18	880.89	1	654.13	583.44							5	385500.61	379786.76
535622291	dm7dm10																																			1307.34	1292.76		22662.02	22407.29		307716.90	303466.28		4313.67	3588.13	1	141.01	111.81													1	336140.94	330866.27
535622287	dm7dm6																																			1328.87	1302.47		29845.77	29416.86		174282.87	171793.08	1	2700.63	2313.66	1	164.22	133.99	3	565.97	500.49	1	485.70	450.45							6	209374.03	205911.00
535622295	dm7dm12																																			904.86	895.59		11854.26	11713.43		180387.14	177755.15		6895.24	6120.84	2	808.72	754.83		-7.89	-7.89	1	524.42	493.05							3	201366.75	197725.00
535622289	dm7dm9																																			229.11	160.09		57887.26	50423.38		131602.18	113715.52		2304.07	863.62	6	2326.44	1625.58		401.57	316.09		-11.98	-11.98		-12.38	-12.38		-9.18	-9.18	6	194717.09	167070.74
535622301	dm7dm13																																						9154.02	9050.70		114662.71	112801.55		6766.69	5905.66	4	1922.49	1768.66	2	1191.70	1105.87										6	133697.61	130632.44
710417367	FARMSTAY - Black Garlic Nourishing Shampoo [530ml] 11																																									2015.72	1995.08	3	9353.66	8794.75	26	18016.97	16935.54	14	14517.68	13692.25										43	43904.03	41417.62
208710540	FARMSTAY Argan Oil Complete Volume Up Shampoo & Conditioner [530ml] 1																																									-157.16	-162.09		3503.04	3283.33	4	4308.99	4057.56	8	4768.34	4474.57	15	12504.47	11799.84	18	16812.93	15808.98				45	41740.61	39262.19
168958606	FARMSTAY COLLAGEN&HYALURONIC ACID ALL-IN ONE AMPOULE 1																																									2410.87	2377.32		5428.24	5124.18	13	6523.53	6155.88	29	25775.03	24441.83										42	40137.67	38099.21
208708607	FARMSTAY - Collagen Water Full Shampoo & Conditioner [530ml] 1																																											5	6371.91	5992.66	38	29439.98	27607.30													43	35811.89	33599.96
149971127	Etude Baking Powder Crunch Pore Scrub 1																																											3	4415.40	4162.09	43	28674.26	27144.71													46	33089.66	31306.80
182676276	W200														7483.77	7411.77		22071.42	21858.37																																												29555.19	29270.14
149197341	ENOUGH - Collagen Moisture Essential Cream [50ml] N 1																																									2204.87	2171.49	4	867.47	790.16	35	15533.37	14562.74					-0.26	-0.26							39	18605.45	17524.13
168958803	JIGOTT - Snail Lifting Cream [70ml] 1																																											10	12735.29	11941.75		5166.79	4858.62													10	17902.08	16800.37
182676275	W120																	11886.52	11769.21																																												11886.52	11769.21
208324187	Рация_UV-82 (1 шт)														1572.34	1556.50		3152.31	3121.59		1572.34	1556.72		-474.15	-474.15																																						5822.84	5760.66
219784547	LEBELAGE - High Protection Extreme Sun Cream SPF50+ PA++ [30ml] 1														275.26	271.82																																															275.26	271.82
149195233	collagen_moisture_21 1																																																															
149196131	collagen_3in1_13 1																																																															
149196132	collagen_3in1_21 1																																																															
149199529	baking powder_deep cleansing foam_30 1																																																															
149623889	Agava Patch 1																																																															
164298571	ELIZAVECCA Witch Piggy Hell Pore Blemish Spot Patch 1																																																															
164305156	ELIZAVECCA Natural 90% Olive Cleansing Oil 1																																																															
164426959	ELIZAVECCA Cer-100 Collagen Ceramide Coating Protein Treatment 1																																																															
164436306	ELIZAVECCA Aqua Hyaluronic Acid Water Drop Cream 1																																																															
164439776	ELIZAVECCA  Milky Piggy Carbonated Bubble Clay Pack 1																																																															
164442867	ELIZAVECCA Milky Piggy Hell-Pore Clean Up Enzyme Powder Wash 1																																																															
164447055	ELIZAVECCA Hell-Pore Control Hyaluronic Acid 97 1																																																															
164447059	ELIZAVECCA Hell-Pore Galactomyces Pure Ample 1																																																															
164447060	ELIZAVECCA Witch Piggy Hell-Pore Marine Collagen Ample 1																																																															
164536239	ENOUGH Collagen moisture foundation #21 1																																																															
164555811	ENOUGH Collagen 3 in 1 whitening moisture foundation #13 1																																																															
164555812	ENOUGH Collagen 3 in 1 whitening moisture foundation #21 1																																																															
164559594	ENOUGH Gold snail moisture foundation #13 1																																																															
164559596	ENOUGH Gold snail moisture foundation #21 1																																																															
164561233	ENOUGH Collagen moisture essential cream [50g]  1																																																															
164564990	ENOUGH Collagen Twoway Cake (including Refill) #13 1																																																															
164564991	ENOUGH Collagen Twoway Cake (including Refill) #21 1																																																															
164568807	ENOUGH Premium 8 Peptide full cover perfect foundation #13 [100ml] 1																																																															
164568818	ENOUGH Premium 8 Peptide full cover perfect foundation #21 [100ml] 1																																																															
164569849	ENOUGH Premium Rich Gold Double Wear Radiance Foundation #13 [100ml] 1																																																															
164569851	ENOUGH Premium Rich Gold Double Wear Radiance Foundation #21 [100ml] 1																																																															
164572192	ENOUGH Premium Ultra X10 cover up Collagen foundation #13 [100ml] 1																																																															
164572194	ENOUGH Premium Ultra X10 cover up Collagen foundation #21 [100ml] 1																																																															
164864804	I'm Sorry for My Skin Age Capture Hydrating Cream 1																																																															
164864805	I'm Sorry for My Skin AGE Capture Skin Relief Cream  1																																																															
164864806	I'm Sorry for My Skin AGE Capture Vitalizer Cream 1																																																															
164864807	I'm Sorry for My Skin AGE Capture Firming Enriched Cream   1																																																															
165089212	Heimish All Clean Balm [120ml] 1																																																															
165089213	Heimish All Clean Balm_ Mandarin [120ml] 1																																																															
165090687	Laneige LIP SLEEPING MASK-BERRY [3g] 1																																																															
165092300	Jigott SNAIL LIFTING CREAM [70ml]  1																																																															
165093573	Manyo BIFIDA BIOME AMPOULE TONER 400ml [400ml] 1																																																															
165094530	Some by mi AHA-BHA-PHA 30 DAYS MIRACLE TONER 150ml 1																																																															
165095103	Some by mi AHA-BHA-PHA 30 DAYS MIRACLE CREAM [60g] 1																																																															
165095682	Some by mi AHA-BHA-PHA 30 DAYS MIRACLE ACNE CLEAR FOAM [100ml] 1																																																															
165098570	Tiam Vita B3 Source  1																																																															
168958473	FARMSTAY ESCARGOT NOBLESSE INTENSIVE CREAM -2 1																																																															
182626676	NAUSHNIK/DETY/BLACK/																																																															
182669030	NAUSHNIK/DETY/MENTOL/																																																															
182669031	NAUSHNIK/DETY/ROSE/																																																															
182669032	NAUSHNIK/DETY/SIREN/																																																															
182669033	NAUSHNIK/DETY/BLUE/																																																															
182676274	W100																																																															
182676277	W300																																																															
182676278	W400																																																															
183256395	Планшет 8,5																																																															
183257191	Планшет 10																																																															
183257192	Планшет 12																																																															
183261264	Массажер пистолет V1																																																															
183262706	Массажер для спины шеи и плеч																																																															
183268722	Салфетки из микрофибры для робота мойщика окон																																																															
183271650	Детский фотоаппарат с камерой розовый																																																															
183271651	Детский фотоаппарат с камерой голубой																																																															
183388573	Коврик массажный фиолетовый v1																																																															
183401334	hot /3х3/																																																															
183401335	multi  /3х3/																																																															
183401336	multi /2х2/																																																															
183401337	multi /1.5х1.5/																																																															
183401338	white /3х2/																																																															
183401339	white /1.5х1.5/																																																															
183401340	white /2х2/																																																															
183401341	white /3х3/																																																															
183401342	hot /1.5х1.5/																																																															
183401343	hot /2х2/																																																															
183401344	hot /3х2/																																																															
183401345	multi  /3х2/																																																															
183603636	Скалер белый v1																																																															
183690892	Koelf Pearl & Shea Butter Hydrogel Eye Patch 1																																																															
183690893	Petitfee EGF 1																																																															
183690894	Petitfee Cacao Energizing Hydrogel Eye Patch 1																																																															
183690908	Koelf Ruby & Bulgarian Rose Eye Patch 1																																																															
183690909	Petitfee 98% Collagen & CoQ10 Hydro Gel Eye Patch 1																																																															
183690915	Petitfee Black Pearl & Gold hydrogel Eye Patch 1																																																															
183690916	Petitfee GOLD & SNAIL HYDROGEL EYE PATCH 1																																																															
200176632	Video_Camera_4G																																																															
200176665	Video_Camera_Wi-Fi																																																															
200206660	Dr.Jart_Cleansing_Foam 1																																																															
201511948	Manyo_Galac_Vita_Serum 1																																																															
202603806	Manyo_Concentrate_Cream 1																																																															
203300700	Dr.Jart_Dermaclear_Micro_Foam 1																																																															
203530626	Dr.Jart_Teatreatment_Soothing_Spot 1																																																															
203552032	Dr.Jart_Teatreatment Moisturizer 1																																																															
203552803	Dr.Jart_Teatreatment_Toner 1																																																															
203553228	Dr.Jart_Ceramidin_Mist 1																																																															
203577167	Manyo_Aqua_Peeling_Gel 1																																																															
204254957	COSRX_Low_pH_Gel_Cleanser 1																																																															
204609095	Manyo_Pure_Cleansing_Oil 1																																																															
205068031	Manyo_Ampoule_Lotion 1																																																															
205068425	Manyo_Complex_Ampoule 1																																																															
208203029	EKEL Ampule Сream Сollagen [70ml] 1																																																															
208325289	Рация BF888s (2 шт)																																																															
208546198	THE SAEM - Natural Daily Avocado Body Cream [300ml] 1																																																															
208557521	Lamp_white_26cm																																																															
208711265	FARMSTAY - Black Garlic Nourishing Shampoo [530ml] 1																																																															
209068916	JMSOLUTION BLACK COCOON HOME ESTHETIC EYE PATCH [60ea(90g)] 1																																																															
209068917	JMSOLUTION GOLDEN COCOON HOME ESTHETIC EYE PATCH [60ea(90g)] 1																																																															
209068918	JMSOLUTION HONEY LUMINOUS ROYAL RPOPOLIS EYE PATCH Black [90g] 1																																																															
209068919	JMSOLUTION MARINE LUMINOUS PEARL DEEP MOISTURE EYE PATCH Pearl [90g] 1																																																															
209068920	JMSOLUTION PRIME GOLD EYE PATCH [60ea(90g)] 1																																																															
209386836	Lamp_RGB_33cm																																																															
210017615	COSRX Advanced Snail 96 Mucin Power Essence [100ml] 1																																																															
210020344	FARMSTAY - Collagen Pure Cleansing Foam [180ml] пенка 1																																																															
210023964	ISNTREE - Hyaluronic Acid Moist Cream [100ml] 1																																																															
210336573	HEIMISH - All Clean Green Foam [150ml] 1																																																															
210572517	LEBELAGE - Dr. Collagen Derma Eye Cream [40ml] 1																																																															
210577586	LEBELAGE - Dr. Peptide Derma Eye Cream [40ml] 1																																																															
210584387	LEBELAGE - Dr. Snail Derma Eye Cream [40ml] 1																																																															
210585869	LEBELAGE - Dr. Hyaluronic Derma Eye Cream [40ml] 1																																																															
211397103	JIGOTT - Birds Nest Firming Cream [70ml] 1																																																															
211641515	EKEL Ampoule Cream Collagen [50ml] 1																																																															
211675581	FARMSTAY - Gold Snail Premium Cream [50ml] 1																																																															
211675776	JIGOTT - Snail Reparing Cream [100ml] 1																																																															
212835939	HEIMISH - Artless Glow Base SPF50+ [40ml] 1																																																															
213494258	MISSHA - M Perfect Cover BB Cream SPF42+ PA+++ (Tone 13) [50ml] 1																																																															
213494546	MISSHA - M Perfect Cover BB Cream SPF42+ PA+++ (Tone 21) [50ml] 1																																																															
213496082	MISSHA - M Perfect Cover BB Cream SPF42+ PA+++ (Tone 23) [50ml]  1																																																															
213564378	JMSOLUTION - Glow Luminous Flower Toner Extra Large Rose [600ml] 1																																																															
213564379	JMSOLUTION - Water Luminous S.O.S. Ringer Toner XL Black [600ml] 1																																																															
213564380	JMSOLUTION - Marine Luminous Pearl Moisture Toner XL Pearl [600ml] 1																																																															
213564381	JMSOLUTION - Prime Gold Toner XL [600ml] 1																																																															
213564382	JMSOLUTION - Honey Luminous Royal Propolis Toner XL Black [600ml] 1																																																															
213564383	JMSOLUTION - Dear First Moisturizing Toner XL [500ml] 1																																																															
213564384	JMSOLUTION - Glow Fill Spa Toner [500ml] 1																																																															
213571379	FARMSTAY - Collagen Water Full Moist Rolling Eye Serum [25ml] 1																																																															
213572195	FARMSTAY - Collagen Water Full Moist All Day Toner [500ml]  1																																																															
213572896	THE SAEM - Calamanse Pore Cool Down Cream [100ml] 1																																																															
213573910	THE SAEM - Snail Soothing Gel [300ml] 1																																																															
213588846	THE SAEM - Healing Tea Garden White Tea Cleansing Foam [150ml] 1																																																															
213593228	THE SAEM - Cover Perfection Tip Concealer 01 Clear Beige [6.5g] 1																																																															
213593229	THE SAEM - Cover Perfection Tip Concealer 1.75 Clear Beige [6.5g] 1																																																															
213593230	THE SAEM - Cover Perfection Tip Concealer 0.5 Clear Beige [6.5g] 1																																																															
213593231	THE SAEM - Cover Perfection Tip Concealer 1.5 Clear Beige [6.5g] 1																																																															
213593232	THE SAEM - Cover Perfection Tip Concealer 1.25 Clear Beige [6.5g] 1																																																															
213593233	THE SAEM - Cover Perfection Tip Concealer 02 Clear Beige [6.5g] 1																																																															
213595533	THE SAEM - Saemmul Perfect Pore Pact [12g] 1																																																															
213595534	THE SAEM - Saemmul Perfect Pore Pink Pact [11g] 1																																																															
213600950	MISSHA - Magic Cushion Moist Up Tone 21 [15g] 1																																																															
213600951	MISSHA - Magic Cushion Moist Up Tone 23 [15g] 1																																																															
213604224	HEIMISH - Matcha Biome Amino Acne Cleansing Foam [150ml] 1																																																															
213605591	HEIMISH - Matcha Biome Redness Relief Hydrating Toner [150ml] 1																																																															
213606386	HEIMISH - Marine Care Eye Cream [30ml] 1																																																															
213607389	HEIMISH - Black Tea Mask Pack [110ml] 1																																																															
213612367	JIGOTT - Lifting Real Avocado Toner [300ml]  1																																																															
213612368	JIGOTT - Aura Secret Hyaluronec Acid Toner [300ml] 1																																																															
213612369	JIGOTT - Ultimate Real Collagen Toner [300ml]  1																																																															
213613814	ISNTREE - Hyaluronic Acid Aqua Gel Cream [100ml] 1																																																															
213615539	ISNTREE - TW-Real Bifida Ampoule [50ml] 1																																																															
213617933	ISNTREE - Chestnut AHA 8% Clear Essence Sample [20ml] 1																																																															
213618951	ISNTREE - TW-Real Eye Cream [30ml] 1																																																															
213622991	LEBELAGE - Collagen Cleansing Foam [100ml] 1																																																															
213622992	LEBELAGE - Charcoal Cleansing Foam [100ml] 1																																																															
213622993	LEBELAGE - Aloe Cleansing Foam [100ml] 1																																																															
214382058	DEOPROCE - AC CICA CALMING BOOSTING TONER [150ml] 1																																																															
214382059	DEOPROCE - ALOE VERA OASIS SOOTHING TONER [150ml] 1																																																															
214382060	DEOPROCE - BIOME ROYAL PROPOLIS TONER [150ml] 1																																																															
214382252	DEOPROCE - BLACK PEARL TERAPHY CREAM [100g] 1																																																															
214382301	DEOPROCE - CLEANBELLO COLLAGEN ESSENTIAL MOISTURE SKIN [260ml] 1																																																															
214382374	DEOPROCE - ESSENTIAL SKIN SOFTENER [380ml] 1																																																															
214382497	DEOPROCE - FERMENTATION ACTIVE HEALING CREAM [100g] 1																																																															
214382553	DEOPROCE - HORSE ENRICH ALL CARE CREAM [100g] 1																																																															
214382668	DEOPROCE - HYDRO ANTIAGING POMERGRANATE TONER [380ml] 1																																																															
214382712	DEOPROCE - HYDRO CALMING DOWN CUCUMBER TONER [380ml] 1																																																															
214382737	DEOPROCE - HYDRO RECOVERY SNAIL TONER [150ml] 1																																																															
214382853	DEOPROCE - HYDRO RECOVERY SNAIL TONER [380ml] 1																																																															
214382994	DEOPROCE - HYDRO SOOTHING ALOE VERA TONER [380ml] 1																																																															
214383033	DEOPROCE - MARINE COLLAGEN MINERAL CREAM [100g] 1																																																															
214383094	DEOPROCE - REAL FRESH VEGAN CALMING TONER [200ml] 1																																																															
214383147	DEOPROCE - RELAXING CARE MINK OIL CREAM [100g] 1																																																															
214383277	DEOPROCE - RICE ENRICHED BRIGHTENING TONER [200ml] 1																																																															
214383300	DEOPROCE - SNAIL GALAC REVITAL TONER [130ml] 1																																																															
214383336	DEOPROCE - SNAIL RECOVERY CREAM [100g] 1																																																															
214383428	DEOPROCE - SNAIL RECOVERY TONER [210ml] 1																																																															
214383480	DEOPROCE - SPECIAL WATER PLUS CREAM [100g] 1																																																															
214383515	DEOPROCE - SYNAKE INTENSIVE WRINKLE CARE CREAM [100g] 1																																																															
214383550	DEOPROCE - Vitamin Factory Cream [100g] 1																																																															
214383596	DEOPROCE - WHITENING & ANTI-WRINKLE SNAIL SKIN [260ml] 1																																																															
214383639	DEOPROCE - WHITENING AND ANTI-WRINKLE POMEGRANATE SKIN [260ml] 1																																																															
214383723	DEOPROCE - YUJA VITA CARE 10 OIL TONER [120ml] 1																																																															
214383763	DEOPROCE PREMIUM - GREEN TEA TOTAL SOLUTION TONER [260ml] 1																																																															
214383821	DEOPROCE RINSE - ARGAN SILKY MOISTURE [1000ml] 1																																																															
214383868	DEOPROCE RINSE - BLACK GARLIC INTENSME ENERGY [1000ml] 1																																																															
214383928	DEOPROCE RINSE - GREENTEA HENNA PURE REFRESH [1000ml] 1																																																															
214383996	DEOPROCE SHAMPOO - ARGAN SILKY MOISTURE [1000ml] 1																																																															
214384098	DEOPROCE SHAMPOO - BLACK GARLIC INTENSME ENERGY [1000ml] 1																																																															
214384144	DEOPROCE SHAMPOO - GREENTEA HENNA PURE REFRESH [1000ml] 1																																																															
214390530	DR. JART - Cicapair Tiger Grass Color Correcting Treatment [50ml] 1																																																															
214390611	ELIZAVECCA - Milky piggy hyaluronic acid pure 100 [200ml] 1																																																															
214390771	JMSOLUTION DERMA CARE CERAMIDE CLEANSING WATER Clear [500ml] 1																																																															
214391140	ISNTREE - Onion Newpair Gel Cream [50ml] 1																																																															
214392069	SKIN1004 - Madagascar Centella Ampoule [30ml] 1																																																															
214392111	SKIN1004 - Madagascar Centella Ampoule Foam [125ml] 1																																																															
214392195	SKIN1004 - Madagascar Centella Hyalu-Cica Sleeping Pack [100ml] 1																																																															
214392268	SKIN1004 - Madagascar Centella Hyalu-Cica Sleeping Pack [30ml] 1																																																															
214392323	SKIN1004 - Madagascar Centella Travel Kit 1																																																															
214392414	SKIN1004 - Zombie Beauty Bloody Peel [30ml] 1																																																															
214392505	THE ORDINARY - Argireline Solution 10% [30ml] 1																																																															
214392561	THE ORDINARY - Glycolic Acid 7% Toning Solution [KOR] [240ml] 1																																																															
214393580	THE SAEM - Care Plus Baobab Collagen Cream [100ml] 1																																																															
214393627	THE SAEM - Cell Renew Bio Micro Peel Soft Gel [160ml] 1																																																															
214393682	THE SAEM Saemmul Perfect Curling Mascara [8ml] 1																																																															
214393904	MISSHA -  M Perfect Cover BB Cream SPF42 PA+++ (Tone 25) [20ml] 1																																																															
214393959	MISSHA - M Perfect Cover BB Cream SPF42 PA+++ (Tone 27) [20ml] 1																																																															
214394222	MISSHA - Super Aqua Ultra Hyalron Peeling Gel [100ml] 1																																																															
214394451	JIGOTT - Collagen Healing Cream [100ml] 1																																																															
214394512	JIGOTT - Daily Real Cica Toner [300ml] 1																																																															
214394587	JIGOTT - GOAT MILK BRIGHTENING CREAM [70ml] 1																																																															
214394685	JIGOTT - Moisture Real Aloe Vera Toner [300ml] 1																																																															
214394743	JIGOTT - Pomegranate Shining Cream [70ml] 1																																																															
215189916	DEOPROCE - REPAIR MACHINE GINSENG CREAM [100g] 1																																																															
219747032	COSRX - Salicylic Acid Daily Gentle Cleanser [150ml] 1																																																															
219747160	COSRX - AHA/BHA Clarifying Treatment Toner [150ml] 1																																																															
219752752	EKEL - Ampoule Emulsion Collagen [150ml] 1																																																															
219753093	EKEL - Ampoule Toner Collagen [150ml] 1																																																															
219753365	ELIZAVECCA - Hell pore clean up aha fruit toner [ 200ml] 1																																																															
219753531	ELIZAVECCA - Milky Piggy EGF elastic retinol [100ml] 1																																																															
219753630	ELIZAVECCA - 24K Gold Snail Cleansing Foam [180ml] 1																																																															
219754119	ENOUGH Collagen moisture foundation #13 1																																																															
219758028	ENOUGH - Collagen Moisture Sun Cream SPF50+ PA++++ [50ml] 1																																																															
219758234	ENOUGH - Collagen Moisture BB Cream SPF47 PA+++ [50ml] 1																																																															
219758538	ENOUGH - Collagen Whitening Moisture Cream 3in1 [50g] 1																																																															
219758775	ENOUGH - Collagen 3in1 Sun Cream SPF50 PA+++ [50ml] 1																																																															
219759531	ETUDE - Baking Powder BB Deep Cleansing Foam [30ml] 1																																																															
219759614	ETUDE - Baking Powder Crunch Pore Scrub [24*7ml] 1																																																															
219759710	ETUDE - Baking Powder BB Deep Cleansing Foam [160ml] 1																																																															
219759799	ETUDE - Baking Powder Pore Cleansing Foam [160ml] 1																																																															
219759839	ETUDE - Baking Powder Crunch Pore Scrub [200ml] 1																																																															
219760257	FARMSTAY - Collagen & Hyaluronic Acid All-In One Ampoule [250ml] 1																																																															
219760937	FARMSTAY - Aloevera Perfect Sun Cream [70g] 1																																																															
219761035	FARMSTAY - Escargot Noblesse Intensive Cream [50g] 1																																																															
219764051	FARMSTAY - Oil-Free Uv Defence Sun Cream [70ml] 1																																																															
219766018	FARMSTAY - Collagen Water Full Moist Cream [100g] 1																																																															
219769877	GRACE DAY - Bouquet Marine Mist 1																																																															
219772100	ISNTREE - Chestnut AHA 8% Clear Essence [100ml] 1																																																															
219780869	JMSOLUTION - Silky Cocoon Home Esthetic Eye Patch [60ea] 1																																																															
219781341	JMSOLUTION - MASK PACK BLACK [30ml*10ea] 1																																																															
219781513	JMSOLUTION - MASK PACK DISNEY [30ml*10ea] 1																																																															
219781588	JMSOLUTION - The Natural Peony Mask Calming [30ml*10ea] 1																																																															
219782429	JMSOLUTION - Marine Luminous Pearl Deep Moisture Mask Pearl 1																																																															
219783233	JMSOLUTION - Marine Luminous Black Pearl Balancing Mask Pearl 1																																																															
219783753	KOELF - Gold & Royal Jelly Eye Patch 1																																																															
219784246	LEBELAGE - High Protection Daily No Sebum Sun Cream SPF50+ PA++ [30ml] 1																																																															
219784405	LEBELAGE - High Protection Long Lasting Sun Cream SPF50+ PA+++ [30ml] 1																																																															
219785803	MASIL - 3 Salon Hair CMC Shampoo [300ml] 1																																																															
219786891	MASIL - 38 SET [200ml+300ml+8ml*4] 1																																																															
219787060	MASIL - 5 Probiotics Color Radiance Shampoo [300ml] 1																																																															
219787135	MASIL - 5 Salon No Yellow Shampoo [300ml] 1																																																															
219787617	MASIL - 5 Probiotics Scalp Scaling Shampoo [300ml] 1																																																															
219787926	MASIL - 5 Probiotics Apple Vinegar Shampoo [300ml] 1																																																															
219788030	MASIL - 5 Probiotics Perfect Volume Shampoo [300ml] 1																																																															
219788401	Masil 8 Seconds Salon Hair Mask Stick Pouch 8 ml 5шт 1																																																															
219788834	8 Seconds Salon Hair Mask Stick Pouch 8 ml 10шт 1																																																															
219788930	8 Seconds Salon Hair Mask Stick Pouch 8 ml 20шт 1																																																															
219789070	Masil 8 Seconds Salon Hair Mask Stick Pouch 200 ml 1																																																															
219790472	MASIL - 8 Seconds Liquid Hair Mask Stick Pounch [5шт*8ml] 1																																																															
219790699	MASIL - 8 Seconds Liquid Hair Mask Stick Pounch [10шт*8ml] 1																																																															
219791089	MASIL - 8 Seconds Liquid Hair Mask Stick Pounch [20шт*8ml] 1																																																															
219791178	MASIL - 8 Seconds Liquid Hair Mask [200ml] 1																																																															
219791396	MASIL - 8 Seconds Salon Super Mild Hair Stick Pounch [5шт*8ml] 1																																																															
219791725	MASIL - 8 Seconds Salon Super Mild Hair Stick Pounch [10шт*8ml] 1																																																															
219791820	MASIL - 8 Seconds Salon Super Mild Hair Stick Pounch [20шт*8ml] 1																																																															
219792121	MASIL - 8 Seconds Salon Super Mild Hair Mask [200ml] 1																																																															
219800048	MASIL - 8 Seconds Salon Hair Mask 350ml Set [350ml+8ml*2] 1																																																															
219803267	MASIL - 9 Protein Perfume Silk Balm [180ml] 1																																																															
219805495	MASIL - 9 Protein Perfume Silk Balm Sweet Love [20ml] 1																																																															
219805592	MASIL - 10 Premium Repair Hair Mask [300ml] 1																																																															
219888135	PETITFEE - Artichoke Soothing Hydrogel Eye Patch [60ea] 1																																																															
219888225	PETITFEE - Agave Cooling Hydrogel Eye Patch [60ea] 1																																																															
219888518	PETITFEE - Aura Quartz Hydrogel Eye Patch [60ea] 1																																																															
219888728	PETITFEE - Chamomile Lightening Hydrogel Eye Patch [60ea] 1																																																															
219889103	PETITFEE - Pink Vita Brightening Eye Patch [60ea] 1																																																															
219889308	PETITFEE - Gold Hydrogel Eye Patch [60ea]  1																																																															
219889734	PETITFEE - Bera Glucan Deep Firming Eye Patch [60ea] 1																																																															
219892811	PETITFEE - Artichoke Soothing Hydrogel Face Mask [5pcs] 1																																																															
219896157	PETITFEE - Gold Hydrogel Mask Pack [5pcs] 1																																																															
219896710	PETITFEE - Gold & Snail Hydrogel Mask Pack [5pcs] 1																																																															
219896793	PETITFEE - Cacao Energizing Hydrogel Mask Pack [5pcs] 1																																																															
219896958	PETITFEE - Agave Cooling Hydrogel Face Mask [5pcs] 1																																																															
219897377	PETITFEE - Black Pearl & Gold Hydrogel Mask Pack [5pcs] 1																																																															
219897523	PETITFEE - Chamomile Lightening Hydrogel Mask Pack [5pcs] 1																																																															
219943291	SOME BY MI - AHA-BHA-PHA 30 Days Miracle Cleansing Bar [106g] 1																																																															
220020382	SOME BY MI - Super Matcha Pore Clean Clay Mask [100g] 1																																																															
220020429	SOME BY MI - Clear Spot Patch [18pcs] 1																																																															
220020465	SOME BY MI - AHA-BHA-PHA 30 Days Miracle Serum [50ml] 1																																																															
220023000	Светильник космонавт сидячий																																																															
220023171	Светильник космонавт стоячий																																																															
220050942	Гирлянда звездочка																																																															
220051463	Гирлянда уличная бахрома 20 метров																																																															
220051524	Гирлянда уличная бахрома 25 метров																																																															
220051882	Массажер подушка коричневая																																																															
220052796	Массажер электрический коврик																																																															
220052920	Массажер 6в1																																																															
220053713	Игровая приставка GAME STICK LITE																																																															
220053760	Игровая приставка X7 Plus																																																															
220054106	Микрофон-колонка беспроводная голубая																																																															
220054183	Микрофон-колонка беспроводная розовая																																																															
220054300	Портативная колонка (Большая v1)																																																															
220054346	Портативная колонка (Маленькая v1)																																																															
220054789	PETITFEE - Black Pearl & Gold Hydrogel Eye Patch [1 pairs] 1																																																															
220055202	PETITFEE - Gold Hydrogel Eye Patch [1 Pairs] 1																																																															
220227139	SOME BY MI - AHA-BHA-PHA 30 Days Miracle Acne Clear Body Cleanser 1																																																															
220235129	Триммер золотой v1																																																															
220235210	Триммер черный v1																																																															
220983776	MASIL - 9 Protein Perfume Silk Balm [20ml] 1																																																															
710453347	Farmstayescargotampoule 1																																																															
1093843716	ROUND LAB BIRCH JUICE MOISTURIZING CREAM_80ml																																																															
1093843717	PETITFEE Aura Quartz Hydrogel Eye Mask Pure Opal																																																															
1093843725	PETITFEE Black Pearl & Gold Hydrogel Eye Patch/Gold Hydrogel Eye Patch																																																															
1093843727	CELIMAX PORE+DARK SPOT BRIGHTENING CREAM [35ml]																																																															
1093843743	MANYO BIFIDA INFUSION SHOT AMPOULE 1DX [50ml]																																																															
1093843744	ROUND LAB VITA NIACINAMIDE DARK SPOT SERUM 30ml																																																															
1093843745	ROUND LAB PINE CALMING CICA AMPOULE_30ml																																																															
1093843746	CELIMAX THE VITA-A RETINOL SHOT TIGHTENING SERUM [30ml]																																																															
1093843747	Petitfee Black Pearl & Gold hydrogel Eye Patch																																																															
1093843756	Etude Baking Powder Crunch Pore Scrub																																																															
1093843759	ENOUGH Collagen whitening cover tip concealer #03																																																															
1093843760	Enoughcollagenwhiteningcovertip																																																															
1093843761	Enoughcollagenwhiteningcovertip03																																																															
1093843762	ENOUGH Collagen whitening cover tip concealer #01																																																															
1093843763	ENOUGH Collagen whitening cover tip concealer #02																																																															
1093843764	Enoughcollagenwhiteningcovertip01																																																															
1093843767	Petitfee 98% Collagen & CoQ10 Hydro Gel Eye Patch																																																															
1093843776	Manyo_Galac_Vita_Serum																																																															
1093843781	CELIMAX THE REAL NONI MOISTURE BALANCING TONER (NEW) [150ml]																																																															
1093843782	Etude House Baking Powder Pore Cleansing Foam 160 ml белая																																																															
1093843783	Baking Powder BB Deep Cleansing Foam 3в1 30																																																															
1093843787	Collagen_Enough_Moisture_Foundation_23																																																															
1093843789	Petitfee Artichoke Soothing Hydrogel Eye Mask																																																															
1093843807	ROUND LAB MUGWORT CALMING CLEANSER_150ml																																																															
1093843808	ROUND LAB 1025 DOKDO CLEANSER_150ml																																																															
1093843809	ROUND LAB BIRCH JUICE MOISTURIZING CLEANSER_150ml																																																															
1093843811	ROUND LAB BIRCH JUICE MOISTURIZING SUNSCREEN_50ml																																																															
1093843815	JIGOTT - Aura Secret Hyaluronec Acid Toner [300ml]																																																															
1093843816	JIGOTT - Daily Real Cica Toner [300ml]																																																															
1093843817	JIGOTT - Ultimate Real Collagen Toner [300ml]																																																															
1093843818	JIGOTT - Moisture Real Aloe Vera Toner [300ml]																																																															
1093843820	ENOUGH COLLAGEN 3IN1 21																																																															
1093843824	HEIMISH - All Clean Balm Mandarin [120ml]																																																															
1093843825	HEIMISH - All Clean Balm [120ml]																																																															
1093843827	Manyo_Aqua_Peeling_Gel																																																															
1093843828	Petitfee B-Glucan Deep Firming Eye Mask																																																															
1093843904	Collagen_Enough_Moisture_Foundation_13																																																															
1093843910	Enough Collagen Whitening Moisture Cream 3in1 50 N																																																															
1093843911	CELIMAX PORE+DARK SPOT BRIGHTENING SERUM_10ml [10ml]																																																															
1093843919	CELIMAX THE REAL NONI STARTER KIT (NEW) [30ml+10ml+10ml]																																																															
1093843921	Petitfee Agave Cooling Hydrogel Eye Mask																																																															
1093843937	ROUND LAB SOYBEAN CLEANSING OIL_200ml																																																															
1093843940	CELIMAX PORE+DARK SPOT BRIGHTENING PAD [100ml / 40pads]																																																															
1093843941	CELIMAX JI WOO GAE CICA BHA BLEMISH TONER PAD_10EA [30ml]																																																															
1093843942	CELIMAX JI WOO GAE CICA BHA BLEMISH TONER PAD [170ml / 60pads]																																																															
1093843945	Manyo_Pure_Cleansing_Oil																																																															
1093843951	manyo_bifida_biome_toner																																																															
1093843958	CELIMAX DUAL BARRIER SKIN WEARABLE CREAM [50ml]																																																															
1093843960	JIGOTT - Birds Nest Firming Cream [70ml]																																																															
1093843966	CELIMAX PORE+DARK SPOT BRIGHTENING SERUM_30ml [30ml]																																																															
1093843973	Enough Rich Gold Double Wea Radiance Foundation 21 тон																																																															
1093843974	Enough Rich Gold Double Wea Radiance Foundation 13 тон																																																															
1093843991	ENOUGH collagen moisture BB Cream SPF47 PA+++ N																																																															
1093843993	MANYO BIFIDA COMPLEX AMPOULE GEL CLEANSER [400ml]																																																															
1093844001	CELIMAX THE VITA-A RETINAL SHOT TIGHTENING BOOSTER [15ml]																																																															
1093844003	PETITFEE - MASK 7																																																															
1093844004	PETITFEE - MASK 5																																																															
1093844005	PETITFEE - MASK 6																																																															
1093844010	JIGOTT - Snail Lifting Cream [70ml]																																																															
1093844018	JMSOLUTION - Mask Pack Disney																																																															
1093844019	JMSOLUTION - Mask Pack Black																																																															
1093844027	HEIMISH - Artless Glow Base SPF50+ [40ml]																																																															
1093844029	I'm Sorry for My Skin Крем Age Capture Skin Relief																																																															
1093844030	I'm Sorry For My Skin Age Capture Hydrating																																																															
1093844031	I'm Sorry for My Skin Age Крем Capture Firming Enriched																																																															
1093844032	I'm Sorry for My Skin Крем Age Capture Vitalizer																																																															
1093844037	Collagen_Enough_Moisture_Foundation_21																																																															
1093844044	ENOUGH - Gold Snail Moisture Foundation [Tone 13]																																																															
1093844045	ENOUGH - Gold Snail Moisture Foundation [Tone 21]																																																															
1093844047	ETUDE Baking Powder BB Deep Cleansing Foam 160 мл N																																																															
1093844048	LANEIGE LIP SLEEPING MASK-BERRY [3g]																																																															
1093844087	Petitfee Pink Vita Brightening Eye Mask																																																															
1093844089	ENOUGH - Collagen Moisture Essential Cream [50ml] N																																																															
1093844114	Petitfee EGF																																																															
1093844128	Petitfee GOLD & SNAIL HYDROGEL EYE PATCH																																																															
1093844143	Celimax Dual Barrier Creamy Toner																																																															
1093844146	Enough 8 Peptide Full Cover Perfect Foundation 21 тон																																																															
1093844147	Enough 8 Peptide Full Cover Perfect Foundation 13 тон																																																															
1093844148	ENOUGH - Collagen 3in1 Sun Cream SPF50 PA++ [50ml] N																																																															
1093844150	ENOUGH collagen moisture BB Cream SPF47 PA+++ BB																																																															
1093844151	ENOUGH - Collagen Moisture Sun Cream SPF50+ PA++++ [50ml] N2																																																															
1093844199	Petitfee Cacao Energizing Hydrogel Eye Patch																																																															
1093844204	ROUND LAB VITA NIACINAMIDE DARK SPOT CREAM 50ml																																																															
1093844206	JIGOTT - Snail Reparing Cream [100ml]																																																															
1093844207	JIGOTT - Collagen Healing Cream [100ml]																																																															
1093844219	ROUND LAB MUGWORT CALMING TONER_300ml																																																															
1093844237	ENOUGH - Collagen Moisture Sun Cream SPF50+ PA++++ [50ml] N3																																																															
1093844238	JMSOLUTION - Mask Pack Black [7pcs]																																																															
1093844239	JMSOLUTION - Mask Pack Black [3pcs]																																																															
1093844240	JMSOLUTION - Mask Pack Black [6pcs]																																																															
1093844241	JIGOTT - MASK 15																																																															
1093844242	JMSOLUTION - Mask Pack Black [5pcs]																																																															
1093844243	JMSOLUTION - Mask Pack Black [8pcs]																																																															
1093844249	CELIMAX THE REAL NONI ENERGY AMPOULE_30ML (NEW) [30ml]																																																															
1093844250	ROUND LAB SOYBEAN PANTHENOL CREAM_80ml																																																															
1093844263	ROUND LAB MUGWORT CALMING SOOTHING GEL_150ml																																																															
1093844273	Manyo_Ampoule_Lotion																																																															
1093844286	Etude Baking Powder Crunch Pore Scrub треугольники 30																																																															
1093844290	Petitfee GOLD																																																															
1093844303	CELIMAX DUAL BARRIER TRIAL KIT [20ml+10ml]																																																															
1093844318	PETITFEE - Cacao Energizing Hydrogel Mask Pack [5pcs]																																																															
1093844319	PETITFEE - Gold Hydrogel Mask Pack [5pcs]																																																															
1093844320	PETITFEE - Gold & Snail Hydrogel Mask Pack [5pcs]																																																															
1093844321	PETITFEE - Chamomile Lightening Hydrogel Mask Pack [5pcs]																																																															
1093844322	PETITFEE - Agave Cooling Hydrogel Face Mask [5pcs]																																																															
1093844323	PETITFEE - Artichoke Soothing Hydrogel Face Mask [5pcs]																																																															
1093844324	PETITFEE - Black Pearl & Gold Hydrogel Mask Pack [5pcs]																																																															
1093844330	Petitfee Chamomile Lightening Hydrogel Eye Mask																																																															
1093844394	ENOUGH COLLAGEN 3IN1 13																																																															
1093851513	Manyo_Complex_Ampoule																																																															
1093851533	Enough Collagen Foundation Cover Up Ultra X10 21 тон																																																															
1093851534	Enough Collagen Foundation Cover Up Ultra X10 13 тон																																																															
1126664908	Celimax Dual Barrier																																																															
1138829763	ENOUGH - Collagen Moisture Foundation [Tone 23]																																																															
1138831724	ENOUGH - Gold Snail Moisture Foundation [Tone 13]																																																															
1138847623	ENOUGH - Premium Rich Gold Double Wear Radiance Foundation [Tone 21]																																																															
1138855894	ENOUGH Collagen whitening cover tip concealer #02 [9g]																																																															
1138930359	ETUDE - Baking Powder BB Deep Cleansing Foam [160ml]																																																															
1138934745	ETUDE - Baking Powder Crunch Pore Scrub [24*7ml]																																																															
1139004258	I'm Sorry For My Skin - Age Capture Vitalizer Cream																																																															
1139033070	JIGOTT - Collagen Healing Cream [100ml]																																																															
1139161147	MANYO - Pure Cleansing Oil [200ml] 2																																																															
1139164942	MANYO BIFIDA INFUSION SHOT AMPOULE 1DX [50ml] 2																																																															
1139173160	PETITFEE - Artichoke Soothing Hydrogel Eye Patch [60ea] 2																																																															
1139175663	PETITFEE - Aura Quartz Hydrogel Eye Patch [60ea] 2																																																															
1139191019	PETITFEE - Gold & EGF Hydrogel Eye & Spot Patch [60ea]																																																															
1139195138	PETITFEE - Pink Vita Brightening Eye Patch [60ea] 2																																																															
1139208838	PETITFEE - Chamomile Lightening Hydrogel Mask Pack [5pcs] 2																																																															
1139253174	ROUND LAB SOYBEAN PANTHENOL CREAM_80ml																																																															
1139256399	ROUND LAB PINE CALMING CICA AMPOULE_30ml 2																																																															
1139261894	CELIMAX PORE+DARK SPOT BRIGHTENING CREAM [35ml] 2																																																															
1139271453	CELIMAX THE REAL NONI ENERGY AMPOULE_30ML (NEW) [30ml] 2																																																															
1139275725	CELIMAX PORE+DARK SPOT BRIGHTENING SERUM_30ml																																																															
1139279921	CELIMAX THE REAL NONI MOISTURE BALANCING TONER (NEW) [150ml] 2																																																															
1152788018	Крем для лица																																																															
1139281487	CELIMAX JI WOO GAE CICA BHA BLEMISH TONER PAD_10EA [30ml] 2																																																											-19.20	-19.20		-19.20	-19.20
1139196306	PETITFEE - Black Pearl & Gold Hydrogel Eye Patch [60ea] 2																																																											-34.08	-34.08		-34.08	-34.08
1139198643	PETITFEE - Agave Cooling Hydrogel Eye Patch [60ea] 2																																																											-34.56	-34.56		-34.56	-34.56
1139201157	PETITFEE - Gold & Snail Hydrogel Eye Patch [60ea] 2																																																											-34.56	-34.56		-34.56	-34.56
1139203939	PETITFEE - Gold Hydrogel Eye Patch [60ea] 2																																																											-47.20	-47.20		-47.20	-47.20
1139101006	JIGOTT - Aura Secret Hyaluronec Acid Toner [300ml] 2																																																											-48.00	-48.00		-48.00	-48.00
1139103032	JIGOTT - Moisture Real Aloe Vera Toner [300ml] 2																																																											-48.00	-48.00		-48.00	-48.00
1139230773	PETITFEE - Artichoke Soothing Hydrogel Face Mask [5pcs] 2																																																										1	-57.28	-57.28	1	-57.28	-57.28
1139170302	PETITFEE - Bera Glucan Deep Firming Eye Patch [60ea] 2																																																											-57.60	-57.60		-57.60	-57.60
1139205173	PETITFEE - Black Pearl & Gold Hydrogel Mask Pack [5pcs] 2																																																											-57.60	-57.60		-57.60	-57.60
1139212638	PETITFEE - Agave Cooling Hydrogel Face Mask [5pcs] 2																																																											-57.60	-57.60		-57.60	-57.60
1139217196	PETITFEE - Gold Hydrogel Mask Pack [5pcs] 2																																																											-57.60	-57.60		-57.60	-57.60
1139220114	PETITFEE - Cacao Energizing Hydrogel Mask Pack [5pcs] 2																																																											-57.60	-57.60		-57.60	-57.60
1139241419	PETITFEE - Gold & Snail Hydrogel Mask Pack [5pcs] 2																																																											-57.60	-57.60		-57.60	-57.60
1139273633	CELIMAX PORE+DARK SPOT BRIGHTENING PAD [100ml / 40pads] 2																																																											-57.60	-57.60		-57.60	-57.60
1139177864	PETITFEE - Cacao Energizing Hydrogel Eye Patch [60ea] 2																																																											-69.12	-69.12		-69.12	-69.12
1139184393	PETITFEE - Chamomile Lightening Hydrogel Eye Patch [60ea] 2																																																											-69.12	-69.12		-69.12	-69.12
1139267477	CELIMAX JI WOO GAE CICA BHA BLEMISH TONER PAD [170ml / 60pads] 2																																																											-69.12	-69.12		-69.12	-69.12
1139263886	CELIMAX DUAL BARRIER SKIN WEARABLE CREAM [50ml] 2																																																											-72.00	-72.00		-72.00	-72.00
1139159459	MANYO - Bifida Biome Ampoule Lotion [300ml] 2																																																											-76.80	-76.80		-76.80	-76.80
1138638005	ENOUGH - Collagen Whitening Moisture Cream 3in1 [50g]																																																											-89.60	-89.60		-89.60	-89.60
1139168138	PETITFEE - Collagen & CoQ10 Hydrogel Eye Patch [60ea] 2																																																											-92.16	-92.16		-92.16	-92.16
1139163403	MANYO BIFIDA COMPLEX AMPOULE GEL CLEANSER [400ml] 2																																																											-94.62	-94.62		-94.62	-94.62
1139245659	ROUND LAB BIRCH JUICE MOISTURIZING CREAM_80ml 2																																																											-109.44	-109.44		-109.44	-109.44
1138835712	ENOUGH - Collagen 3in1 Whitening Moisture Foundation [Tone 21]																																																											-115.20	-115.20		-115.20	-115.20
1138839050	ENOUGH - Premium 8 Peptide Full Cover Perfect Foundation [Tone 13]																																																											-115.20	-115.20		-115.20	-115.20
1139248177	ROUND LAB MUGWORT CALMING CLEANSER_150ml 2																																																											-122.40	-122.40		-122.40	-122.40
1138841064	ENOUGH - Premium 8 Peptide Full Cover Perfect Foundation [Tone 21]																																																											-124.80	-124.80		-124.80	-124.80
1138646523	ENOUGH - Collagen Moisture Foundation [Tone 21]																																																											-127.20	-127.20		-127.20	-127.20
1138834711	ENOUGH - Collagen 3in1 Whitening Moisture Foundation [Tone 13]																																																											-129.60	-129.60		-129.60	-129.60
1138843355	ENOUGH - Premium Rich Gold Double Wear Radiance Foundation [Tone 13]																																																											-134.40	-134.40		-134.40	-134.40
1138642065	ENOUGH - Collagen Moisture Foundation [Tone 13]																																																											-135.20	-135.20		-135.20	-135.20
1139152860	JMSOLUTION - MASK PACK BLACK [30ml*10ea]																																																											-144.32	-144.32		-144.32	-144.32
1139036132	JIGOTT - Ассорти набор масок [27ml х 15]																																																											-157.08	-157.08		-157.08	-157.08
1139030037	JIGOTT - Birds Nest Firming Cream [70ml] 2																																																										4	-450.07	-450.07	4	-450.07	-450.07
1139095890	JIGOTT - Daily Real Cica Toner [300ml] 2																																																											-467.76	-467.76		-467.76	-467.76
1139040138	JIGOTT - Ultimate Real Collagen Toner [300ml] 2																																																										1	-493.43	-493.43	1	-493.43	-493.43
1139014717	JIGOTT - Snail Reparing Cream [100ml] 2																																																										2	-511.86	-511.86	2	-511.86	-511.86
1138938827	HEIMISH - Artless Glow Base SPF50+ PA+++(Renew) [40ml] 2																																																											-761.40	-761.40		-761.40	-761.40
220052980	Массажер подушка черная								-810.96	-803.85																																																					-810.96	-803.85
1139005708	JIGOTT - Snail Lifting Cream [70ml] 2																																																										3	-829.31	-829.31	3	-829.31	-829.31
1139155618	LANEIGE LIP SLEEPING MASK-BERRY [3g] 2																																																											-937.16	-937.16		-937.16	-937.16
1126626550	ETUDE - Baking Powder Crunch Pore Scrub [200ml]																																																										3	-1592.26	-1592.26	3	-1592.26	-1592.26
1126568337	CELIMAX THE VITA-A RETINAL SHOT TIGHTENING BOOSTER [15ml] 2																																																										6	-1812.95	-1877.93	6	-1812.95	-1877.93
1126690112	MANYO - Bifida Biome Complex Ampoule [50ml]																																																										3	-2348.55	-2348.55	3	-2348.55	-2348.55
1126645805	CELIMAX THE VITA-A RETINOL SHOT TIGHTENING SERUM [30ml] 2																																																										4	-2638.91	-2638.91	4	-2638.91	-2638.91
1126874288	MANYO - Galac Whitening Vita Serum [50ml]																																																										2	-2708.72	-2708.72	2	-2708.72	-2708.72
1126598360	ENOUGH - Collagen Moisture Essential Cream [50ml]																																																										9	-2845.69	-2845.69	9	-2845.69	-2845.69
1126531855	ROUND LAB 1025 DOKDO CLEANSER_150ml 2																																																										2	-2968.61	-2968.61	2	-2968.61	-2968.61
Итого						15909145.70	6547234.13		21236065.29	6405008.59		15869040.92	4925529.94		22159331.72	8452113.01		12894711.86	4771508.55		9631409.35	3531729.70		14159903.04	4999758.55		10631011.86	3260592.79		10328873.00	1959597.97		10836139.16	3022185.15		12042491.30	3226726.16		15548082.19	3389528.52		28639007.15	7573166.84	4791	16249265.44	1642804.52	28659	15570669.89	2211795.31	33539	24516233.68	5601331.34	26771	19964625.57	4014691.34	25629	16956369.75	4043285.81	21998	13303199.74	3049822.28	141387	306445576.61	82628410.50
