Артикул продавца	Название	Артикул WB	Размер	Предмет	Бренд	Регион	Время доставки	Итого заказов, шт	Итого заказов по товарам локально, шт	Итого заказов по товарам не локально, шт	Итого заказы по товарам не локально, %	Заказы со склада WB локально, шт	Заказы со склада WB не локально, шт	Заказы со склада WB не локально, %	Заказы Маркетплейс локально, шт	Заказы Маркетплейс не локально, шт	Заказы Маркетплейс не локально, %	Остатки склад WB, шт	Остатки МП, шт
ROUND LAB 1025 DOKDO CLEANSER_150ml	Увлажняющая пенка для умывания лица Корея	437154709	-	Пенки	round lab	Дальневосточный и Сибирский	5д 22ч	3953	152	3801	96	152	3801	96	0	0	0	1	0
ROUND LAB 1025 DOKDO CLEANSER_150ml	Увлажняющая пенка для умывания лица Корея	437154709	-	Пенки	round lab	Приволжский	1д 15ч	2076	845	1231	59	845	1231	59	0	0	0	649	0
ROUND LAB 1025 DOKDO CLEANSER_150ml	Увлажняющая пенка для умывания лица Корея	437154709	-	Пенки	round lab	Северо-Западный	2д 3ч	1265	260	1005	79	260	1005	79	0	0	0	232	0
ROUND LAB 1025 DOKDO CLEANSER_150ml	Увлажняющая пенка для умывания лица Корея	437154709	-	Пенки	round lab	Южный и Северо-Кавказский	1д 20ч	2866	1946	920	32	1946	920	32	0	0	0	390	0
ROUND LAB 1025 DOKDO CLEANSER_150ml	Увлажняющая пенка для умывания лица Корея	437154709	-	Пенки	round lab	Уральский	2д 10ч	1083	437	646	60	437	646	60	0	0	0	527	0
ROUND LAB 1025 DOKDO CLEANSER_150ml	Увлажняющая пенка для умывания лица Корея	437154709	-	Пенки	round lab	Беларусь	1д 20ч	312	0	312	100	0	312	100	0	0	0	0	0
ROUND LAB 1025 DOKDO CLEANSER_150ml	Увлажняющая пенка для умывания лица Корея	437154709	-	Пенки	round lab	Центральный	1д 5ч	3414	3115	299	9	3115	299	9	0	0	0	1007	0
ROUND LAB 1025 DOKDO CLEANSER_150ml	Увлажняющая пенка для умывания лица Корея	437154709	-	Пенки	round lab	Казахстан	4д 5ч	209	12	197	94	12	197	94	0	0	0	0	0
ROUND LAB 1025 DOKDO CLEANSER_150ml	Увлажняющая пенка для умывания лица Корея	437154709	-	Пенки	round lab	Армения	8д 21ч	62	9	53	85	9	53	85	0	0	0	0	0
ROUND LAB 1025 DOKDO CLEANSER_150ml	Увлажняющая пенка для умывания лица Корея	437154709	-	Пенки	round lab	Кыргызстан	7д 19ч	18	0	18	100	0	18	100	0	0	0	0	0
ROUND LAB 1025 DOKDO CLEANSER_150ml	Увлажняющая пенка для умывания лица Корея	437154709	-	Пенки	round lab	Грузия	6д 21ч	9	0	9	100	0	9	100	0	0	0	0	0
ROUND LAB 1025 DOKDO CLEANSER_150ml	Увлажняющая пенка для умывания лица Корея	437154709	-	Пенки	round lab	Таджикистан	6д 17ч	9	0	9	100	0	9	100	0	0	0	0	0
ROUND LAB 1025 DOKDO CLEANSER_150ml	Увлажняющая пенка для умывания лица Корея	437154709	-	Пенки	round lab	Узбекистан	8д 23ч	7	0	7	100	0	7	100	0	0	0	0	0
Celimax Dual Barrier Creamy Toner	Кремовый тонер с молочной текстурой Dual Barrier	868516027	-	Тоники	Celimax	Южный и Северо-Кавказский	1д 22ч	2866	1396	1470	51	1396	1470	51	0	0	0	109	0
Celimax Dual Barrier Creamy Toner	Кремовый тонер с молочной текстурой Dual Barrier	868516027	-	Тоники	Celimax	Дальневосточный и Сибирский	4д 11ч	1319	30	1289	98	30	1289	98	0	0	0	0	0
Celimax Dual Barrier Creamy Toner	Кремовый тонер с молочной текстурой Dual Barrier	868516027	-	Тоники	Celimax	Приволжский	1д 16ч	1392	477	915	66	477	915	66	0	0	0	56	0
Celimax Dual Barrier Creamy Toner	Кремовый тонер с молочной текстурой Dual Barrier	868516027	-	Тоники	Celimax	Северо-Западный	1д 18ч	988	298	690	70	298	690	70	0	0	0	133	0
Celimax Dual Barrier Creamy Toner	Кремовый тонер с молочной текстурой Dual Barrier	868516027	-	Тоники	Celimax	Беларусь	1д 16ч	450	1	449	100	1	449	100	0	0	0	0	0
Celimax Dual Barrier Creamy Toner	Кремовый тонер с молочной текстурой Dual Barrier	868516027	-	Тоники	Celimax	Уральский	2д 1ч	683	268	415	61	268	415	61	0	0	0	230	0
Celimax Dual Barrier Creamy Toner	Кремовый тонер с молочной текстурой Dual Barrier	868516027	-	Тоники	Celimax	Армения	7д 11ч	126	15	111	88	15	111	88	0	0	0	0	0
Celimax Dual Barrier Creamy Toner	Кремовый тонер с молочной текстурой Dual Barrier	868516027	-	Тоники	Celimax	Центральный	1д 3ч	3145	3060	85	3	3060	85	3	0	0	0	263	0
Celimax Dual Barrier Creamy Toner	Кремовый тонер с молочной текстурой Dual Barrier	868516027	-	Тоники	Celimax	Казахстан	4д 2ч	40	0	40	100	0	40	100	0	0	0	0	0
Celimax Dual Barrier Creamy Toner	Кремовый тонер с молочной текстурой Dual Barrier	868516027	-	Тоники	Celimax	Грузия	6д 19ч	29	0	29	100	0	29	100	0	0	0	0	0
Celimax Dual Barrier Creamy Toner	Кремовый тонер с молочной текстурой Dual Barrier	868516027	-	Тоники	Celimax	Узбекистан	9д 10ч	5	0	5	100	0	5	100	0	0	0	0	0
Celimax Dual Barrier Creamy Toner	Кремовый тонер с молочной текстурой Dual Barrier	868516027	-	Тоники	Celimax	Кыргызстан	7д 9ч	4	0	4	100	0	4	100	0	0	0	0	0
Celimax Dual Barrier Creamy Toner	Кремовый тонер с молочной текстурой Dual Barrier	868516027	-	Тоники	Celimax	Таджикистан	5д 13ч	3	0	3	100	0	3	100	0	0	0	0	0
FARMSTAY COLLAGEN&HYALURONIC ACID ALL-IN ONE AMPOULE	Сыворотка для лица увлажняющая 3в1 с коллагеном	168956391	-	Сыворотки	Farm Stay	Дальневосточный и Сибирский	5д 0ч	1839	36	1803	98	36	1803	98	0	0	0	0	0
FARMSTAY COLLAGEN&HYALURONIC ACID ALL-IN ONE AMPOULE	Сыворотка для лица увлажняющая 3в1 с коллагеном	168956391	-	Сыворотки	Farm Stay	Приволжский	1д 13ч	1970	1029	941	48	1029	941	48	0	0	0	203	0
FARMSTAY COLLAGEN&HYALURONIC ACID ALL-IN ONE AMPOULE	Сыворотка для лица увлажняющая 3в1 с коллагеном	168956391	-	Сыворотки	Farm Stay	Северо-Западный	1д 18ч	968	266	702	73	266	702	73	0	0	0	0	0
FARMSTAY COLLAGEN&HYALURONIC ACID ALL-IN ONE AMPOULE	Сыворотка для лица увлажняющая 3в1 с коллагеном	168956391	-	Сыворотки	Farm Stay	Уральский	2д 0ч	996	454	542	54	454	542	54	0	0	0	64	0
FARMSTAY COLLAGEN&HYALURONIC ACID ALL-IN ONE AMPOULE	Сыворотка для лица увлажняющая 3в1 с коллагеном	168956391	-	Сыворотки	Farm Stay	Беларусь	1д 16ч	300	0	300	100	0	300	100	0	0	0	0	0
FARMSTAY COLLAGEN&HYALURONIC ACID ALL-IN ONE AMPOULE	Сыворотка для лица увлажняющая 3в1 с коллагеном	168956391	-	Сыворотки	Farm Stay	Южный и Северо-Кавказский	1д 13ч	2257	1966	291	13	1966	291	13	0	0	0	252	0
FARMSTAY COLLAGEN&HYALURONIC ACID ALL-IN ONE AMPOULE	Сыворотка для лица увлажняющая 3в1 с коллагеном	168956391	-	Сыворотки	Farm Stay	Казахстан	4д 2ч	109	2	107	98	2	107	98	0	0	0	0	0
FARMSTAY COLLAGEN&HYALURONIC ACID ALL-IN ONE AMPOULE	Сыворотка для лица увлажняющая 3в1 с коллагеном	168956391	-	Сыворотки	Farm Stay	Армения	7д 6ч	92	24	68	74	24	68	74	0	0	0	0	0
FARMSTAY COLLAGEN&HYALURONIC ACID ALL-IN ONE AMPOULE	Сыворотка для лица увлажняющая 3в1 с коллагеном	168956391	-	Сыворотки	Farm Stay	Центральный	1д 3ч	3666	3634	32	1	3634	32	1	0	0	0	0	0
FARMSTAY COLLAGEN&HYALURONIC ACID ALL-IN ONE AMPOULE	Сыворотка для лица увлажняющая 3в1 с коллагеном	168956391	-	Сыворотки	Farm Stay	Узбекистан	11д 10ч	14	0	14	100	0	14	100	0	0	0	0	0
FARMSTAY COLLAGEN&HYALURONIC ACID ALL-IN ONE AMPOULE	Сыворотка для лица увлажняющая 3в1 с коллагеном	168956391	-	Сыворотки	Farm Stay	Кыргызстан	6д 21ч	8	0	8	100	0	8	100	0	0	0	0	0
FARMSTAY COLLAGEN&HYALURONIC ACID ALL-IN ONE AMPOULE	Сыворотка для лица увлажняющая 3в1 с коллагеном	168956391	-	Сыворотки	Farm Stay	Грузия	7д 4ч	5	0	5	100	0	5	100	0	0	0	0	0
FARMSTAY COLLAGEN&HYALURONIC ACID ALL-IN ONE AMPOULE	Сыворотка для лица увлажняющая 3в1 с коллагеном	168956391	-	Сыворотки	Farm Stay	Таджикистан	8д 22ч	2	0	2	100	0	2	100	0	0	0	0	0
ENOUGH - Collagen Moisture Essential Cream [50ml] N	Увлажняющий крем для лица Корея Collagen	238415286	-	Кремы	ENOUGH	Дальневосточный и Сибирский	4д 5ч	1666	19	1647	99	19	1647	99	0	0	0	0	0
ENOUGH - Collagen Moisture Essential Cream [50ml] N	Увлажняющий крем для лица Корея Collagen	238415286	-	Кремы	ENOUGH	Северо-Западный	1д 19ч	931	170	761	82	170	761	82	0	0	0	300	0
ENOUGH - Collagen Moisture Essential Cream [50ml] N	Увлажняющий крем для лица Корея Collagen	238415286	-	Кремы	ENOUGH	Беларусь	1д 19ч	393	0	393	100	0	393	100	0	0	0	0	0
ENOUGH - Collagen Moisture Essential Cream [50ml] N	Увлажняющий крем для лица Корея Collagen	238415286	-	Кремы	ENOUGH	Приволжский	1д 9ч	1680	1301	379	23	1301	379	23	0	0	0	450	0
ENOUGH - Collagen Moisture Essential Cream [50ml] N	Увлажняющий крем для лица Корея Collagen	238415286	-	Кремы	ENOUGH	Уральский	1д 16ч	815	512	303	37	512	303	37	0	0	0	182	0
ENOUGH - Collagen Moisture Essential Cream [50ml] N	Увлажняющий крем для лица Корея Collagen	238415286	-	Кремы	ENOUGH	Центральный	1д 4ч	3866	3675	191	5	3675	191	5	0	0	0	422	0
ENOUGH - Collagen Moisture Essential Cream [50ml] N	Увлажняющий крем для лица Корея Collagen	238415286	-	Кремы	ENOUGH	Южный и Северо-Кавказский	1д 13ч	2093	1945	148	7	1945	148	7	0	0	0	164	0
ENOUGH - Collagen Moisture Essential Cream [50ml] N	Увлажняющий крем для лица Корея Collagen	238415286	-	Кремы	ENOUGH	Армения	9д 13ч	146	17	129	88	17	129	88	0	0	0	0	0
ENOUGH - Collagen Moisture Essential Cream [50ml] N	Увлажняющий крем для лица Корея Collagen	238415286	-	Кремы	ENOUGH	Казахстан	3д 22ч	126	2	124	98	2	124	98	0	0	0	0	0
ENOUGH - Collagen Moisture Essential Cream [50ml] N	Увлажняющий крем для лица Корея Collagen	238415286	-	Кремы	ENOUGH	Кыргызстан	7д 10ч	6	0	6	100	0	6	100	0	0	0	0	0
ENOUGH - Collagen Moisture Essential Cream [50ml] N	Увлажняющий крем для лица Корея Collagen	238415286	-	Кремы	ENOUGH	Грузия	9д 15ч	4	0	4	100	0	4	100	0	0	0	0	0
ENOUGH - Collagen Moisture Essential Cream [50ml] N	Увлажняющий крем для лица Корея Collagen	238415286	-	Кремы	ENOUGH	Таджикистан	6д 13ч	2	0	2	100	0	2	100	0	0	0	0	0
JIGOTT - Snail Lifting Cream [70ml]	Крем для лица антивозрастной Snail Lifting Cream	207482718	-	Кремы	Jigott	Дальневосточный и Сибирский	4д 19ч	1322	11	1311	99	11	1311	99	0	0	0	0	0
JIGOTT - Snail Lifting Cream [70ml]	Крем для лица антивозрастной Snail Lifting Cream	207482718	-	Кремы	Jigott	Северо-Западный	1д 22ч	563	97	466	83	97	466	83	0	0	0	124	0
JIGOTT - Snail Lifting Cream [70ml]	Крем для лица антивозрастной Snail Lifting Cream	207482718	-	Кремы	Jigott	Приволжский	1д 13ч	1088	645	443	41	645	443	41	0	0	0	16	0
JIGOTT - Snail Lifting Cream [70ml]	Крем для лица антивозрастной Snail Lifting Cream	207482718	-	Кремы	Jigott	Уральский	1д 22ч	556	278	278	50	278	278	50	0	0	0	75	0
JIGOTT - Snail Lifting Cream [70ml]	Крем для лица антивозрастной Snail Lifting Cream	207482718	-	Кремы	Jigott	Беларусь	1д 17ч	222	0	222	100	0	222	100	0	0	0	0	0
JIGOTT - Snail Lifting Cream [70ml]	Крем для лица антивозрастной Snail Lifting Cream	207482718	-	Кремы	Jigott	Южный и Северо-Кавказский	1д 14ч	1372	1161	211	15	1161	211	15	0	0	0	1	0
JIGOTT - Snail Lifting Cream [70ml]	Крем для лица антивозрастной Snail Lifting Cream	207482718	-	Кремы	Jigott	Казахстан	4д 8ч	86	2	84	98	2	84	98	0	0	0	0	0
JIGOTT - Snail Lifting Cream [70ml]	Крем для лица антивозрастной Snail Lifting Cream	207482718	-	Кремы	Jigott	Армения	11д 9ч	24	1	23	96	1	23	96	0	0	0	0	0
JIGOTT - Snail Lifting Cream [70ml]	Крем для лица антивозрастной Snail Lifting Cream	207482718	-	Кремы	Jigott	Узбекистан	9д 17ч	9	0	9	100	0	9	100	0	0	0	0	0
JIGOTT - Snail Lifting Cream [70ml]	Крем для лица антивозрастной Snail Lifting Cream	207482718	-	Кремы	Jigott	Таджикистан	6д 12ч	4	0	4	100	0	4	100	0	0	0	0	0
JIGOTT - Snail Lifting Cream [70ml]	Крем для лица антивозрастной Snail Lifting Cream	207482718	-	Кремы	Jigott	Грузия	6д 11ч	2	0	2	100	0	2	100	0	0	0	0	0
JIGOTT - Snail Lifting Cream [70ml]	Крем для лица антивозрастной Snail Lifting Cream	207482718	-	Кремы	Jigott	Кыргызстан	4д 20ч	2	0	2	100	0	2	100	0	0	0	0	0
JIGOTT - Snail Lifting Cream [70ml]	Крем для лица антивозрастной Snail Lifting Cream	207482718	-	Кремы	Jigott	Центральный	1д 4ч	2453	2453	0	0	2453	0	0	0	0	0	197	0
FARMSTAY - Black Garlic Nourishing Shampoo [530ml]	Корейский шампунь против выпадения волос с черным чесноком	207472742	-	Шампуни	Farm Stay	Дальневосточный и Сибирский	3д 15ч	1077	14	1063	99	14	1063	99	0	0	0	0	0
FARMSTAY - Black Garlic Nourishing Shampoo [530ml]	Корейский шампунь против выпадения волос с черным чесноком	207472742	-	Шампуни	Farm Stay	Северо-Западный	1д 16ч	654	162	492	75	162	492	75	0	0	0	127	0
FARMSTAY - Black Garlic Nourishing Shampoo [530ml]	Корейский шампунь против выпадения волос с черным чесноком	207472742	-	Шампуни	Farm Stay	Приволжский	1д 11ч	1037	749	288	28	749	288	28	0	0	0	212	0
FARMSTAY - Black Garlic Nourishing Shampoo [530ml]	Корейский шампунь против выпадения волос с черным чесноком	207472742	-	Шампуни	Farm Stay	Беларусь	1д 16ч	265	0	265	100	0	265	100	0	0	0	0	0
FARMSTAY - Black Garlic Nourishing Shampoo [530ml]	Корейский шампунь против выпадения волос с черным чесноком	207472742	-	Шампуни	Farm Stay	Уральский	1д 19ч	407	195	212	52	195	212	52	0	0	0	106	0
FARMSTAY - Black Garlic Nourishing Shampoo [530ml]	Корейский шампунь против выпадения волос с черным чесноком	207472742	-	Шампуни	Farm Stay	Южный и Северо-Кавказский	1д 12ч	1610	1411	199	12	1411	199	12	0	0	0	200	0
FARMSTAY - Black Garlic Nourishing Shampoo [530ml]	Корейский шампунь против выпадения волос с черным чесноком	207472742	-	Шампуни	Farm Stay	Армения	11д 0ч	55	6	49	89	6	49	89	0	0	0	0	0
FARMSTAY - Black Garlic Nourishing Shampoo [530ml]	Корейский шампунь против выпадения волос с черным чесноком	207472742	-	Шампуни	Farm Stay	Казахстан	4д 15ч	48	1	47	98	1	47	98	0	0	0	0	0
FARMSTAY - Black Garlic Nourishing Shampoo [530ml]	Корейский шампунь против выпадения волос с черным чесноком	207472742	-	Шампуни	Farm Stay	Центральный	1д 2ч	3525	3509	16	0	3509	16	0	0	0	0	129	0
FARMSTAY - Black Garlic Nourishing Shampoo [530ml]	Корейский шампунь против выпадения волос с черным чесноком	207472742	-	Шампуни	Farm Stay	Кыргызстан	7д 8ч	9	0	9	100	0	9	100	0	0	0	0	0
FARMSTAY - Black Garlic Nourishing Shampoo [530ml]	Корейский шампунь против выпадения волос с черным чесноком	207472742	-	Шампуни	Farm Stay	Узбекистан	8д 18ч	3	0	3	100	0	3	100	0	0	0	0	0
FARMSTAY - Black Garlic Nourishing Shampoo [530ml]	Корейский шампунь против выпадения волос с черным чесноком	207472742	-	Шампуни	Farm Stay	Грузия	6д 13ч	2	0	2	100	0	2	100	0	0	0	0	0
Etude Baking Powder Crunch Pore Scrub	Скраб для лица Baking Powder с содой Корейский	151313163	-	Скрабы	Etude house	Дальневосточный и Сибирский	5д 2ч	1398	26	1372	98	26	1372	98	0	0	0	0	0
Etude Baking Powder Crunch Pore Scrub	Скраб для лица Baking Powder с содой Корейский	151313163	-	Скрабы	Etude house	Северо-Западный	1д 22ч	624	117	507	81	117	507	81	0	0	0	7	0
Etude Baking Powder Crunch Pore Scrub	Скраб для лица Baking Powder с содой Корейский	151313163	-	Скрабы	Etude house	Уральский	1д 23ч	586	301	285	49	301	285	49	0	0	0	115	0
Etude Baking Powder Crunch Pore Scrub	Скраб для лица Baking Powder с содой Корейский	151313163	-	Скрабы	Etude house	Приволжский	1д 8ч	1044	844	200	19	844	200	19	0	0	0	118	0
Etude Baking Powder Crunch Pore Scrub	Скраб для лица Baking Powder с содой Корейский	151313163	-	Скрабы	Etude house	Беларусь	1д 16ч	74	0	74	100	0	74	100	0	0	0	0	0
Etude Baking Powder Crunch Pore Scrub	Скраб для лица Baking Powder с содой Корейский	151313163	-	Скрабы	Etude house	Казахстан	4д 2ч	58	0	58	100	0	58	100	0	0	0	0	0
Etude Baking Powder Crunch Pore Scrub	Скраб для лица Baking Powder с содой Корейский	151313163	-	Скрабы	Etude house	Южный и Северо-Кавказский	1д 9ч	1470	1443	27	2	1443	27	2	0	0	0	42	0
Etude Baking Powder Crunch Pore Scrub	Скраб для лица Baking Powder с содой Корейский	151313163	-	Скрабы	Etude house	Армения	10д 13ч	26	5	21	81	5	21	81	0	0	0	0	0
Etude Baking Powder Crunch Pore Scrub	Скраб для лица Baking Powder с содой Корейский	151313163	-	Скрабы	Etude house	Кыргызстан	6д 8ч	5	0	5	100	0	5	100	0	0	0	0	0
Etude Baking Powder Crunch Pore Scrub	Скраб для лица Baking Powder с содой Корейский	151313163	-	Скрабы	Etude house	Центральный	1д 4ч	2368	2365	3	0	2365	3	0	0	0	0	34	0
Etude Baking Powder Crunch Pore Scrub	Скраб для лица Baking Powder с содой Корейский	151313163	-	Скрабы	Etude house	Грузия	7д 15ч	2	0	2	100	0	2	100	0	0	0	0	0
Etude Baking Powder Crunch Pore Scrub	Скраб для лица Baking Powder с содой Корейский	151313163	-	Скрабы	Etude house	Таджикистан	5д 2ч	1	0	1	100	0	1	100	0	0	0	0	0
Etude Baking Powder Crunch Pore Scrub	Скраб для лица Baking Powder с содой Корейский	151313163	-	Скрабы	Etude house	Узбекистан	11д 5ч	1	0	1	100	0	1	100	0	0	0	0	0
ENOUGH - Collagen 3in1 Sun Cream SPF50 PA++ [50ml] N	Солнцезащитный крем СПФ 50 для лица и тела	238358954	-	Кремы	ENOUGH	Дальневосточный и Сибирский	4д 21ч	476	3	473	99	3	473	99	0	0	0	0	0
ENOUGH - Collagen 3in1 Sun Cream SPF50 PA++ [50ml] N	Солнцезащитный крем СПФ 50 для лица и тела	238358954	-	Кремы	ENOUGH	Северо-Западный	1д 19ч	260	74	186	72	74	186	72	0	0	0	79	0
ENOUGH - Collagen 3in1 Sun Cream SPF50 PA++ [50ml] N	Солнцезащитный крем СПФ 50 для лица и тела	238358954	-	Кремы	ENOUGH	Беларусь	1д 21ч	174	0	174	100	0	174	100	0	0	0	0	0
ENOUGH - Collagen 3in1 Sun Cream SPF50 PA++ [50ml] N	Солнцезащитный крем СПФ 50 для лица и тела	238358954	-	Кремы	ENOUGH	Южный и Северо-Кавказский	1д 15ч	1067	909	158	15	909	158	15	0	0	0	42	0
ENOUGH - Collagen 3in1 Sun Cream SPF50 PA++ [50ml] N	Солнцезащитный крем СПФ 50 для лица и тела	238358954	-	Кремы	ENOUGH	Приволжский	1д 12ч	586	438	148	25	438	148	25	0	0	0	29	0
ENOUGH - Collagen 3in1 Sun Cream SPF50 PA++ [50ml] N	Солнцезащитный крем СПФ 50 для лица и тела	238358954	-	Кремы	ENOUGH	Уральский	2д 0ч	195	92	103	53	92	103	53	0	0	0	47	0
ENOUGH - Collagen 3in1 Sun Cream SPF50 PA++ [50ml] N	Солнцезащитный крем СПФ 50 для лица и тела	238358954	-	Кремы	ENOUGH	Центральный	1д 4ч	1079	986	93	9	986	93	9	0	0	0	96	0
ENOUGH - Collagen 3in1 Sun Cream SPF50 PA++ [50ml] N	Солнцезащитный крем СПФ 50 для лица и тела	238358954	-	Кремы	ENOUGH	Казахстан	3д 23ч	52	3	49	94	3	49	94	0	0	0	0	0
ENOUGH - Collagen 3in1 Sun Cream SPF50 PA++ [50ml] N	Солнцезащитный крем СПФ 50 для лица и тела	238358954	-	Кремы	ENOUGH	Армения	9д 17ч	44	8	36	82	8	36	82	0	0	0	0	0
ENOUGH - Collagen 3in1 Sun Cream SPF50 PA++ [50ml] N	Солнцезащитный крем СПФ 50 для лица и тела	238358954	-	Кремы	ENOUGH	Кыргызстан	8д 12ч	10	0	10	100	0	10	100	0	0	0	0	0
ENOUGH - Collagen 3in1 Sun Cream SPF50 PA++ [50ml] N	Солнцезащитный крем СПФ 50 для лица и тела	238358954	-	Кремы	ENOUGH	Узбекистан	7д 15ч	10	1	9	90	1	9	90	0	0	0	0	0
ENOUGH - Collagen 3in1 Sun Cream SPF50 PA++ [50ml] N	Солнцезащитный крем СПФ 50 для лица и тела	238358954	-	Кремы	ENOUGH	Грузия	6д 8ч	4	0	4	100	0	4	100	0	0	0	0	0
ENOUGH - Collagen 3in1 Sun Cream SPF50 PA++ [50ml] N	Солнцезащитный крем СПФ 50 для лица и тела	238358954	-	Кремы	ENOUGH	Таджикистан	7д 2ч	4	0	4	100	0	4	100	0	0	0	0	0
ROUND LAB BIRCH JUICE MOISTURIZING SUNSCREEN_50ml	Солнцезащитный крем spf 50 для лица с спф	437231408	-	Кремы	round lab	Дальневосточный и Сибирский	5д 22ч	356	9	347	97	9	332	93	0	15	4	0	0
ROUND LAB BIRCH JUICE MOISTURIZING SUNSCREEN_50ml	Солнцезащитный крем spf 50 для лица с спф	437231408	-	Кремы	round lab	Приволжский	1д 22ч	276	82	194	70	82	185	67	0	9	3	0	0
ROUND LAB BIRCH JUICE MOISTURIZING SUNSCREEN_50ml	Солнцезащитный крем spf 50 для лица с спф	437231408	-	Кремы	round lab	Северо-Западный	2д 8ч	177	1	176	99	1	171	97	0	5	3	0	0
ROUND LAB BIRCH JUICE MOISTURIZING SUNSCREEN_50ml	Солнцезащитный крем spf 50 для лица с спф	437231408	-	Кремы	round lab	Южный и Северо-Кавказский	1д 22ч	517	359	158	31	359	138	27	0	20	4	0	0
ROUND LAB BIRCH JUICE MOISTURIZING SUNSCREEN_50ml	Солнцезащитный крем spf 50 для лица с спф	437231408	-	Кремы	round lab	Беларусь	2д 1ч	124	0	124	100	0	121	98	0	3	2	0	0
ROUND LAB BIRCH JUICE MOISTURIZING SUNSCREEN_50ml	Солнцезащитный крем spf 50 для лица с спф	437231408	-	Кремы	round lab	Уральский	2д 11ч	115	19	96	83	19	89	77	0	7	6	0	0
ROUND LAB BIRCH JUICE MOISTURIZING SUNSCREEN_50ml	Солнцезащитный крем spf 50 для лица с спф	437231408	-	Кремы	round lab	Центральный	1д 9ч	572	491	81	14	478	81	14	13	0	0	0	0
ROUND LAB BIRCH JUICE MOISTURIZING SUNSCREEN_50ml	Солнцезащитный крем spf 50 для лица с спф	437231408	-	Кремы	round lab	Армения	10д 19ч	28	0	28	100	0	26	93	0	2	7	0	0
ROUND LAB BIRCH JUICE MOISTURIZING SUNSCREEN_50ml	Солнцезащитный крем spf 50 для лица с спф	437231408	-	Кремы	round lab	Казахстан	5д 7ч	23	2	21	91	2	21	91	0	0	0	0	0
ROUND LAB BIRCH JUICE MOISTURIZING SUNSCREEN_50ml	Солнцезащитный крем spf 50 для лица с спф	437231408	-	Кремы	round lab	Узбекистан	8д 21ч	6	0	6	100	0	6	100	0	0	0	0	0
ROUND LAB BIRCH JUICE MOISTURIZING SUNSCREEN_50ml	Солнцезащитный крем spf 50 для лица с спф	437231408	-	Кремы	round lab	Грузия	7д 8ч	5	0	5	100	0	5	100	0	0	0	0	0
ROUND LAB BIRCH JUICE MOISTURIZING SUNSCREEN_50ml	Солнцезащитный крем spf 50 для лица с спф	437231408	-	Кремы	round lab	Кыргызстан	8д 2ч	3	0	3	100	0	3	100	0	0	0	0	0
ROUND LAB BIRCH JUICE MOISTURIZING SUNSCREEN_50ml	Солнцезащитный крем spf 50 для лица с спф	437231408	-	Кремы	round lab	Таджикистан	8д 19ч	2	0	2	100	0	1	50	0	1	50	0	0
ENOUGH - Collagen Moisture Sun Cream SPF50+ PA++++ [50ml] N	Солнцезащитный крем СПФ 50 для лица и тела	238358009	-	Кремы	ENOUGH	Дальневосточный и Сибирский	4д 21ч	383	2	381	99	2	381	99	0	0	0	0	0
ENOUGH - Collagen Moisture Sun Cream SPF50+ PA++++ [50ml] N	Солнцезащитный крем СПФ 50 для лица и тела	238358009	-	Кремы	ENOUGH	Приволжский	1д 15ч	436	244	192	44	244	192	44	0	0	0	0	0
ENOUGH - Collagen Moisture Sun Cream SPF50+ PA++++ [50ml] N	Солнцезащитный крем СПФ 50 для лица и тела	238358009	-	Кремы	ENOUGH	Северо-Западный	2д 2ч	169	0	169	100	0	169	100	0	0	0	0	0
ENOUGH - Collagen Moisture Sun Cream SPF50+ PA++++ [50ml] N	Солнцезащитный крем СПФ 50 для лица и тела	238358009	-	Кремы	ENOUGH	Южный и Северо-Кавказский	1д 16ч	653	508	145	22	508	145	22	0	0	0	0	0
ENOUGH - Collagen Moisture Sun Cream SPF50+ PA++++ [50ml] N	Солнцезащитный крем СПФ 50 для лица и тела	238358009	-	Кремы	ENOUGH	Уральский	2д 5ч	163	39	124	76	39	124	76	0	0	0	0	0
ENOUGH - Collagen Moisture Sun Cream SPF50+ PA++++ [50ml] N	Солнцезащитный крем СПФ 50 для лица и тела	238358009	-	Кремы	ENOUGH	Беларусь	1д 18ч	86	0	86	100	0	86	100	0	0	0	0	0
ENOUGH - Collagen Moisture Sun Cream SPF50+ PA++++ [50ml] N	Солнцезащитный крем СПФ 50 для лица и тела	238358009	-	Кремы	ENOUGH	Казахстан	4д 1ч	25	1	24	96	1	24	96	0	0	0	0	0
ENOUGH - Collagen Moisture Sun Cream SPF50+ PA++++ [50ml] N	Солнцезащитный крем СПФ 50 для лица и тела	238358009	-	Кремы	ENOUGH	Армения	11д 1ч	25	3	22	88	3	22	88	0	0	0	0	0
ENOUGH - Collagen Moisture Sun Cream SPF50+ PA++++ [50ml] N	Солнцезащитный крем СПФ 50 для лица и тела	238358009	-	Кремы	ENOUGH	Центральный	1д 4ч	736	716	20	3	716	20	3	0	0	0	0	0
ENOUGH - Collagen Moisture Sun Cream SPF50+ PA++++ [50ml] N	Солнцезащитный крем СПФ 50 для лица и тела	238358009	-	Кремы	ENOUGH	Кыргызстан	9д 6ч	6	0	6	100	0	6	100	0	0	0	0	0
ENOUGH - Collagen Moisture Sun Cream SPF50+ PA++++ [50ml] N	Солнцезащитный крем СПФ 50 для лица и тела	238358009	-	Кремы	ENOUGH	Узбекистан	8д 7ч	5	0	5	100	0	5	100	0	0	0	0	0
ENOUGH - Collagen Moisture Sun Cream SPF50+ PA++++ [50ml] N	Солнцезащитный крем СПФ 50 для лица и тела	238358009	-	Кремы	ENOUGH	Грузия	7д 15ч	2	0	2	100	0	2	100	0	0	0	0	0
ENOUGH - Collagen Moisture Sun Cream SPF50+ PA++++ [50ml] N	Солнцезащитный крем СПФ 50 для лица и тела	238358009	-	Кремы	ENOUGH	Таджикистан	7д 21ч	2	0	2	100	0	2	100	0	0	0	0	0
ENOUGH - Gold Snail Moisture Foundation [Tone 13]	Тональный крем для лица матовый увлажняющий с муцином	207796789	-	Тональные кремы	ENOUGH	Дальневосточный и Сибирский	4д 13ч	312	2	310	99	2	310	99	0	0	0	0	0
ENOUGH - Gold Snail Moisture Foundation [Tone 13]	Тональный крем для лица матовый увлажняющий с муцином	207796789	-	Тональные кремы	ENOUGH	Приволжский	1д 15ч	379	145	234	62	145	234	62	0	0	0	0	0
ENOUGH - Gold Snail Moisture Foundation [Tone 13]	Тональный крем для лица матовый увлажняющий с муцином	207796789	-	Тональные кремы	ENOUGH	Беларусь	1д 19ч	150	0	150	100	0	150	100	0	0	0	0	0
ENOUGH - Gold Snail Moisture Foundation [Tone 13]	Тональный крем для лица матовый увлажняющий с муцином	207796789	-	Тональные кремы	ENOUGH	Уральский	2д 0ч	211	80	131	62	80	131	62	0	0	0	46	0
ENOUGH - Gold Snail Moisture Foundation [Tone 13]	Тональный крем для лица матовый увлажняющий с муцином	207796789	-	Тональные кремы	ENOUGH	Северо-Западный	2д 2ч	115	26	89	77	26	89	77	0	0	0	118	0
ENOUGH - Gold Snail Moisture Foundation [Tone 13]	Тональный крем для лица матовый увлажняющий с муцином	207796789	-	Тональные кремы	ENOUGH	Южный и Северо-Кавказский	1д 13ч	428	357	71	17	357	71	17	0	0	0	6	0
ENOUGH - Gold Snail Moisture Foundation [Tone 13]	Тональный крем для лица матовый увлажняющий с муцином	207796789	-	Тональные кремы	ENOUGH	Армения	8д 11ч	38	8	30	79	8	30	79	0	0	0	0	0
ENOUGH - Gold Snail Moisture Foundation [Tone 13]	Тональный крем для лица матовый увлажняющий с муцином	207796789	-	Тональные кремы	ENOUGH	Казахстан	4д 5ч	16	2	14	88	2	14	88	0	0	0	0	0
ENOUGH - Gold Snail Moisture Foundation [Tone 13]	Тональный крем для лица матовый увлажняющий с муцином	207796789	-	Тональные кремы	ENOUGH	Грузия	6д 14ч	3	0	3	100	0	3	100	0	0	0	0	0
ENOUGH - Gold Snail Moisture Foundation [Tone 13]	Тональный крем для лица матовый увлажняющий с муцином	207796789	-	Тональные кремы	ENOUGH	Центральный	1д 4ч	529	527	2	0	527	2	0	0	0	0	4	0
ENOUGH - Gold Snail Moisture Foundation [Tone 13]	Тональный крем для лица матовый увлажняющий с муцином	207796789	-	Тональные кремы	ENOUGH	Кыргызстан	7д 12ч	1	0	1	100	0	1	100	0	0	0	0	0
ENOUGH - Gold Snail Moisture Foundation [Tone 13]	Тональный крем для лица матовый увлажняющий с муцином	207796789	-	Тональные кремы	ENOUGH	Узбекистан	6д 22ч	1	0	1	100	0	1	100	0	0	0	0	0
CELIMAX THE VITA-A RETINOL SHOT TIGHTENING SERUM [30ml]	Лифтинг-сыворотка для лица с микроиглами и ретинолом	551465879	-	Сыворотки	Celimax	Дальневосточный и Сибирский	4д 20ч	461	7	454	98	7	454	98	0	0	0	0	0
CELIMAX THE VITA-A RETINOL SHOT TIGHTENING SERUM [30ml]	Лифтинг-сыворотка для лица с микроиглами и ретинолом	551465879	-	Сыворотки	Celimax	Северо-Западный	1д 15ч	253	117	136	54	117	136	54	0	0	0	48	0
CELIMAX THE VITA-A RETINOL SHOT TIGHTENING SERUM [30ml]	Лифтинг-сыворотка для лица с микроиглами и ретинолом	551465879	-	Сыворотки	Celimax	Уральский	1д 20ч	203	108	95	47	108	95	47	0	0	0	41	0
CELIMAX THE VITA-A RETINOL SHOT TIGHTENING SERUM [30ml]	Лифтинг-сыворотка для лица с микроиглами и ретинолом	551465879	-	Сыворотки	Celimax	Приволжский	1д 9ч	328	234	94	29	234	94	29	0	0	0	72	0
CELIMAX THE VITA-A RETINOL SHOT TIGHTENING SERUM [30ml]	Лифтинг-сыворотка для лица с микроиглами и ретинолом	551465879	-	Сыворотки	Celimax	Беларусь	1д 13ч	48	0	48	100	0	48	100	0	0	0	0	0
CELIMAX THE VITA-A RETINOL SHOT TIGHTENING SERUM [30ml]	Лифтинг-сыворотка для лица с микроиглами и ретинолом	551465879	-	Сыворотки	Celimax	Южный и Северо-Кавказский	1д 13ч	532	487	45	8	487	45	8	0	0	0	109	0
CELIMAX THE VITA-A RETINOL SHOT TIGHTENING SERUM [30ml]	Лифтинг-сыворотка для лица с микроиглами и ретинолом	551465879	-	Сыворотки	Celimax	Казахстан	3д 23ч	22	0	22	100	0	22	100	0	0	0	0	0
CELIMAX THE VITA-A RETINOL SHOT TIGHTENING SERUM [30ml]	Лифтинг-сыворотка для лица с микроиглами и ретинолом	551465879	-	Сыворотки	Celimax	Армения	6д 14ч	21	5	16	76	5	16	76	0	0	0	0	0
CELIMAX THE VITA-A RETINOL SHOT TIGHTENING SERUM [30ml]	Лифтинг-сыворотка для лица с микроиглами и ретинолом	551465879	-	Сыворотки	Celimax	Грузия	6д 13ч	5	0	5	100	0	5	100	0	0	0	0	0
CELIMAX THE VITA-A RETINOL SHOT TIGHTENING SERUM [30ml]	Лифтинг-сыворотка для лица с микроиглами и ретинолом	551465879	-	Сыворотки	Celimax	Центральный	1д 3ч	750	747	3	0	747	3	0	0	0	0	225	0
CELIMAX THE VITA-A RETINOL SHOT TIGHTENING SERUM [30ml]	Лифтинг-сыворотка для лица с микроиглами и ретинолом	551465879	-	Сыворотки	Celimax	Кыргызстан	9д 10ч	2	0	2	100	0	2	100	0	0	0	0	0
CELIMAX THE VITA-A RETINOL SHOT TIGHTENING SERUM [30ml]	Лифтинг-сыворотка для лица с микроиглами и ретинолом	551465879	-	Сыворотки	Celimax	Узбекистан	9д 13ч	2	0	2	100	0	2	100	0	0	0	0	0
CELIMAX THE VITA-A RETINOL SHOT TIGHTENING SERUM [30ml]	Лифтинг-сыворотка для лица с микроиглами и ретинолом	551465879	-	Сыворотки	Celimax	Таджикистан	5д 6ч	1	0	1	100	0	1	100	0	0	0	0	0
JIGOTT - Birds Nest Firming Cream [70ml]	Корейский крем для лица антивозрастной от морщин	207483780	-	Кремы	Jigott	Дальневосточный и Сибирский	5д 11ч	285	5	280	98	5	280	98	0	0	0	0	0
JIGOTT - Birds Nest Firming Cream [70ml]	Корейский крем для лица антивозрастной от морщин	207483780	-	Кремы	Jigott	Приволжский	1д 23ч	196	52	144	73	52	144	73	0	0	0	38	0
JIGOTT - Birds Nest Firming Cream [70ml]	Корейский крем для лица антивозрастной от морщин	207483780	-	Кремы	Jigott	Южный и Северо-Кавказский	1д 23ч	264	128	136	52	128	136	52	0	0	0	16	0
JIGOTT - Birds Nest Firming Cream [70ml]	Корейский крем для лица антивозрастной от морщин	207483780	-	Кремы	Jigott	Северо-Западный	2д 4ч	90	3	87	97	3	87	97	0	0	0	2	0
JIGOTT - Birds Nest Firming Cream [70ml]	Корейский крем для лица антивозрастной от морщин	207483780	-	Кремы	Jigott	Центральный	1д 8ч	474	388	86	18	388	86	18	0	0	0	9	0
JIGOTT - Birds Nest Firming Cream [70ml]	Корейский крем для лица антивозрастной от морщин	207483780	-	Кремы	Jigott	Уральский	2д 12ч	102	28	74	73	28	74	73	0	0	0	0	0
JIGOTT - Birds Nest Firming Cream [70ml]	Корейский крем для лица антивозрастной от морщин	207483780	-	Кремы	Jigott	Беларусь	1д 23ч	70	0	70	100	0	70	100	0	0	0	0	0
JIGOTT - Birds Nest Firming Cream [70ml]	Корейский крем для лица антивозрастной от морщин	207483780	-	Кремы	Jigott	Казахстан	4д 17ч	18	0	18	100	0	18	100	0	0	0	0	0
JIGOTT - Birds Nest Firming Cream [70ml]	Корейский крем для лица антивозрастной от морщин	207483780	-	Кремы	Jigott	Узбекистан	9д 0ч	4	0	4	100	0	4	100	0	0	0	0	0
JIGOTT - Birds Nest Firming Cream [70ml]	Корейский крем для лица антивозрастной от морщин	207483780	-	Кремы	Jigott	Армения	12д 16ч	3	0	3	100	0	3	100	0	0	0	0	0
JIGOTT - Birds Nest Firming Cream [70ml]	Корейский крем для лица антивозрастной от морщин	207483780	-	Кремы	Jigott	Грузия	9д 12ч	3	0	3	100	0	3	100	0	0	0	0	0
JIGOTT - Birds Nest Firming Cream [70ml]	Корейский крем для лица антивозрастной от морщин	207483780	-	Кремы	Jigott	Кыргызстан	8д 1ч	1	0	1	100	0	1	100	0	0	0	0	0
JIGOTT - Snail Reparing Cream [100ml]	Восстанавливающий крем для лица антивозрастной	207483179	-	Кремы	Jigott	Дальневосточный и Сибирский	4д 17ч	281	2	279	99	2	279	99	0	0	0	0	0
JIGOTT - Snail Reparing Cream [100ml]	Восстанавливающий крем для лица антивозрастной	207483179	-	Кремы	Jigott	Уральский	2д 15ч	144	18	126	88	18	126	88	0	0	0	0	0
JIGOTT - Snail Reparing Cream [100ml]	Восстанавливающий крем для лица антивозрастной	207483179	-	Кремы	Jigott	Приволжский	1д 18ч	215	92	123	57	92	123	57	0	0	0	0	0
JIGOTT - Snail Reparing Cream [100ml]	Восстанавливающий крем для лица антивозрастной	207483179	-	Кремы	Jigott	Южный и Северо-Кавказский	1д 18ч	299	192	107	36	192	107	36	0	0	0	0	0
JIGOTT - Snail Reparing Cream [100ml]	Восстанавливающий крем для лица антивозрастной	207483179	-	Кремы	Jigott	Северо-Западный	1д 21ч	135	31	104	77	31	104	77	0	0	0	0	0
JIGOTT - Snail Reparing Cream [100ml]	Восстанавливающий крем для лица антивозрастной	207483179	-	Кремы	Jigott	Центральный	1д 7ч	547	485	62	11	485	62	11	0	0	0	0	0
JIGOTT - Snail Reparing Cream [100ml]	Восстанавливающий крем для лица антивозрастной	207483179	-	Кремы	Jigott	Беларусь	1д 21ч	55	0	55	100	0	55	100	0	0	0	0	0
JIGOTT - Snail Reparing Cream [100ml]	Восстанавливающий крем для лица антивозрастной	207483179	-	Кремы	Jigott	Казахстан	4д 22ч	28	1	27	96	1	27	96	0	0	0	0	0
JIGOTT - Snail Reparing Cream [100ml]	Восстанавливающий крем для лица антивозрастной	207483179	-	Кремы	Jigott	Армения	6д 5ч	5	0	5	100	0	5	100	0	0	0	0	0
JIGOTT - Snail Reparing Cream [100ml]	Восстанавливающий крем для лица антивозрастной	207483179	-	Кремы	Jigott	Кыргызстан	7д 5ч	4	0	4	100	0	4	100	0	0	0	0	0
JIGOTT - Snail Reparing Cream [100ml]	Восстанавливающий крем для лица антивозрастной	207483179	-	Кремы	Jigott	Грузия	9д 2ч	1	0	1	100	0	1	100	0	0	0	0	0
JIGOTT - Snail Reparing Cream [100ml]	Восстанавливающий крем для лица антивозрастной	207483179	-	Кремы	Jigott	Узбекистан	9д 14ч	1	0	1	100	0	1	100	0	0	0	0	0
ENOUGH - Collagen Moisture Sun Cream SPF50+ PA++++ [50ml] N2	Солнцезащитный крем для лица спф 50	333318356	-	Кремы	ENOUGH	Южный и Северо-Кавказский	2д 14ч	337	32	305	91	32	305	91	0	0	0	0	0
ENOUGH - Collagen Moisture Sun Cream SPF50+ PA++++ [50ml] N2	Солнцезащитный крем для лица спф 50	333318356	-	Кремы	ENOUGH	Дальневосточный и Сибирский	5д 1ч	186	1	185	99	1	185	99	0	0	0	0	0
ENOUGH - Collagen Moisture Sun Cream SPF50+ PA++++ [50ml] N2	Солнцезащитный крем для лица спф 50	333318356	-	Кремы	ENOUGH	Центральный	1д 11ч	393	245	148	38	245	148	38	0	0	0	0	0
ENOUGH - Collagen Moisture Sun Cream SPF50+ PA++++ [50ml] N2	Солнцезащитный крем для лица спф 50	333318356	-	Кремы	ENOUGH	Северо-Западный	2д 2ч	92	1	91	99	1	91	99	0	0	0	0	0
ENOUGH - Collagen Moisture Sun Cream SPF50+ PA++++ [50ml] N2	Солнцезащитный крем для лица спф 50	333318356	-	Кремы	ENOUGH	Уральский	2д 0ч	75	2	73	97	2	73	97	0	0	0	0	0
ENOUGH - Collagen Moisture Sun Cream SPF50+ PA++++ [50ml] N2	Солнцезащитный крем для лица спф 50	333318356	-	Кремы	ENOUGH	Беларусь	2д 1ч	51	0	51	100	0	51	100	0	0	0	0	0
ENOUGH - Collagen Moisture Sun Cream SPF50+ PA++++ [50ml] N2	Солнцезащитный крем для лица спф 50	333318356	-	Кремы	ENOUGH	Армения	4д 22ч	18	3	15	83	3	15	83	0	0	0	0	0
ENOUGH - Collagen Moisture Sun Cream SPF50+ PA++++ [50ml] N2	Солнцезащитный крем для лица спф 50	333318356	-	Кремы	ENOUGH	Казахстан	3д 21ч	13	0	13	100	0	13	100	0	0	0	0	0
ENOUGH - Collagen Moisture Sun Cream SPF50+ PA++++ [50ml] N2	Солнцезащитный крем для лица спф 50	333318356	-	Кремы	ENOUGH	Приволжский	1д 10ч	218	214	4	2	214	4	2	0	0	0	20	0
ENOUGH - Collagen Moisture Sun Cream SPF50+ PA++++ [50ml] N2	Солнцезащитный крем для лица спф 50	333318356	-	Кремы	ENOUGH	Кыргызстан	5д 8ч	2	0	2	100	0	2	100	0	0	0	0	0
ENOUGH - Collagen Moisture Sun Cream SPF50+ PA++++ [50ml] N2	Солнцезащитный крем для лица спф 50	333318356	-	Кремы	ENOUGH	Грузия	7д 21ч	1	0	1	100	0	1	100	0	0	0	0	0
ENOUGH - Collagen Moisture Sun Cream SPF50+ PA++++ [50ml] N2	Солнцезащитный крем для лица спф 50	333318356	-	Кремы	ENOUGH	Таджикистан	6д 2ч	1	0	1	100	0	1	100	0	0	0	0	0
ENOUGH - Collagen Moisture Sun Cream SPF50+ PA++++ [50ml] N2	Солнцезащитный крем для лица спф 50	333318356	-	Кремы	ENOUGH	Узбекистан	23д 22ч	1	0	1	100	0	1	100	0	0	0	0	0
LEBELAGE - High Protection Extreme Sun Cream SPF50+ PA++ [30ml] N	Солнцезащитный крем СПФ 50 для лица и тела	238359400	-	Кремы	Lebelage	Дальневосточный и Сибирский	4д 19ч	216	0	216	100	0	216	100	0	0	0	0	0
LEBELAGE - High Protection Extreme Sun Cream SPF50+ PA++ [30ml] N	Солнцезащитный крем СПФ 50 для лица и тела	238359400	-	Кремы	Lebelage	Приволжский	1д 21ч	256	72	184	72	72	184	72	0	0	0	0	0
LEBELAGE - High Protection Extreme Sun Cream SPF50+ PA++ [30ml] N	Солнцезащитный крем СПФ 50 для лица и тела	238359400	-	Кремы	Lebelage	Северо-Западный	2д 3ч	146	20	126	86	20	126	86	0	0	0	0	0
LEBELAGE - High Protection Extreme Sun Cream SPF50+ PA++ [30ml] N	Солнцезащитный крем СПФ 50 для лица и тела	238359400	-	Кремы	Lebelage	Южный и Северо-Кавказский	1д 17ч	363	250	113	31	250	113	31	0	0	0	0	0
LEBELAGE - High Protection Extreme Sun Cream SPF50+ PA++ [30ml] N	Солнцезащитный крем СПФ 50 для лица и тела	238359400	-	Кремы	Lebelage	Уральский	2д 5ч	101	2	99	98	2	99	98	0	0	0	0	0
LEBELAGE - High Protection Extreme Sun Cream SPF50+ PA++ [30ml] N	Солнцезащитный крем СПФ 50 для лица и тела	238359400	-	Кремы	Lebelage	Беларусь	1д 18ч	70	0	70	100	0	70	100	0	0	0	0	0
LEBELAGE - High Protection Extreme Sun Cream SPF50+ PA++ [30ml] N	Солнцезащитный крем СПФ 50 для лица и тела	238359400	-	Кремы	Lebelage	Казахстан	5д 7ч	23	0	23	100	0	23	100	0	0	0	0	0
LEBELAGE - High Protection Extreme Sun Cream SPF50+ PA++ [30ml] N	Солнцезащитный крем СПФ 50 для лица и тела	238359400	-	Кремы	Lebelage	Центральный	1д 4ч	449	428	21	5	428	21	5	0	0	0	0	0
LEBELAGE - High Protection Extreme Sun Cream SPF50+ PA++ [30ml] N	Солнцезащитный крем СПФ 50 для лица и тела	238359400	-	Кремы	Lebelage	Армения	14д 22ч	17	1	16	94	1	16	94	0	0	0	0	0
LEBELAGE - High Protection Extreme Sun Cream SPF50+ PA++ [30ml] N	Солнцезащитный крем СПФ 50 для лица и тела	238359400	-	Кремы	Lebelage	Кыргызстан	6д 23ч	4	0	4	100	0	4	100	0	0	0	0	0
LEBELAGE - High Protection Extreme Sun Cream SPF50+ PA++ [30ml] N	Солнцезащитный крем СПФ 50 для лица и тела	238359400	-	Кремы	Lebelage	Грузия	7д 17ч	1	0	1	100	0	1	100	0	0	0	0	0
LEBELAGE - High Protection Extreme Sun Cream SPF50+ PA++ [30ml] N	Солнцезащитный крем СПФ 50 для лица и тела	238359400	-	Кремы	Lebelage	Таджикистан	6д 23ч	1	0	1	100	0	1	100	0	0	0	0	0
FARMSTAY Argan Oil Complete Volume Up Shampoo & Conditioner [530ml]	Корейский шампунь для волос с аргановым маслом	207476309	-	Шампуни	Farm Stay	Дальневосточный и Сибирский	3д 21ч	335	2	333	99	2	333	99	0	0	0	0	0
FARMSTAY Argan Oil Complete Volume Up Shampoo & Conditioner [530ml]	Корейский шампунь для волос с аргановым маслом	207476309	-	Шампуни	Farm Stay	Северо-Западный	1д 19ч	230	47	183	80	47	183	80	0	0	0	0	0
FARMSTAY Argan Oil Complete Volume Up Shampoo & Conditioner [530ml]	Корейский шампунь для волос с аргановым маслом	207476309	-	Шампуни	Farm Stay	Приволжский	1д 10ч	346	262	84	24	262	84	24	0	0	0	107	0
FARMSTAY Argan Oil Complete Volume Up Shampoo & Conditioner [530ml]	Корейский шампунь для волос с аргановым маслом	207476309	-	Шампуни	Farm Stay	Уральский	1д 20ч	111	44	67	60	44	67	60	0	0	0	85	0
FARMSTAY Argan Oil Complete Volume Up Shampoo & Conditioner [530ml]	Корейский шампунь для волос с аргановым маслом	207476309	-	Шампуни	Farm Stay	Центральный	1д 4ч	1050	987	63	6	987	63	6	0	0	0	323	0
FARMSTAY Argan Oil Complete Volume Up Shampoo & Conditioner [530ml]	Корейский шампунь для волос с аргановым маслом	207476309	-	Шампуни	Farm Stay	Беларусь	1д 16ч	59	0	59	100	0	59	100	0	0	0	0	0
FARMSTAY Argan Oil Complete Volume Up Shampoo & Conditioner [530ml]	Корейский шампунь для волос с аргановым маслом	207476309	-	Шампуни	Farm Stay	Южный и Северо-Кавказский	1д 12ч	424	370	54	13	370	54	13	0	0	0	22	0
FARMSTAY Argan Oil Complete Volume Up Shampoo & Conditioner [530ml]	Корейский шампунь для волос с аргановым маслом	207476309	-	Шампуни	Farm Stay	Казахстан	4д 13ч	19	0	19	100	0	19	100	0	0	0	0	0
FARMSTAY Argan Oil Complete Volume Up Shampoo & Conditioner [530ml]	Корейский шампунь для волос с аргановым маслом	207476309	-	Шампуни	Farm Stay	Армения	9д 3ч	3	0	3	100	0	3	100	0	0	0	0	0
FARMSTAY Argan Oil Complete Volume Up Shampoo & Conditioner [530ml]	Корейский шампунь для волос с аргановым маслом	207476309	-	Шампуни	Farm Stay	Грузия	8д 14ч	1	0	1	100	0	1	100	0	0	0	0	0
FARMSTAY Argan Oil Complete Volume Up Shampoo & Conditioner [530ml]	Корейский шампунь для волос с аргановым маслом	207476309	-	Шампуни	Farm Stay	Кыргызстан	17д 23ч	1	0	1	100	0	1	100	0	0	0	0	0
FARMSTAY - Gold Snail Premium Cream [50ml]	Корейский крем для лица антивозрастной премиум	207469760	-	Кремы	farmstay	Дальневосточный и Сибирский	5д 1ч	303	1	302	100	1	302	100	0	0	0	0	0
FARMSTAY - Gold Snail Premium Cream [50ml]	Корейский крем для лица антивозрастной премиум	207469760	-	Кремы	farmstay	Приволжский	1д 12ч	305	171	134	44	171	134	44	0	0	0	72	0
FARMSTAY - Gold Snail Premium Cream [50ml]	Корейский крем для лица антивозрастной премиум	207469760	-	Кремы	farmstay	Южный и Северо-Кавказский	1д 17ч	402	283	119	30	283	119	30	0	0	0	31	0
FARMSTAY - Gold Snail Premium Cream [50ml]	Корейский крем для лица антивозрастной премиум	207469760	-	Кремы	farmstay	Северо-Западный	1д 19ч	158	58	100	63	58	100	63	0	0	0	9	0
FARMSTAY - Gold Snail Premium Cream [50ml]	Корейский крем для лица антивозрастной премиум	207469760	-	Кремы	farmstay	Уральский	1д 23ч	155	65	90	58	65	90	58	0	0	0	64	0
FARMSTAY - Gold Snail Premium Cream [50ml]	Корейский крем для лица антивозрастной премиум	207469760	-	Кремы	farmstay	Беларусь	1д 18ч	57	0	57	100	0	57	100	0	0	0	0	0
FARMSTAY - Gold Snail Premium Cream [50ml]	Корейский крем для лица антивозрастной премиум	207469760	-	Кремы	farmstay	Казахстан	4д 20ч	23	0	23	100	0	23	100	0	0	0	0	0
FARMSTAY - Gold Snail Premium Cream [50ml]	Корейский крем для лица антивозрастной премиум	207469760	-	Кремы	farmstay	Центральный	1д 3ч	734	712	22	3	712	22	3	0	0	0	307	0
FARMSTAY - Gold Snail Premium Cream [50ml]	Корейский крем для лица антивозрастной премиум	207469760	-	Кремы	farmstay	Армения	9д 9ч	5	0	5	100	0	5	100	0	0	0	0	0
FARMSTAY - Gold Snail Premium Cream [50ml]	Корейский крем для лица антивозрастной премиум	207469760	-	Кремы	farmstay	Кыргызстан	7д 1ч	3	0	3	100	0	3	100	0	0	0	0	0
FARMSTAY - Gold Snail Premium Cream [50ml]	Корейский крем для лица антивозрастной премиум	207469760	-	Кремы	farmstay	Узбекистан	-	1	0	1	100	0	1	100	0	0	0	0	0
FARMSTAY ESCARGOT NOBLESSE INTENSIVE CREAM	Антивозрастной крем для лица от морщин	169076150	-	Кремы	farmstay	Дальневосточный и Сибирский	4д 6ч	315	1	314	100	1	314	100	0	0	0	0	0
FARMSTAY ESCARGOT NOBLESSE INTENSIVE CREAM	Антивозрастной крем для лица от морщин	169076150	-	Кремы	farmstay	Приволжский	1д 12ч	262	158	104	40	158	104	40	0	0	0	187	0
FARMSTAY ESCARGOT NOBLESSE INTENSIVE CREAM	Антивозрастной крем для лица от морщин	169076150	-	Кремы	farmstay	Северо-Западный	1д 15ч	171	70	101	59	70	101	59	0	0	0	0	0
FARMSTAY ESCARGOT NOBLESSE INTENSIVE CREAM	Антивозрастной крем для лица от морщин	169076150	-	Кремы	farmstay	Уральский	1д 21ч	178	85	93	52	85	93	52	0	0	0	147	0
FARMSTAY ESCARGOT NOBLESSE INTENSIVE CREAM	Антивозрастной крем для лица от морщин	169076150	-	Кремы	farmstay	Южный и Северо-Кавказский	1д 17ч	370	278	92	25	278	92	25	0	0	0	0	0
FARMSTAY ESCARGOT NOBLESSE INTENSIVE CREAM	Антивозрастной крем для лица от морщин	169076150	-	Кремы	farmstay	Центральный	1д 4ч	852	800	52	6	800	52	6	0	0	0	323	0
FARMSTAY ESCARGOT NOBLESSE INTENSIVE CREAM	Антивозрастной крем для лица от морщин	169076150	-	Кремы	farmstay	Беларусь	1д 21ч	43	0	43	100	0	43	100	0	0	0	0	0
FARMSTAY ESCARGOT NOBLESSE INTENSIVE CREAM	Антивозрастной крем для лица от морщин	169076150	-	Кремы	farmstay	Казахстан	3д 23ч	19	0	19	100	0	19	100	0	0	0	0	0
FARMSTAY ESCARGOT NOBLESSE INTENSIVE CREAM	Антивозрастной крем для лица от морщин	169076150	-	Кремы	farmstay	Армения	5д 22ч	4	0	4	100	0	4	100	0	0	0	0	0
FARMSTAY ESCARGOT NOBLESSE INTENSIVE CREAM	Антивозрастной крем для лица от морщин	169076150	-	Кремы	farmstay	Кыргызстан	8д 7ч	1	0	1	100	0	1	100	0	0	0	0	0
FARMSTAY ESCARGOT NOBLESSE INTENSIVE CREAM	Антивозрастной крем для лица от морщин	169076150	-	Кремы	farmstay	Узбекистан	8д 3ч	1	0	1	100	0	1	100	0	0	0	0	0
HEIMISH - Artless Glow Base SPF50+ [40ml]	Корейская база под макияж с шиммером	207466866	-	Основы под макияж	Heimish	Дальневосточный и Сибирский	5д 7ч	244	2	242	99	2	242	99	0	0	0	0	0
HEIMISH - Artless Glow Base SPF50+ [40ml]	Корейская база под макияж с шиммером	207466866	-	Основы под макияж	Heimish	Южный и Северо-Кавказский	1д 19ч	580	420	160	28	420	160	28	0	0	0	43	0
HEIMISH - Artless Glow Base SPF50+ [40ml]	Корейская база под макияж с шиммером	207466866	-	Основы под макияж	Heimish	Северо-Западный	2д 2ч	161	13	148	92	13	148	92	0	0	0	0	0
HEIMISH - Artless Glow Base SPF50+ [40ml]	Корейская база под макияж с шиммером	207466866	-	Основы под макияж	Heimish	Уральский	2д 4ч	96	31	65	68	31	65	68	0	0	0	0	0
HEIMISH - Artless Glow Base SPF50+ [40ml]	Корейская база под макияж с шиммером	207466866	-	Основы под макияж	Heimish	Приволжский	1д 11ч	226	180	46	20	180	46	20	0	0	0	1	0
HEIMISH - Artless Glow Base SPF50+ [40ml]	Корейская база под макияж с шиммером	207466866	-	Основы под макияж	Heimish	Центральный	1д 6ч	653	607	46	7	607	46	7	0	0	0	0	0
HEIMISH - Artless Glow Base SPF50+ [40ml]	Корейская база под макияж с шиммером	207466866	-	Основы под макияж	Heimish	Беларусь	1д 21ч	29	0	29	100	0	29	100	0	0	0	0	0
HEIMISH - Artless Glow Base SPF50+ [40ml]	Корейская база под макияж с шиммером	207466866	-	Основы под макияж	Heimish	Казахстан	4д 1ч	26	1	25	96	1	25	96	0	0	0	0	0
HEIMISH - Artless Glow Base SPF50+ [40ml]	Корейская база под макияж с шиммером	207466866	-	Основы под макияж	Heimish	Армения	9д 1ч	10	1	9	90	1	9	90	0	0	0	0	0
HEIMISH - Artless Glow Base SPF50+ [40ml]	Корейская база под макияж с шиммером	207466866	-	Основы под макияж	Heimish	Кыргызстан	6д 15ч	4	0	4	100	0	4	100	0	0	0	0	0
HEIMISH - Artless Glow Base SPF50+ [40ml]	Корейская база под макияж с шиммером	207466866	-	Основы под макияж	Heimish	Узбекистан	8д 23ч	3	0	3	100	0	3	100	0	0	0	0	0
HEIMISH - Artless Glow Base SPF50+ [40ml]	Корейская база под макияж с шиммером	207466866	-	Основы под макияж	Heimish	Грузия	6д 19ч	1	0	1	100	0	1	100	0	0	0	0	0
HEIMISH - Artless Glow Base SPF50+ [40ml]	Корейская база под макияж с шиммером	207466866	-	Основы под макияж	Heimish	Таджикистан	7д 1ч	1	0	1	100	0	1	100	0	0	0	0	0
Petitfee Agave Cooling Hydrogel Eye Mask	Гидрогелевые патчи от отеков и мешков под глазами	151175877	-	Патчи	Petitfee	Дальневосточный и Сибирский	5д 9ч	152	2	150	99	2	150	99	0	0	0	0	0
Petitfee Agave Cooling Hydrogel Eye Mask	Гидрогелевые патчи от отеков и мешков под глазами	151175877	-	Патчи	Petitfee	Центральный	1д 10ч	481	340	141	29	340	141	29	0	0	0	0	0
Petitfee Agave Cooling Hydrogel Eye Mask	Гидрогелевые патчи от отеков и мешков под глазами	151175877	-	Патчи	Petitfee	Беларусь	1д 20ч	139	0	139	100	0	139	100	0	0	0	0	0
Petitfee Agave Cooling Hydrogel Eye Mask	Гидрогелевые патчи от отеков и мешков под глазами	151175877	-	Патчи	Petitfee	Северо-Западный	2д 5ч	110	16	94	85	16	94	85	0	0	0	8	0
Petitfee Agave Cooling Hydrogel Eye Mask	Гидрогелевые патчи от отеков и мешков под глазами	151175877	-	Патчи	Petitfee	Приволжский	1д 15ч	160	82	78	49	82	78	49	0	0	0	19	0
Petitfee Agave Cooling Hydrogel Eye Mask	Гидрогелевые патчи от отеков и мешков под глазами	151175877	-	Патчи	Petitfee	Южный и Северо-Кавказский	1д 19ч	172	104	68	40	104	68	40	0	0	0	0	0
Petitfee Agave Cooling Hydrogel Eye Mask	Гидрогелевые патчи от отеков и мешков под глазами	151175877	-	Патчи	Petitfee	Уральский	2д 9ч	57	17	40	70	17	40	70	0	0	0	0	0
Petitfee Agave Cooling Hydrogel Eye Mask	Гидрогелевые патчи от отеков и мешков под глазами	151175877	-	Патчи	Petitfee	Казахстан	3д 20ч	9	0	9	100	0	9	100	0	0	0	0	0
Petitfee Agave Cooling Hydrogel Eye Mask	Гидрогелевые патчи от отеков и мешков под глазами	151175877	-	Патчи	Petitfee	Армения	7д 13ч	4	0	4	100	0	4	100	0	0	0	0	0
Petitfee Agave Cooling Hydrogel Eye Mask	Гидрогелевые патчи от отеков и мешков под глазами	151175877	-	Патчи	Petitfee	Грузия	7д 4ч	1	0	1	100	0	1	100	0	0	0	0	0
Petitfee Agave Cooling Hydrogel Eye Mask	Гидрогелевые патчи от отеков и мешков под глазами	151175877	-	Патчи	Petitfee	Узбекистан	9д 1ч	1	0	1	100	0	1	100	0	0	0	0	0
ENOUGH - Gold Snail Moisture Foundation [Tone 21]	Тональный крем для лица матовый увлажняющий с муцином	207796898	-	Тональные кремы	ENOUGH	Дальневосточный и Сибирский	4д 14ч	238	4	234	98	4	234	98	0	0	0	0	0
ENOUGH - Gold Snail Moisture Foundation [Tone 21]	Тональный крем для лица матовый увлажняющий с муцином	207796898	-	Тональные кремы	ENOUGH	Северо-Западный	1д 18ч	112	0	112	100	0	112	100	0	0	0	0	0
ENOUGH - Gold Snail Moisture Foundation [Tone 21]	Тональный крем для лица матовый увлажняющий с муцином	207796898	-	Тональные кремы	ENOUGH	Беларусь	1д 17ч	95	0	95	100	0	95	100	0	0	0	0	0
ENOUGH - Gold Snail Moisture Foundation [Tone 21]	Тональный крем для лица матовый увлажняющий с муцином	207796898	-	Тональные кремы	ENOUGH	Приволжский	1д 11ч	216	142	74	34	142	74	34	0	0	0	0	0
ENOUGH - Gold Snail Moisture Foundation [Tone 21]	Тональный крем для лица матовый увлажняющий с муцином	207796898	-	Тональные кремы	ENOUGH	Уральский	2д 4ч	107	37	70	65	37	70	65	0	0	0	0	0
ENOUGH - Gold Snail Moisture Foundation [Tone 21]	Тональный крем для лица матовый увлажняющий с муцином	207796898	-	Тональные кремы	ENOUGH	Южный и Северо-Кавказский	1д 14ч	194	137	57	29	137	57	29	0	0	0	0	0
ENOUGH - Gold Snail Moisture Foundation [Tone 21]	Тональный крем для лица матовый увлажняющий с муцином	207796898	-	Тональные кремы	ENOUGH	Центральный	1д 7ч	386	350	36	9	350	36	9	0	0	0	22	0
ENOUGH - Gold Snail Moisture Foundation [Tone 21]	Тональный крем для лица матовый увлажняющий с муцином	207796898	-	Тональные кремы	ENOUGH	Армения	10д 15ч	26	3	23	88	3	23	88	0	0	0	0	0
ENOUGH - Gold Snail Moisture Foundation [Tone 21]	Тональный крем для лица матовый увлажняющий с муцином	207796898	-	Тональные кремы	ENOUGH	Казахстан	3д 21ч	14	1	13	93	1	13	93	0	0	0	0	0
ENOUGH - Gold Snail Moisture Foundation [Tone 21]	Тональный крем для лица матовый увлажняющий с муцином	207796898	-	Тональные кремы	ENOUGH	Грузия	6д 12ч	3	0	3	100	0	3	100	0	0	0	0	0
ENOUGH - Gold Snail Moisture Foundation [Tone 21]	Тональный крем для лица матовый увлажняющий с муцином	207796898	-	Тональные кремы	ENOUGH	Кыргызстан	8д 5ч	3	0	3	100	0	3	100	0	0	0	0	0
ENOUGH - Gold Snail Moisture Foundation [Tone 21]	Тональный крем для лица матовый увлажняющий с муцином	207796898	-	Тональные кремы	ENOUGH	Узбекистан	9д 5ч	1	0	1	100	0	1	100	0	0	0	0	0
Etude House Baking Powder Pore Cleansing Foam 160 ml белая	Пенка для умывания от черных точек Baking Powder 160ml	169198316	-	Скрабы	Etude house	Дальневосточный и Сибирский	5д 13ч	319	4	315	99	4	315	99	0	0	0	0	0
Etude House Baking Powder Pore Cleansing Foam 160 ml белая	Пенка для умывания от черных точек Baking Powder 160ml	169198316	-	Скрабы	Etude house	Северо-Западный	2д 1ч	125	3	122	98	3	122	98	0	0	0	0	0
Etude House Baking Powder Pore Cleansing Foam 160 ml белая	Пенка для умывания от черных точек Baking Powder 160ml	169198316	-	Скрабы	Etude house	Южный и Северо-Кавказский	1д 17ч	297	193	104	35	193	104	35	0	0	0	0	0
Etude House Baking Powder Pore Cleansing Foam 160 ml белая	Пенка для умывания от черных точек Baking Powder 160ml	169198316	-	Скрабы	Etude house	Уральский	1д 23ч	79	37	42	53	37	42	53	0	0	0	0	0
Etude House Baking Powder Pore Cleansing Foam 160 ml белая	Пенка для умывания от черных точек Baking Powder 160ml	169198316	-	Скрабы	Etude house	Центральный	1д 4ч	338	314	24	7	314	24	7	0	0	0	0	0
Etude House Baking Powder Pore Cleansing Foam 160 ml белая	Пенка для умывания от черных точек Baking Powder 160ml	169198316	-	Скрабы	Etude house	Приволжский	1д 8ч	149	127	22	15	127	22	15	0	0	0	0	0
Etude House Baking Powder Pore Cleansing Foam 160 ml белая	Пенка для умывания от черных точек Baking Powder 160ml	169198316	-	Скрабы	Etude house	Беларусь	2д 9ч	10	0	10	100	0	10	100	0	0	0	0	0
Etude House Baking Powder Pore Cleansing Foam 160 ml белая	Пенка для умывания от черных точек Baking Powder 160ml	169198316	-	Скрабы	Etude house	Казахстан	3д 20ч	9	1	8	89	1	8	89	0	0	0	0	0
Etude House Baking Powder Pore Cleansing Foam 160 ml белая	Пенка для умывания от черных точек Baking Powder 160ml	169198316	-	Скрабы	Etude house	Армения	12д 15ч	2	0	2	100	0	2	100	0	0	0	0	0
Etude House Baking Powder Pore Cleansing Foam 160 ml белая	Пенка для умывания от черных точек Baking Powder 160ml	169198316	-	Скрабы	Etude house	Кыргызстан	5д 23ч	1	0	1	100	0	1	100	0	0	0	0	0
LEBELAGE - High Protection Long Lasting Sun Cream SPF50+ PA+++ [30ml] N	Солнцезащитный крем СПФ 50 для лица и тела	238359757	-	Кремы	Lebelage	Дальневосточный и Сибирский	4д 22ч	200	2	198	99	2	198	99	0	0	0	0	0
LEBELAGE - High Protection Long Lasting Sun Cream SPF50+ PA+++ [30ml] N	Солнцезащитный крем СПФ 50 для лица и тела	238359757	-	Кремы	Lebelage	Северо-Западный	1д 20ч	122	41	81	66	41	81	66	0	0	0	0	0
LEBELAGE - High Protection Long Lasting Sun Cream SPF50+ PA+++ [30ml] N	Солнцезащитный крем СПФ 50 для лица и тела	238359757	-	Кремы	Lebelage	Уральский	2д 5ч	87	12	75	86	12	75	86	0	0	0	0	0
LEBELAGE - High Protection Long Lasting Sun Cream SPF50+ PA+++ [30ml] N	Солнцезащитный крем СПФ 50 для лица и тела	238359757	-	Кремы	Lebelage	Беларусь	1д 22ч	74	0	74	100	0	74	100	0	0	0	0	0
LEBELAGE - High Protection Long Lasting Sun Cream SPF50+ PA+++ [30ml] N	Солнцезащитный крем СПФ 50 для лица и тела	238359757	-	Кремы	Lebelage	Приволжский	1д 13ч	209	146	63	30	146	63	30	0	0	0	0	0
LEBELAGE - High Protection Long Lasting Sun Cream SPF50+ PA+++ [30ml] N	Солнцезащитный крем СПФ 50 для лица и тела	238359757	-	Кремы	Lebelage	Южный и Северо-Кавказский	1д 14ч	278	228	50	18	228	50	18	0	0	0	0	0
LEBELAGE - High Protection Long Lasting Sun Cream SPF50+ PA+++ [30ml] N	Солнцезащитный крем СПФ 50 для лица и тела	238359757	-	Кремы	Lebelage	Центральный	1д 5ч	429	381	48	11	381	48	11	0	0	0	0	0
LEBELAGE - High Protection Long Lasting Sun Cream SPF50+ PA+++ [30ml] N	Солнцезащитный крем СПФ 50 для лица и тела	238359757	-	Кремы	Lebelage	Казахстан	4д 17ч	30	1	29	97	1	29	97	0	0	0	0	0
LEBELAGE - High Protection Long Lasting Sun Cream SPF50+ PA+++ [30ml] N	Солнцезащитный крем СПФ 50 для лица и тела	238359757	-	Кремы	Lebelage	Армения	8д 14ч	8	2	6	75	2	6	75	0	0	0	0	0
LEBELAGE - High Protection Long Lasting Sun Cream SPF50+ PA+++ [30ml] N	Солнцезащитный крем СПФ 50 для лица и тела	238359757	-	Кремы	Lebelage	Кыргызстан	8д 23ч	6	0	6	100	0	6	100	0	0	0	0	0
LEBELAGE - High Protection Long Lasting Sun Cream SPF50+ PA+++ [30ml] N	Солнцезащитный крем СПФ 50 для лица и тела	238359757	-	Кремы	Lebelage	Таджикистан	5д 13ч	3	0	3	100	0	3	100	0	0	0	0	0
FARMSTAY - Collagen Water Full Shampoo & Conditioner [530ml]	Корейский шампунь для волос с коллагеном	207475898	-	Шампуни	Farm Stay	Дальневосточный и Сибирский	3д 14ч	242	0	242	100	0	242	100	0	0	0	0	0
FARMSTAY - Collagen Water Full Shampoo & Conditioner [530ml]	Корейский шампунь для волос с коллагеном	207475898	-	Шампуни	Farm Stay	Северо-Западный	1д 12ч	164	56	108	66	56	108	66	0	0	0	152	0
FARMSTAY - Collagen Water Full Shampoo & Conditioner [530ml]	Корейский шампунь для волос с коллагеном	207475898	-	Шампуни	Farm Stay	Центральный	1д 4ч	768	691	77	10	691	77	10	0	0	0	324	0
FARMSTAY - Collagen Water Full Shampoo & Conditioner [530ml]	Корейский шампунь для волос с коллагеном	207475898	-	Шампуни	Farm Stay	Приволжский	1д 8ч	240	169	71	30	169	71	30	0	0	0	46	0
FARMSTAY - Collagen Water Full Shampoo & Conditioner [530ml]	Корейский шампунь для волос с коллагеном	207475898	-	Шампуни	Farm Stay	Беларусь	1д 14ч	43	0	43	100	0	43	100	0	0	0	0	0
FARMSTAY - Collagen Water Full Shampoo & Conditioner [530ml]	Корейский шампунь для волос с коллагеном	207475898	-	Шампуни	Farm Stay	Уральский	1д 15ч	111	82	29	26	82	29	26	0	0	0	0	0
FARMSTAY - Collagen Water Full Shampoo & Conditioner [530ml]	Корейский шампунь для волос с коллагеном	207475898	-	Шампуни	Farm Stay	Южный и Северо-Кавказский	1д 10ч	356	340	16	4	340	16	4	0	0	0	128	0
FARMSTAY - Collagen Water Full Shampoo & Conditioner [530ml]	Корейский шампунь для волос с коллагеном	207475898	-	Шампуни	Farm Stay	Казахстан	6д 9ч	10	0	10	100	0	10	100	0	0	0	0	0
FARMSTAY - Collagen Water Full Shampoo & Conditioner [530ml]	Корейский шампунь для волос с коллагеном	207475898	-	Шампуни	Farm Stay	Армения	10д 20ч	2	0	2	100	0	2	100	0	0	0	0	0
ETUDE Baking Powder BB Deep Cleansing Foam 160 мл N	Очищающая пенка для снятия макияжа Baking Powder 160ml	307073881	-	Пенки	Etude house	Дальневосточный и Сибирский	6д 11ч	223	2	221	99	2	221	99	0	0	0	0	0
ETUDE Baking Powder BB Deep Cleansing Foam 160 мл N	Очищающая пенка для снятия макияжа Baking Powder 160ml	307073881	-	Пенки	Etude house	Северо-Западный	2д 4ч	79	7	72	91	7	72	91	0	0	0	0	0
ETUDE Baking Powder BB Deep Cleansing Foam 160 мл N	Очищающая пенка для снятия макияжа Baking Powder 160ml	307073881	-	Пенки	Etude house	Приволжский	1д 19ч	117	46	71	61	46	71	61	0	0	0	4	0
ETUDE Baking Powder BB Deep Cleansing Foam 160 мл N	Очищающая пенка для снятия макияжа Baking Powder 160ml	307073881	-	Пенки	Etude house	Уральский	2д 23ч	88	22	66	75	22	66	75	0	0	0	5	0
ETUDE Baking Powder BB Deep Cleansing Foam 160 мл N	Очищающая пенка для снятия макияжа Baking Powder 160ml	307073881	-	Пенки	Etude house	Южный и Северо-Кавказский	1д 16ч	229	172	57	25	172	57	25	0	0	0	1	0
ETUDE Baking Powder BB Deep Cleansing Foam 160 мл N	Очищающая пенка для снятия макияжа Baking Powder 160ml	307073881	-	Пенки	Etude house	Центральный	1д 7ч	268	225	43	16	225	43	16	0	0	0	3	0
ETUDE Baking Powder BB Deep Cleansing Foam 160 мл N	Очищающая пенка для снятия макияжа Baking Powder 160ml	307073881	-	Пенки	Etude house	Беларусь	1д 18ч	6	0	6	100	0	6	100	0	0	0	0	0
ETUDE Baking Powder BB Deep Cleansing Foam 160 мл N	Очищающая пенка для снятия макияжа Baking Powder 160ml	307073881	-	Пенки	Etude house	Казахстан	5д 7ч	6	0	6	100	0	6	100	0	0	0	0	0
ETUDE Baking Powder BB Deep Cleansing Foam 160 мл N	Очищающая пенка для снятия макияжа Baking Powder 160ml	307073881	-	Пенки	Etude house	Армения	6д 13ч	3	1	2	67	1	2	67	0	0	0	0	0
ETUDE Baking Powder BB Deep Cleansing Foam 160 мл N	Очищающая пенка для снятия макияжа Baking Powder 160ml	307073881	-	Пенки	Etude house	Грузия	8д 1ч	1	0	1	100	0	1	100	0	0	0	0	0
ETUDE Baking Powder BB Deep Cleansing Foam 160 мл N	Очищающая пенка для снятия макияжа Baking Powder 160ml	307073881	-	Пенки	Etude house	Кыргызстан	5д 15ч	1	0	1	100	0	1	100	0	0	0	0	0
manyo_bifida_biome_toner	Укрепляющий тоник для лица с бифидобактериями	205054338	-	Тоники	manyo	Северо-Западный	1д 23ч	136	13	123	90	13	123	90	0	0	0	0	0
manyo_bifida_biome_toner	Укрепляющий тоник для лица с бифидобактериями	205054338	-	Тоники	manyo	Южный и Северо-Кавказский	1д 21ч	269	166	103	38	166	103	38	0	0	0	1	0
manyo_bifida_biome_toner	Укрепляющий тоник для лица с бифидобактериями	205054338	-	Тоники	manyo	Дальневосточный и Сибирский	3д 3ч	90	1	89	99	1	89	99	0	0	0	0	0
manyo_bifida_biome_toner	Укрепляющий тоник для лица с бифидобактериями	205054338	-	Тоники	manyo	Центральный	1д 7ч	399	329	70	18	329	70	18	0	0	0	0	0
manyo_bifida_biome_toner	Укрепляющий тоник для лица с бифидобактериями	205054338	-	Тоники	manyo	Приволжский	1д 10ч	158	109	49	31	109	49	31	0	0	0	0	0
manyo_bifida_biome_toner	Укрепляющий тоник для лица с бифидобактериями	205054338	-	Тоники	manyo	Беларусь	1д 20ч	45	0	45	100	0	45	100	0	0	0	0	0
manyo_bifida_biome_toner	Укрепляющий тоник для лица с бифидобактериями	205054338	-	Тоники	manyo	Уральский	1д 22ч	61	36	25	41	36	25	41	0	0	0	0	0
manyo_bifida_biome_toner	Укрепляющий тоник для лица с бифидобактериями	205054338	-	Тоники	manyo	Казахстан	4д 21ч	8	0	8	100	0	8	100	0	0	0	0	0
manyo_bifida_biome_toner	Укрепляющий тоник для лица с бифидобактериями	205054338	-	Тоники	manyo	Армения	4д 6ч	5	2	3	60	2	3	60	0	0	0	0	0
manyo_bifida_biome_toner	Укрепляющий тоник для лица с бифидобактериями	205054338	-	Тоники	manyo	Грузия	7д 7ч	2	0	2	100	0	2	100	0	0	0	0	0
dm7dm10	Дед Мороз под елку 35 см	103431810	-	Фигурки и статуэтки	Дед Мороз Фигурка	Центральный	1д 21ч	174	45	129	74	45	129	74	0	0	0	0	0
dm7dm10	Дед Мороз под елку 35 см	103431810	-	Фигурки и статуэтки	Дед Мороз Фигурка	Приволжский	2д 8ч	121	18	103	85	18	103	85	0	0	0	0	0
dm7dm10	Дед Мороз под елку 35 см	103431810	-	Фигурки и статуэтки	Дед Мороз Фигурка	Дальневосточный и Сибирский	5д 12ч	99	6	93	94	6	93	94	0	0	0	0	0
dm7dm10	Дед Мороз под елку 35 см	103431810	-	Фигурки и статуэтки	Дед Мороз Фигурка	Северо-Западный	2д 14ч	61	1	60	98	1	60	98	0	0	0	0	0
dm7dm10	Дед Мороз под елку 35 см	103431810	-	Фигурки и статуэтки	Дед Мороз Фигурка	Беларусь	2д 21ч	61	2	59	97	2	59	97	0	0	0	0	0
dm7dm10	Дед Мороз под елку 35 см	103431810	-	Фигурки и статуэтки	Дед Мороз Фигурка	Уральский	3д 7ч	55	6	49	89	6	49	89	0	0	0	0	0
dm7dm10	Дед Мороз под елку 35 см	103431810	-	Фигурки и статуэтки	Дед Мороз Фигурка	Южный и Северо-Кавказский	1д 16ч	126	114	12	10	114	12	10	0	0	0	0	0
dm7dm10	Дед Мороз под елку 35 см	103431810	-	Фигурки и статуэтки	Дед Мороз Фигурка	Армения	18д 9ч	7	0	7	100	0	7	100	0	0	0	0	0
dm7dm10	Дед Мороз под елку 35 см	103431810	-	Фигурки и статуэтки	Дед Мороз Фигурка	Казахстан	5д 8ч	2	0	2	100	0	2	100	0	0	0	0	0
dm7dm10	Дед Мороз под елку 35 см	103431810	-	Фигурки и статуэтки	Дед Мороз Фигурка	Узбекистан	11д 16ч	1	0	1	100	0	1	100	0	0	0	0	0
Collagen_Enough_Moisture_Foundation_13	Увлажняющий тональный крем для лица матовый Collagen тон 13	150925321	-	Тональные кремы	ENOUGH	Дальневосточный и Сибирский	5д 4ч	195	2	193	99	2	193	99	0	0	0	0	0
Collagen_Enough_Moisture_Foundation_13	Увлажняющий тональный крем для лица матовый Collagen тон 13	150925321	-	Тональные кремы	ENOUGH	Приволжский	1д 17ч	205	117	88	43	117	88	43	0	0	0	187	0
Collagen_Enough_Moisture_Foundation_13	Увлажняющий тональный крем для лица матовый Collagen тон 13	150925321	-	Тональные кремы	ENOUGH	Уральский	2д 3ч	91	22	69	76	22	69	76	0	0	0	77	0
Collagen_Enough_Moisture_Foundation_13	Увлажняющий тональный крем для лица матовый Collagen тон 13	150925321	-	Тональные кремы	ENOUGH	Северо-Западный	2д 6ч	65	14	51	78	14	51	78	0	0	0	182	0
Collagen_Enough_Moisture_Foundation_13	Увлажняющий тональный крем для лица матовый Collagen тон 13	150925321	-	Тональные кремы	ENOUGH	Центральный	1д 8ч	339	294	45	13	294	45	13	0	0	0	497	0
Collagen_Enough_Moisture_Foundation_13	Увлажняющий тональный крем для лица матовый Collagen тон 13	150925321	-	Тональные кремы	ENOUGH	Беларусь	2д 1ч	32	0	32	100	0	32	100	0	0	0	0	0
Collagen_Enough_Moisture_Foundation_13	Увлажняющий тональный крем для лица матовый Collagen тон 13	150925321	-	Тональные кремы	ENOUGH	Армения	7д 18ч	15	3	12	80	3	12	80	0	0	0	0	0
Collagen_Enough_Moisture_Foundation_13	Увлажняющий тональный крем для лица матовый Collagen тон 13	150925321	-	Тональные кремы	ENOUGH	Казахстан	3д 14ч	12	1	11	92	1	11	92	0	0	0	0	0
Collagen_Enough_Moisture_Foundation_13	Увлажняющий тональный крем для лица матовый Collagen тон 13	150925321	-	Тональные кремы	ENOUGH	Грузия	4д 20ч	1	0	1	100	0	1	100	0	0	0	0	0
Collagen_Enough_Moisture_Foundation_13	Увлажняющий тональный крем для лица матовый Collagen тон 13	150925321	-	Тональные кремы	ENOUGH	Таджикистан	4д 22ч	1	0	1	100	0	1	100	0	0	0	0	0
Collagen_Enough_Moisture_Foundation_13	Увлажняющий тональный крем для лица матовый Collagen тон 13	150925321	-	Тональные кремы	ENOUGH	Южный и Северо-Кавказский	1д 9ч	244	243	1	0	243	1	0	0	0	0	30	0
Petitfee Black Pearl & Gold hydrogel Eye Patch	Патчи для глаз Корея антивозрастные жемчуг и золото	151175880	-	Патчи	Petitfee	Дальневосточный и Сибирский	4д 1ч	133	3	130	98	3	130	98	0	0	0	0	0
Petitfee Black Pearl & Gold hydrogel Eye Patch	Патчи для глаз Корея антивозрастные жемчуг и золото	151175880	-	Патчи	Petitfee	Северо-Западный	1д 20ч	128	39	89	70	39	89	70	0	0	0	0	0
Petitfee Black Pearl & Gold hydrogel Eye Patch	Патчи для глаз Корея антивозрастные жемчуг и золото	151175880	-	Патчи	Petitfee	Приволжский	1д 12ч	157	75	82	52	75	82	52	0	0	0	0	0
Petitfee Black Pearl & Gold hydrogel Eye Patch	Патчи для глаз Корея антивозрастные жемчуг и золото	151175880	-	Патчи	Petitfee	Уральский	2д 7ч	89	20	69	78	20	69	78	0	0	0	0	0
Petitfee Black Pearl & Gold hydrogel Eye Patch	Патчи для глаз Корея антивозрастные жемчуг и золото	151175880	-	Патчи	Petitfee	Беларусь	1д 15ч	43	0	43	100	0	43	100	0	0	0	0	0
Petitfee Black Pearl & Gold hydrogel Eye Patch	Патчи для глаз Корея антивозрастные жемчуг и золото	151175880	-	Патчи	Petitfee	Южный и Северо-Кавказский	1д 15ч	144	110	34	24	110	34	24	0	0	0	11	0
Petitfee Black Pearl & Gold hydrogel Eye Patch	Патчи для глаз Корея антивозрастные жемчуг и золото	151175880	-	Патчи	Petitfee	Центральный	1д 3ч	526	494	32	6	494	32	6	0	0	0	0	0
Petitfee Black Pearl & Gold hydrogel Eye Patch	Патчи для глаз Корея антивозрастные жемчуг и золото	151175880	-	Патчи	Petitfee	Казахстан	5д 12ч	12	0	12	100	0	12	100	0	0	0	0	0
Petitfee Black Pearl & Gold hydrogel Eye Patch	Патчи для глаз Корея антивозрастные жемчуг и золото	151175880	-	Патчи	Petitfee	Армения	12д 12ч	3	1	2	67	1	2	67	0	0	0	0	0
Petitfee Black Pearl & Gold hydrogel Eye Patch	Патчи для глаз Корея антивозрастные жемчуг и золото	151175880	-	Патчи	Petitfee	Узбекистан	7д 20ч	1	0	1	100	0	1	100	0	0	0	0	0
Enough Collagen Foundation Cover Up Ultra X10 13 тон	Тональный крем для лица увлажняющий матовый коллаген	170198835	-	Тональные кремы	ENOUGH	Дальневосточный и Сибирский	5д 5ч	129	3	126	98	3	126	98	0	0	0	0	0
Enough Collagen Foundation Cover Up Ultra X10 13 тон	Тональный крем для лица увлажняющий матовый коллаген	170198835	-	Тональные кремы	ENOUGH	Южный и Северо-Кавказский	1д 17ч	307	223	84	27	223	84	27	0	0	0	0	0
Enough Collagen Foundation Cover Up Ultra X10 13 тон	Тональный крем для лица увлажняющий матовый коллаген	170198835	-	Тональные кремы	ENOUGH	Приволжский	1д 13ч	161	93	68	42	93	68	42	0	0	0	0	0
Enough Collagen Foundation Cover Up Ultra X10 13 тон	Тональный крем для лица увлажняющий матовый коллаген	170198835	-	Тональные кремы	ENOUGH	Северо-Западный	1д 21ч	71	3	68	96	3	68	96	0	0	0	0	0
Enough Collagen Foundation Cover Up Ultra X10 13 тон	Тональный крем для лица увлажняющий матовый коллаген	170198835	-	Тональные кремы	ENOUGH	Уральский	2д 2ч	90	37	53	59	37	53	59	0	0	0	0	0
Enough Collagen Foundation Cover Up Ultra X10 13 тон	Тональный крем для лица увлажняющий матовый коллаген	170198835	-	Тональные кремы	ENOUGH	Беларусь	1д 19ч	48	0	48	100	0	48	100	0	0	0	0	0
Enough Collagen Foundation Cover Up Ultra X10 13 тон	Тональный крем для лица увлажняющий матовый коллаген	170198835	-	Тональные кремы	ENOUGH	Центральный	1д 6ч	246	224	22	9	224	22	9	0	0	0	0	0
Enough Collagen Foundation Cover Up Ultra X10 13 тон	Тональный крем для лица увлажняющий матовый коллаген	170198835	-	Тональные кремы	ENOUGH	Армения	8д 13ч	18	2	16	89	2	16	89	0	0	0	0	0
Enough Collagen Foundation Cover Up Ultra X10 13 тон	Тональный крем для лица увлажняющий матовый коллаген	170198835	-	Тональные кремы	ENOUGH	Казахстан	3д 15ч	6	0	6	100	0	6	100	0	0	0	0	0
Enough Collagen Foundation Cover Up Ultra X10 13 тон	Тональный крем для лица увлажняющий матовый коллаген	170198835	-	Тональные кремы	ENOUGH	Грузия	6д 21ч	1	0	1	100	0	1	100	0	0	0	0	0
FARMSTAY - Collagen Water Full Moist Cream [100g]	Увлажняющий крем для лица с коллагеном	207477077	-	Кремы	farmstay	Дальневосточный и Сибирский	5д 1ч	195	0	195	100	0	190	97	0	5	3	0	0
FARMSTAY - Collagen Water Full Moist Cream [100g]	Увлажняющий крем для лица с коллагеном	207477077	-	Кремы	farmstay	Уральский	2д 8ч	114	22	92	81	22	91	80	0	1	1	0	0
FARMSTAY - Collagen Water Full Moist Cream [100g]	Увлажняющий крем для лица с коллагеном	207477077	-	Кремы	farmstay	Приволжский	1д 16ч	154	94	60	39	94	57	37	0	3	2	0	0
FARMSTAY - Collagen Water Full Moist Cream [100g]	Увлажняющий крем для лица с коллагеном	207477077	-	Кремы	farmstay	Северо-Западный	1д 20ч	75	23	52	69	23	51	68	0	1	1	0	0
FARMSTAY - Collagen Water Full Moist Cream [100g]	Увлажняющий крем для лица с коллагеном	207477077	-	Кремы	farmstay	Беларусь	1д 22ч	24	0	24	100	0	22	92	0	2	8	0	0
FARMSTAY - Collagen Water Full Moist Cream [100g]	Увлажняющий крем для лица с коллагеном	207477077	-	Кремы	farmstay	Центральный	1д 5ч	357	335	22	6	327	22	6	8	0	0	219	0
FARMSTAY - Collagen Water Full Moist Cream [100g]	Увлажняющий крем для лица с коллагеном	207477077	-	Кремы	farmstay	Южный и Северо-Кавказский	1д 16ч	182	160	22	12	160	16	9	0	6	3	47	0
FARMSTAY - Collagen Water Full Moist Cream [100g]	Увлажняющий крем для лица с коллагеном	207477077	-	Кремы	farmstay	Казахстан	4д 15ч	10	0	10	100	0	10	100	0	0	0	0	0
FARMSTAY - Collagen Water Full Moist Cream [100g]	Увлажняющий крем для лица с коллагеном	207477077	-	Кремы	farmstay	Армения	12д 11ч	3	0	3	100	0	3	100	0	0	0	0	0
FARMSTAY - Collagen Water Full Moist Cream [100g]	Увлажняющий крем для лица с коллагеном	207477077	-	Кремы	farmstay	Грузия	7д 1ч	3	0	3	100	0	3	100	0	0	0	0	0
FARMSTAY - Collagen Water Full Moist Cream [100g]	Увлажняющий крем для лица с коллагеном	207477077	-	Кремы	farmstay	Кыргызстан	8д 3ч	3	0	3	100	0	3	100	0	0	0	0	0
sBotW120_100680843	Робот мойщик окон с распылением мощный	100680843	-	Роботы-стеклоочистители	SKL TECH	Беларусь	1д 16ч	141	0	141	100	0	141	100	0	0	0	0	0
sBotW120_100680843	Робот мойщик окон с распылением мощный	100680843	-	Роботы-стеклоочистители	SKL TECH	Дальневосточный и Сибирский	3д 22ч	143	3	140	98	3	140	98	0	0	0	0	0
sBotW120_100680843	Робот мойщик окон с распылением мощный	100680843	-	Роботы-стеклоочистители	SKL TECH	Приволжский	1д 14ч	169	90	79	47	90	79	47	0	0	0	0	0
sBotW120_100680843	Робот мойщик окон с распылением мощный	100680843	-	Роботы-стеклоочистители	SKL TECH	Уральский	2д 4ч	82	32	50	61	32	50	61	0	0	0	0	0
sBotW120_100680843	Робот мойщик окон с распылением мощный	100680843	-	Роботы-стеклоочистители	SKL TECH	Северо-Западный	1д 20ч	61	24	37	61	24	37	61	0	0	0	0	0
sBotW120_100680843	Робот мойщик окон с распылением мощный	100680843	-	Роботы-стеклоочистители	SKL TECH	Центральный	1д 8ч	358	342	16	4	342	16	4	0	0	0	0	0
sBotW120_100680843	Робот мойщик окон с распылением мощный	100680843	-	Роботы-стеклоочистители	SKL TECH	Южный и Северо-Кавказский	1д 15ч	63	54	9	14	54	9	14	0	0	0	0	0
sBotW120_100680843	Робот мойщик окон с распылением мощный	100680843	-	Роботы-стеклоочистители	SKL TECH	Казахстан	3д 14ч	4	0	4	100	0	4	100	0	0	0	0	0
sBotW120_100680843	Робот мойщик окон с распылением мощный	100680843	-	Роботы-стеклоочистители	SKL TECH	Армения	7д 10ч	2	0	2	100	0	2	100	0	0	0	0	0
FARMSTAY ESCARGOT NOBLESSE INTENSIVE AMPOULE	Сыворотка для лица увлажняющая c муцыном улитки	419630142	-	Сыворотки	Farm Stay	Дальневосточный и Сибирский	5д 7ч	181	2	179	99	2	179	99	0	0	0	0	0
FARMSTAY ESCARGOT NOBLESSE INTENSIVE AMPOULE	Сыворотка для лица увлажняющая c муцыном улитки	419630142	-	Сыворотки	Farm Stay	Приволжский	1д 14ч	157	82	75	48	82	75	48	0	0	0	29	0
FARMSTAY ESCARGOT NOBLESSE INTENSIVE AMPOULE	Сыворотка для лица увлажняющая c муцыном улитки	419630142	-	Сыворотки	Farm Stay	Южный и Северо-Кавказский	1д 17ч	200	149	51	26	149	51	26	0	0	0	38	0
FARMSTAY ESCARGOT NOBLESSE INTENSIVE AMPOULE	Сыворотка для лица увлажняющая c муцыном улитки	419630142	-	Сыворотки	Farm Stay	Северо-Западный	1д 15ч	85	35	50	59	35	50	59	0	0	0	46	0
FARMSTAY ESCARGOT NOBLESSE INTENSIVE AMPOULE	Сыворотка для лица увлажняющая c муцыном улитки	419630142	-	Сыворотки	Farm Stay	Уральский	1д 21ч	105	58	47	45	58	47	45	0	0	0	38	0
FARMSTAY ESCARGOT NOBLESSE INTENSIVE AMPOULE	Сыворотка для лица увлажняющая c муцыном улитки	419630142	-	Сыворотки	Farm Stay	Беларусь	1д 16ч	39	0	39	100	0	39	100	0	0	0	0	0
FARMSTAY ESCARGOT NOBLESSE INTENSIVE AMPOULE	Сыворотка для лица увлажняющая c муцыном улитки	419630142	-	Сыворотки	Farm Stay	Казахстан	3д 0ч	8	0	8	100	0	8	100	0	0	0	0	0
FARMSTAY ESCARGOT NOBLESSE INTENSIVE AMPOULE	Сыворотка для лица увлажняющая c муцыном улитки	419630142	-	Сыворотки	Farm Stay	Армения	6д 15ч	8	2	6	75	2	6	75	0	0	0	0	0
FARMSTAY ESCARGOT NOBLESSE INTENSIVE AMPOULE	Сыворотка для лица увлажняющая c муцыном улитки	419630142	-	Сыворотки	Farm Stay	Кыргызстан	6д 1ч	2	0	2	100	0	2	100	0	0	0	0	0
FARMSTAY ESCARGOT NOBLESSE INTENSIVE AMPOULE	Сыворотка для лица увлажняющая c муцыном улитки	419630142	-	Сыворотки	Farm Stay	Центральный	1д 3ч	295	293	2	1	293	2	1	0	0	0	69	0
FARMSTAY ESCARGOT NOBLESSE INTENSIVE AMPOULE	Сыворотка для лица увлажняющая c муцыном улитки	419630142	-	Сыворотки	Farm Stay	Грузия	9д 0ч	1	0	1	100	0	1	100	0	0	0	0	0
HEIMISH - All Clean Balm [120ml]	Гидрофильное масло бальзам для лица очищающее	207464799	-	Гидрофильные масла	Heimish	Дальневосточный и Сибирский	4д 14ч	129	0	129	100	0	129	100	0	0	0	0	0
HEIMISH - All Clean Balm [120ml]	Гидрофильное масло бальзам для лица очищающее	207464799	-	Гидрофильные масла	Heimish	Северо-Западный	2д 3ч	108	1	107	99	1	107	99	0	0	0	0	0
HEIMISH - All Clean Balm [120ml]	Гидрофильное масло бальзам для лица очищающее	207464799	-	Гидрофильные масла	Heimish	Беларусь	1д 19ч	72	0	72	100	0	72	100	0	0	0	0	0
HEIMISH - All Clean Balm [120ml]	Гидрофильное масло бальзам для лица очищающее	207464799	-	Гидрофильные масла	Heimish	Южный и Северо-Кавказский	1д 19ч	264	209	55	21	209	55	21	0	0	0	0	0
HEIMISH - All Clean Balm [120ml]	Гидрофильное масло бальзам для лица очищающее	207464799	-	Гидрофильные масла	Heimish	Уральский	2д 3ч	54	18	36	67	18	36	67	0	0	0	0	0
HEIMISH - All Clean Balm [120ml]	Гидрофильное масло бальзам для лица очищающее	207464799	-	Гидрофильные масла	Heimish	Центральный	1д 4ч	323	294	29	9	294	29	9	0	0	0	0	0
HEIMISH - All Clean Balm [120ml]	Гидрофильное масло бальзам для лица очищающее	207464799	-	Гидрофильные масла	Heimish	Приволжский	1д 7ч	124	109	15	12	109	15	12	0	0	0	0	0
HEIMISH - All Clean Balm [120ml]	Гидрофильное масло бальзам для лица очищающее	207464799	-	Гидрофильные масла	Heimish	Казахстан	4д 12ч	9	1	8	89	1	8	89	0	0	0	0	0
HEIMISH - All Clean Balm [120ml]	Гидрофильное масло бальзам для лица очищающее	207464799	-	Гидрофильные масла	Heimish	Армения	8д 3ч	4	0	4	100	0	4	100	0	0	0	0	0
HEIMISH - All Clean Balm [120ml]	Гидрофильное масло бальзам для лица очищающее	207464799	-	Гидрофильные масла	Heimish	Грузия	6д 12ч	1	0	1	100	0	1	100	0	0	0	0	0
ROUND LAB BIRCH JUICE MOISTURIZING CLEANSER_150ml	Гель для умывания лица увлажняющий Корея	437203627	-	Пенки	round lab	Дальневосточный и Сибирский	6д 19ч	190	7	183	96	7	183	96	0	0	0	0	0
ROUND LAB BIRCH JUICE MOISTURIZING CLEANSER_150ml	Гель для умывания лица увлажняющий Корея	437203627	-	Пенки	round lab	Приволжский	1д 22ч	79	14	65	82	14	65	82	0	0	0	0	0
ROUND LAB BIRCH JUICE MOISTURIZING CLEANSER_150ml	Гель для умывания лица увлажняющий Корея	437203627	-	Пенки	round lab	Северо-Западный	2д 12ч	58	0	58	100	0	58	100	0	0	0	0	0
ROUND LAB BIRCH JUICE MOISTURIZING CLEANSER_150ml	Гель для умывания лица увлажняющий Корея	437203627	-	Пенки	round lab	Уральский	2д 20ч	67	23	44	66	23	44	66	0	0	0	0	0
ROUND LAB BIRCH JUICE MOISTURIZING CLEANSER_150ml	Гель для умывания лица увлажняющий Корея	437203627	-	Пенки	round lab	Южный и Северо-Кавказский	1д 20ч	104	64	40	38	64	40	38	0	0	0	0	0
ROUND LAB BIRCH JUICE MOISTURIZING CLEANSER_150ml	Гель для умывания лица увлажняющий Корея	437203627	-	Пенки	round lab	Центральный	1д 8ч	125	104	21	17	104	21	17	0	0	0	0	0
ROUND LAB BIRCH JUICE MOISTURIZING CLEANSER_150ml	Гель для умывания лица увлажняющий Корея	437203627	-	Пенки	round lab	Беларусь	1д 22ч	20	0	20	100	0	20	100	0	0	0	0	0
ROUND LAB BIRCH JUICE MOISTURIZING CLEANSER_150ml	Гель для умывания лица увлажняющий Корея	437203627	-	Пенки	round lab	Казахстан	5д 0ч	12	0	12	100	0	12	100	0	0	0	0	0
ROUND LAB BIRCH JUICE MOISTURIZING CLEANSER_150ml	Гель для умывания лица увлажняющий Корея	437203627	-	Пенки	round lab	Таджикистан	7д 9ч	2	0	2	100	0	2	100	0	0	0	0	0
ROUND LAB BIRCH JUICE MOISTURIZING CLEANSER_150ml	Гель для умывания лица увлажняющий Корея	437203627	-	Пенки	round lab	Грузия	-	1	0	1	100	0	1	100	0	0	0	0	0
ROUND LAB BIRCH JUICE MOISTURIZING CLEANSER_150ml	Гель для умывания лица увлажняющий Корея	437203627	-	Пенки	round lab	Кыргызстан	8д 13ч	1	0	1	100	0	1	100	0	0	0	0	0
ROUND LAB MUGWORT CALMING CLEANSER_150ml	Очищающая пенка для умывания лица от прыщей и акне Корея	437242640	-	Пенки	round lab	Дальневосточный и Сибирский	6д 5ч	214	7	207	97	7	207	97	0	0	0	0	0
ROUND LAB MUGWORT CALMING CLEANSER_150ml	Очищающая пенка для умывания лица от прыщей и акне Корея	437242640	-	Пенки	round lab	Северо-Западный	1д 23ч	74	21	53	72	21	53	72	0	0	0	48	0
ROUND LAB MUGWORT CALMING CLEANSER_150ml	Очищающая пенка для умывания лица от прыщей и акне Корея	437242640	-	Пенки	round lab	Приволжский	1д 14ч	98	50	48	49	50	48	49	0	0	0	118	0
ROUND LAB MUGWORT CALMING CLEANSER_150ml	Очищающая пенка для умывания лица от прыщей и акне Корея	437242640	-	Пенки	round lab	Южный и Северо-Кавказский	1д 18ч	150	108	42	28	108	42	28	0	0	0	2	0
ROUND LAB MUGWORT CALMING CLEANSER_150ml	Очищающая пенка для умывания лица от прыщей и акне Корея	437242640	-	Пенки	round lab	Уральский	2д 20ч	55	15	40	73	15	40	73	0	0	0	61	0
ROUND LAB MUGWORT CALMING CLEANSER_150ml	Очищающая пенка для умывания лица от прыщей и акне Корея	437242640	-	Пенки	round lab	Центральный	1д 6ч	188	159	29	15	159	29	15	0	0	0	285	0
ROUND LAB MUGWORT CALMING CLEANSER_150ml	Очищающая пенка для умывания лица от прыщей и акне Корея	437242640	-	Пенки	round lab	Беларусь	2д 0ч	14	0	14	100	0	14	100	0	0	0	0	0
ROUND LAB MUGWORT CALMING CLEANSER_150ml	Очищающая пенка для умывания лица от прыщей и акне Корея	437242640	-	Пенки	round lab	Казахстан	5д 0ч	9	0	9	100	0	9	100	0	0	0	0	0
ROUND LAB MUGWORT CALMING CLEANSER_150ml	Очищающая пенка для умывания лица от прыщей и акне Корея	437242640	-	Пенки	round lab	Армения	13д 13ч	3	0	3	100	0	3	100	0	0	0	0	0
EKEL Ampoule Cream Collagen [50ml]	Ампульный крем для лица с коллагеном	207479264	-	Кремы	EKEL	Дальневосточный и Сибирский	4д 23ч	110	0	110	100	0	110	100	0	0	0	0	0
EKEL Ampoule Cream Collagen [50ml]	Ампульный крем для лица с коллагеном	207479264	-	Кремы	EKEL	Приволжский	1д 23ч	103	7	96	93	7	96	93	0	0	0	0	0
EKEL Ampoule Cream Collagen [50ml]	Ампульный крем для лица с коллагеном	207479264	-	Кремы	EKEL	Северо-Западный	2д 6ч	79	0	79	100	0	79	100	0	0	0	0	0
EKEL Ampoule Cream Collagen [50ml]	Ампульный крем для лица с коллагеном	207479264	-	Кремы	EKEL	Южный и Северо-Кавказский	1д 20ч	139	90	49	35	90	49	35	0	0	0	0	0
EKEL Ampoule Cream Collagen [50ml]	Ампульный крем для лица с коллагеном	207479264	-	Кремы	EKEL	Уральский	2д 4ч	60	18	42	70	18	42	70	0	0	0	0	0
EKEL Ampoule Cream Collagen [50ml]	Ампульный крем для лица с коллагеном	207479264	-	Кремы	EKEL	Беларусь	1д 22ч	31	0	31	100	0	31	100	0	0	0	0	0
EKEL Ampoule Cream Collagen [50ml]	Ампульный крем для лица с коллагеном	207479264	-	Кремы	EKEL	Центральный	1д 11ч	301	271	30	10	271	30	10	0	0	0	0	0
EKEL Ampoule Cream Collagen [50ml]	Ампульный крем для лица с коллагеном	207479264	-	Кремы	EKEL	Казахстан	4д 15ч	4	0	4	100	0	4	100	0	0	0	0	0
EKEL Ampoule Cream Collagen [50ml]	Ампульный крем для лица с коллагеном	207479264	-	Кремы	EKEL	Армения	9д 15ч	1	0	1	100	0	1	100	0	0	0	0	0
Elizavecca Hell-Pore Control Hyaluronic Acid 97%	Сыворотка для лица увлажняющая с гиалуроновой кислотой	154163936	-	Сыворотки	Elizavecca	Южный и Северо-Кавказский	2д 8ч	113	3	110	97	3	110	97	0	0	0	0	0
Elizavecca Hell-Pore Control Hyaluronic Acid 97%	Сыворотка для лица увлажняющая с гиалуроновой кислотой	154163936	-	Сыворотки	Elizavecca	Дальневосточный и Сибирский	4д 18ч	109	1	108	99	1	108	99	0	0	0	0	0
Elizavecca Hell-Pore Control Hyaluronic Acid 97%	Сыворотка для лица увлажняющая с гиалуроновой кислотой	154163936	-	Сыворотки	Elizavecca	Северо-Западный	2д 2ч	69	0	69	100	0	69	100	0	0	0	0	0
Elizavecca Hell-Pore Control Hyaluronic Acid 97%	Сыворотка для лица увлажняющая с гиалуроновой кислотой	154163936	-	Сыворотки	Elizavecca	Приволжский	1д 16ч	94	37	57	61	37	57	61	0	0	0	0	0
Elizavecca Hell-Pore Control Hyaluronic Acid 97%	Сыворотка для лица увлажняющая с гиалуроновой кислотой	154163936	-	Сыворотки	Elizavecca	Уральский	2д 0ч	64	22	42	66	22	42	66	0	0	0	0	0
Elizavecca Hell-Pore Control Hyaluronic Acid 97%	Сыворотка для лица увлажняющая с гиалуроновой кислотой	154163936	-	Сыворотки	Elizavecca	Центральный	1д 8ч	205	185	20	10	185	20	10	0	0	0	0	0
Elizavecca Hell-Pore Control Hyaluronic Acid 97%	Сыворотка для лица увлажняющая с гиалуроновой кислотой	154163936	-	Сыворотки	Elizavecca	Беларусь	1д 15ч	12	0	12	100	0	12	100	0	0	0	0	0
Elizavecca Hell-Pore Control Hyaluronic Acid 97%	Сыворотка для лица увлажняющая с гиалуроновой кислотой	154163936	-	Сыворотки	Elizavecca	Армения	4д 18ч	13	2	11	85	2	11	85	0	0	0	0	0
Elizavecca Hell-Pore Control Hyaluronic Acid 97%	Сыворотка для лица увлажняющая с гиалуроновой кислотой	154163936	-	Сыворотки	Elizavecca	Казахстан	4д 23ч	7	0	7	100	0	7	100	0	0	0	0	0
Elizavecca Hell-Pore Control Hyaluronic Acid 97%	Сыворотка для лица увлажняющая с гиалуроновой кислотой	154163936	-	Сыворотки	Elizavecca	Грузия	6д 12ч	1	0	1	100	0	1	100	0	0	0	0	0
Elizavecca Hell-Pore Control Hyaluronic Acid 97%	Сыворотка для лица увлажняющая с гиалуроновой кислотой	154163936	-	Сыворотки	Elizavecca	Кыргызстан	6д 11ч	1	0	1	100	0	1	100	0	0	0	0	0
Elizavecca Hell-Pore Control Hyaluronic Acid 97%	Сыворотка для лица увлажняющая с гиалуроновой кислотой	154163936	-	Сыворотки	Elizavecca	Таджикистан	9д 21ч	1	0	1	100	0	1	100	0	0	0	0	0
JIGOTT - Daily Real Cica Toner [300ml]	Корейский тонер для лица увлажняющий с центеллой	212757456	-	Тоники	Jigott	Центральный	1д 11ч	342	257	85	25	257	85	25	0	0	0	50	0
JIGOTT - Daily Real Cica Toner [300ml]	Корейский тонер для лица увлажняющий с центеллой	212757456	-	Тоники	Jigott	Дальневосточный и Сибирский	4д 12ч	80	1	79	99	1	79	99	0	0	0	0	0
JIGOTT - Daily Real Cica Toner [300ml]	Корейский тонер для лица увлажняющий с центеллой	212757456	-	Тоники	Jigott	Приволжский	1д 23ч	132	53	79	60	53	79	60	0	0	0	5	0
JIGOTT - Daily Real Cica Toner [300ml]	Корейский тонер для лица увлажняющий с центеллой	212757456	-	Тоники	Jigott	Северо-Западный	2д 12ч	89	18	71	80	18	71	80	0	0	0	0	0
JIGOTT - Daily Real Cica Toner [300ml]	Корейский тонер для лица увлажняющий с центеллой	212757456	-	Тоники	Jigott	Беларусь	2д 6ч	44	0	44	100	0	44	100	0	0	0	0	0
JIGOTT - Daily Real Cica Toner [300ml]	Корейский тонер для лица увлажняющий с центеллой	212757456	-	Тоники	Jigott	Уральский	2д 4ч	57	24	33	58	24	33	58	0	0	0	99	0
JIGOTT - Daily Real Cica Toner [300ml]	Корейский тонер для лица увлажняющий с центеллой	212757456	-	Тоники	Jigott	Южный и Северо-Кавказский	1д 13ч	196	169	27	14	169	27	14	0	0	0	0	0
JIGOTT - Daily Real Cica Toner [300ml]	Корейский тонер для лица увлажняющий с центеллой	212757456	-	Тоники	Jigott	Армения	14д 15ч	4	0	4	100	0	4	100	0	0	0	0	0
JIGOTT - Daily Real Cica Toner [300ml]	Корейский тонер для лица увлажняющий с центеллой	212757456	-	Тоники	Jigott	Казахстан	5д 1ч	4	0	4	100	0	4	100	0	0	0	0	0
JIGOTT - Daily Real Cica Toner [300ml]	Корейский тонер для лица увлажняющий с центеллой	212757456	-	Тоники	Jigott	Грузия	7д 20ч	3	0	3	100	0	3	100	0	0	0	0	0
ELIZAVECCA - Aqua Hyaluronic Acid Water Drop Cream	Крем для лица Aqua Hyaluronic Acid Water Drop	207796563	-	Кремы	Elizavecca	Дальневосточный и Сибирский	5д 10ч	115	1	114	99	1	114	99	0	0	0	0	0
ELIZAVECCA - Aqua Hyaluronic Acid Water Drop Cream	Крем для лица Aqua Hyaluronic Acid Water Drop	207796563	-	Кремы	Elizavecca	Северо-Западный	1д 20ч	76	3	73	96	3	73	96	0	0	0	0	0
ELIZAVECCA - Aqua Hyaluronic Acid Water Drop Cream	Крем для лица Aqua Hyaluronic Acid Water Drop	207796563	-	Кремы	Elizavecca	Уральский	2д 11ч	61	3	58	95	3	58	95	0	0	0	2	0
ELIZAVECCA - Aqua Hyaluronic Acid Water Drop Cream	Крем для лица Aqua Hyaluronic Acid Water Drop	207796563	-	Кремы	Elizavecca	Приволжский	1д 14ч	137	84	53	39	84	53	39	0	0	0	7	0
ELIZAVECCA - Aqua Hyaluronic Acid Water Drop Cream	Крем для лица Aqua Hyaluronic Acid Water Drop	207796563	-	Кремы	Elizavecca	Беларусь	1д 18ч	40	0	40	100	0	40	100	0	0	0	0	0
ELIZAVECCA - Aqua Hyaluronic Acid Water Drop Cream	Крем для лица Aqua Hyaluronic Acid Water Drop	207796563	-	Кремы	Elizavecca	Центральный	1д 4ч	270	236	34	13	236	34	13	0	0	0	55	0
ELIZAVECCA - Aqua Hyaluronic Acid Water Drop Cream	Крем для лица Aqua Hyaluronic Acid Water Drop	207796563	-	Кремы	Elizavecca	Южный и Северо-Кавказский	1д 18ч	138	105	33	24	105	33	24	0	0	0	1	0
ELIZAVECCA - Aqua Hyaluronic Acid Water Drop Cream	Крем для лица Aqua Hyaluronic Acid Water Drop	207796563	-	Кремы	Elizavecca	Казахстан	5д 7ч	6	0	6	100	0	6	100	0	0	0	0	0
ELIZAVECCA - Aqua Hyaluronic Acid Water Drop Cream	Крем для лица Aqua Hyaluronic Acid Water Drop	207796563	-	Кремы	Elizavecca	Армения	6д 16ч	4	0	4	100	0	4	100	0	0	0	0	0
ELIZAVECCA - Aqua Hyaluronic Acid Water Drop Cream	Крем для лица Aqua Hyaluronic Acid Water Drop	207796563	-	Кремы	Elizavecca	Кыргызстан	7д 6ч	2	0	2	100	0	2	100	0	0	0	0	0
THE SAEM Saemmul Perfect Curling Mascara [8ml]	Тушь для ресниц Корея подкручивающая	214312837	-	Туши	THE SAEM	Дальневосточный и Сибирский	4д 21ч	134	2	132	99	2	132	99	0	0	0	0	0
THE SAEM Saemmul Perfect Curling Mascara [8ml]	Тушь для ресниц Корея подкручивающая	214312837	-	Туши	THE SAEM	Северо-Западный	2д 8ч	118	1	117	99	1	117	99	0	0	0	0	0
THE SAEM Saemmul Perfect Curling Mascara [8ml]	Тушь для ресниц Корея подкручивающая	214312837	-	Туши	THE SAEM	Уральский	2д 3ч	92	39	53	58	39	53	58	0	0	0	0	0
THE SAEM Saemmul Perfect Curling Mascara [8ml]	Тушь для ресниц Корея подкручивающая	214312837	-	Туши	THE SAEM	Приволжский	1д 12ч	163	117	46	28	117	46	28	0	0	0	0	0
THE SAEM Saemmul Perfect Curling Mascara [8ml]	Тушь для ресниц Корея подкручивающая	214312837	-	Туши	THE SAEM	Центральный	1д 11ч	287	253	34	12	253	34	12	0	0	0	0	0
THE SAEM Saemmul Perfect Curling Mascara [8ml]	Тушь для ресниц Корея подкручивающая	214312837	-	Туши	THE SAEM	Беларусь	1д 17ч	19	0	19	100	0	19	100	0	0	0	0	0
THE SAEM Saemmul Perfect Curling Mascara [8ml]	Тушь для ресниц Корея подкручивающая	214312837	-	Туши	THE SAEM	Казахстан	6д 18ч	4	0	4	100	0	4	100	0	0	0	0	0
THE SAEM Saemmul Perfect Curling Mascara [8ml]	Тушь для ресниц Корея подкручивающая	214312837	-	Туши	THE SAEM	Армения	10д 19ч	1	0	1	100	0	1	100	0	0	0	0	0
THE SAEM Saemmul Perfect Curling Mascara [8ml]	Тушь для ресниц Корея подкручивающая	214312837	-	Туши	THE SAEM	Южный и Северо-Кавказский	1д 9ч	131	131	0	0	131	0	0	0	0	0	0	0
sBotW100_100680844	Робот мойщик окон мощный	100680844	-	Роботы-стеклоочистители	SKL TECH	Беларусь	1д 22ч	120	1	119	99	1	119	99	0	0	0	0	0
sBotW100_100680844	Робот мойщик окон мощный	100680844	-	Роботы-стеклоочистители	SKL TECH	Дальневосточный и Сибирский	4д 6ч	84	0	84	100	0	84	100	0	0	0	0	0
sBotW100_100680844	Робот мойщик окон мощный	100680844	-	Роботы-стеклоочистители	SKL TECH	Приволжский	1д 16ч	118	42	76	64	42	76	64	0	0	0	0	0
sBotW100_100680844	Робот мойщик окон мощный	100680844	-	Роботы-стеклоочистители	SKL TECH	Южный и Северо-Кавказский	1д 23ч	57	23	34	60	23	34	60	0	0	0	0	0
sBotW100_100680844	Робот мойщик окон мощный	100680844	-	Роботы-стеклоочистители	SKL TECH	Уральский	1д 22ч	42	12	30	71	12	30	71	0	0	0	0	0
sBotW100_100680844	Робот мойщик окон мощный	100680844	-	Роботы-стеклоочистители	SKL TECH	Северо-Западный	1д 22ч	33	5	28	85	5	28	85	0	0	0	0	0
sBotW100_100680844	Робот мойщик окон мощный	100680844	-	Роботы-стеклоочистители	SKL TECH	Центральный	1д 6ч	169	146	23	14	146	23	14	0	0	0	0	0
sBotW100_100680844	Робот мойщик окон мощный	100680844	-	Роботы-стеклоочистители	SKL TECH	Казахстан	5д 16ч	7	0	7	100	0	7	100	0	0	0	0	0
sBotW100_100680844	Робот мойщик окон мощный	100680844	-	Роботы-стеклоочистители	SKL TECH	Армения	8д 6ч	1	0	1	100	0	1	100	0	0	0	0	0
sBotW100_100680844	Робот мойщик окон мощный	100680844	-	Роботы-стеклоочистители	SKL TECH	Кыргызстан	6д 17ч	1	0	1	100	0	1	100	0	0	0	0	0
Enough Collagen Whitening Moisture Cream 3in1 50 N	Корейский крем для лица отбеливающий 3в1 коллаген	238416010	-	Кремы	ENOUGH	Дальневосточный и Сибирский	5д 0ч	191	5	186	97	5	186	97	0	0	0	0	0
Enough Collagen Whitening Moisture Cream 3in1 50 N	Корейский крем для лица отбеливающий 3в1 коллаген	238416010	-	Кремы	ENOUGH	Северо-Западный	2д 3ч	64	5	59	92	5	59	92	0	0	0	104	0
Enough Collagen Whitening Moisture Cream 3in1 50 N	Корейский крем для лица отбеливающий 3в1 коллаген	238416010	-	Кремы	ENOUGH	Беларусь	2д 0ч	31	0	31	100	0	31	100	0	0	0	0	0
Enough Collagen Whitening Moisture Cream 3in1 50 N	Корейский крем для лица отбеливающий 3в1 коллаген	238416010	-	Кремы	ENOUGH	Центральный	1д 7ч	255	225	30	12	225	30	12	0	0	0	38	0
Enough Collagen Whitening Moisture Cream 3in1 50 N	Корейский крем для лица отбеливающий 3в1 коллаген	238416010	-	Кремы	ENOUGH	Уральский	2д 2ч	55	32	23	42	32	23	42	0	0	0	49	0
Enough Collagen Whitening Moisture Cream 3in1 50 N	Корейский крем для лица отбеливающий 3в1 коллаген	238416010	-	Кремы	ENOUGH	Южный и Северо-Кавказский	1д 12ч	266	245	21	8	245	21	8	0	0	0	39	0
Enough Collagen Whitening Moisture Cream 3in1 50 N	Корейский крем для лица отбеливающий 3в1 коллаген	238416010	-	Кремы	ENOUGH	Казахстан	3д 22ч	20	0	20	100	0	20	100	0	0	0	1	0
Enough Collagen Whitening Moisture Cream 3in1 50 N	Корейский крем для лица отбеливающий 3в1 коллаген	238416010	-	Кремы	ENOUGH	Приволжский	1д 11ч	115	99	16	14	99	16	14	0	0	0	34	0
Enough Collagen Whitening Moisture Cream 3in1 50 N	Корейский крем для лица отбеливающий 3в1 коллаген	238416010	-	Кремы	ENOUGH	Армения	9д 14ч	7	0	7	100	0	7	100	0	0	0	0	0
Enough Collagen Whitening Moisture Cream 3in1 50 N	Корейский крем для лица отбеливающий 3в1 коллаген	238416010	-	Кремы	ENOUGH	Кыргызстан	7д 8ч	2	0	2	100	0	2	100	0	0	0	0	0
JIGOTT - Moisture Real Aloe Vera Toner [300ml]	Корейский успокаивающий тонер с алоэ	212759698	-	Тоники	Jigott	Дальневосточный и Сибирский	3д 19ч	136	0	136	100	0	136	100	0	0	0	0	0
JIGOTT - Moisture Real Aloe Vera Toner [300ml]	Корейский успокаивающий тонер с алоэ	212759698	-	Тоники	Jigott	Южный и Северо-Кавказский	1д 18ч	173	108	65	38	108	65	38	0	0	0	0	0
JIGOTT - Moisture Real Aloe Vera Toner [300ml]	Корейский успокаивающий тонер с алоэ	212759698	-	Тоники	Jigott	Северо-Западный	1д 22ч	70	6	64	91	6	64	91	0	0	0	0	0
JIGOTT - Moisture Real Aloe Vera Toner [300ml]	Корейский успокаивающий тонер с алоэ	212759698	-	Тоники	Jigott	Приволжский	1д 11ч	122	73	49	40	73	49	40	0	0	0	0	0
JIGOTT - Moisture Real Aloe Vera Toner [300ml]	Корейский успокаивающий тонер с алоэ	212759698	-	Тоники	Jigott	Центральный	1д 6ч	242	212	30	12	212	30	12	0	0	0	0	0
JIGOTT - Moisture Real Aloe Vera Toner [300ml]	Корейский успокаивающий тонер с алоэ	212759698	-	Тоники	Jigott	Беларусь	2д 0ч	26	0	26	100	0	26	100	0	0	0	0	0
JIGOTT - Moisture Real Aloe Vera Toner [300ml]	Корейский успокаивающий тонер с алоэ	212759698	-	Тоники	Jigott	Уральский	1д 11ч	41	25	16	39	25	16	39	0	0	0	0	0
JIGOTT - Moisture Real Aloe Vera Toner [300ml]	Корейский успокаивающий тонер с алоэ	212759698	-	Тоники	Jigott	Казахстан	4д 9ч	5	0	5	100	0	5	100	0	0	0	0	0
JIGOTT - Moisture Real Aloe Vera Toner [300ml]	Корейский успокаивающий тонер с алоэ	212759698	-	Тоники	Jigott	Армения	7д 4ч	3	0	3	100	0	3	100	0	0	0	0	0
CELIMAX JI WOO GAE CICA BHA BLEMISH TONER PAD_10EA [30ml]	Успокаивающие тонер пэды для лица с кислотами	551600265	-	Пэды косметические	Celimax	Приволжский	1д 21ч	113	30	83	73	30	83	73	0	0	0	0	0
CELIMAX JI WOO GAE CICA BHA BLEMISH TONER PAD_10EA [30ml]	Успокаивающие тонер пэды для лица с кислотами	551600265	-	Пэды косметические	Celimax	Дальневосточный и Сибирский	5д 9ч	71	4	67	94	4	67	94	0	0	0	0	0
CELIMAX JI WOO GAE CICA BHA BLEMISH TONER PAD_10EA [30ml]	Успокаивающие тонер пэды для лица с кислотами	551600265	-	Пэды косметические	Celimax	Южный и Северо-Кавказский	2д 1ч	118	55	63	53	55	63	53	0	0	0	27	0
CELIMAX JI WOO GAE CICA BHA BLEMISH TONER PAD_10EA [30ml]	Успокаивающие тонер пэды для лица с кислотами	551600265	-	Пэды косметические	Celimax	Северо-Западный	2д 8ч	57	3	54	95	3	54	95	0	0	0	18	0
CELIMAX JI WOO GAE CICA BHA BLEMISH TONER PAD_10EA [30ml]	Успокаивающие тонер пэды для лица с кислотами	551600265	-	Пэды косметические	Celimax	Центральный	1д 12ч	165	119	46	28	119	46	28	0	0	0	64	0
CELIMAX JI WOO GAE CICA BHA BLEMISH TONER PAD_10EA [30ml]	Успокаивающие тонер пэды для лица с кислотами	551600265	-	Пэды косметические	Celimax	Уральский	2д 11ч	53	12	41	77	12	41	77	0	0	0	19	0
CELIMAX JI WOO GAE CICA BHA BLEMISH TONER PAD_10EA [30ml]	Успокаивающие тонер пэды для лица с кислотами	551600265	-	Пэды косметические	Celimax	Беларусь	2д 1ч	22	0	22	100	0	22	100	0	0	0	0	0
CELIMAX JI WOO GAE CICA BHA BLEMISH TONER PAD_10EA [30ml]	Успокаивающие тонер пэды для лица с кислотами	551600265	-	Пэды косметические	Celimax	Казахстан	2д 21ч	8	1	7	88	1	7	88	0	0	0	0	0
CELIMAX JI WOO GAE CICA BHA BLEMISH TONER PAD_10EA [30ml]	Успокаивающие тонер пэды для лица с кислотами	551600265	-	Пэды косметические	Celimax	Армения	11д 7ч	3	0	3	100	0	3	100	0	0	0	0	0
CELIMAX JI WOO GAE CICA BHA BLEMISH TONER PAD_10EA [30ml]	Успокаивающие тонер пэды для лица с кислотами	551600265	-	Пэды косметические	Celimax	Кыргызстан	6д 18ч	1	0	1	100	0	1	100	0	0	0	0	0
Petitfee Artichoke Soothing Hydrogel Eye Mask	Патчи под глаза гидрогелевые с артишоком	179611278	-	Патчи	Petitfee	Дальневосточный и Сибирский	5д 3ч	111	0	111	100	0	111	100	0	0	0	0	0
Petitfee Artichoke Soothing Hydrogel Eye Mask	Патчи под глаза гидрогелевые с артишоком	179611278	-	Патчи	Petitfee	Центральный	1д 10ч	259	191	68	26	191	68	26	0	0	0	16	0
Petitfee Artichoke Soothing Hydrogel Eye Mask	Патчи под глаза гидрогелевые с артишоком	179611278	-	Патчи	Petitfee	Северо-Западный	2д 8ч	54	0	54	100	0	54	100	0	0	0	0	0
Petitfee Artichoke Soothing Hydrogel Eye Mask	Патчи под глаза гидрогелевые с артишоком	179611278	-	Патчи	Petitfee	Приволжский	1д 18ч	108	55	53	49	55	53	49	0	0	0	23	0
Petitfee Artichoke Soothing Hydrogel Eye Mask	Патчи под глаза гидрогелевые с артишоком	179611278	-	Патчи	Petitfee	Южный и Северо-Кавказский	1д 19ч	97	49	48	49	49	48	49	0	0	0	52	0
Petitfee Artichoke Soothing Hydrogel Eye Mask	Патчи под глаза гидрогелевые с артишоком	179611278	-	Патчи	Petitfee	Уральский	2д 5ч	37	17	20	54	17	20	54	0	0	0	16	0
Petitfee Artichoke Soothing Hydrogel Eye Mask	Патчи под глаза гидрогелевые с артишоком	179611278	-	Патчи	Petitfee	Беларусь	1д 23ч	19	0	19	100	0	19	100	0	0	0	0	0
Petitfee Artichoke Soothing Hydrogel Eye Mask	Патчи под глаза гидрогелевые с артишоком	179611278	-	Патчи	Petitfee	Казахстан	6д 8ч	3	0	3	100	0	3	100	0	0	0	0	0
Petitfee Artichoke Soothing Hydrogel Eye Mask	Патчи под глаза гидрогелевые с артишоком	179611278	-	Патчи	Petitfee	Армения	7д 12ч	1	0	1	100	0	1	100	0	0	0	0	0
PETITFEE - Agave Cooling Hydrogel Face Mask [5pcs]	Корейские гидрогелевые маски для лица охлаждающие с агавой	226115324	-	Маски гидрогелевые	Petitfee	Дальневосточный и Сибирский	5д 11ч	135	3	132	98	3	132	98	0	0	0	0	0
PETITFEE - Agave Cooling Hydrogel Face Mask [5pcs]	Корейские гидрогелевые маски для лица охлаждающие с агавой	226115324	-	Маски гидрогелевые	Petitfee	Северо-Западный	1д 23ч	70	13	57	81	13	57	81	0	0	0	0	0
PETITFEE - Agave Cooling Hydrogel Face Mask [5pcs]	Корейские гидрогелевые маски для лица охлаждающие с агавой	226115324	-	Маски гидрогелевые	Petitfee	Южный и Северо-Кавказский	1д 19ч	100	51	49	49	51	49	49	0	0	0	0	0
PETITFEE - Agave Cooling Hydrogel Face Mask [5pcs]	Корейские гидрогелевые маски для лица охлаждающие с агавой	226115324	-	Маски гидрогелевые	Petitfee	Центральный	1д 5ч	357	318	39	11	318	39	11	0	0	0	0	0
PETITFEE - Agave Cooling Hydrogel Face Mask [5pcs]	Корейские гидрогелевые маски для лица охлаждающие с агавой	226115324	-	Маски гидрогелевые	Petitfee	Приволжский	1д 9ч	93	55	38	41	55	38	41	0	0	0	0	0
PETITFEE - Agave Cooling Hydrogel Face Mask [5pcs]	Корейские гидрогелевые маски для лица охлаждающие с агавой	226115324	-	Маски гидрогелевые	Petitfee	Уральский	2д 7ч	36	10	26	72	10	26	72	0	0	0	0	0
PETITFEE - Agave Cooling Hydrogel Face Mask [5pcs]	Корейские гидрогелевые маски для лица охлаждающие с агавой	226115324	-	Маски гидрогелевые	Petitfee	Беларусь	1д 15ч	22	0	22	100	0	22	100	0	0	0	0	0
PETITFEE - Agave Cooling Hydrogel Face Mask [5pcs]	Корейские гидрогелевые маски для лица охлаждающие с агавой	226115324	-	Маски гидрогелевые	Petitfee	Казахстан	4д 0ч	5	0	5	100	0	5	100	0	0	0	0	0
PETITFEE - Agave Cooling Hydrogel Face Mask [5pcs]	Корейские гидрогелевые маски для лица охлаждающие с агавой	226115324	-	Маски гидрогелевые	Petitfee	Кыргызстан	7д 16ч	2	0	2	100	0	2	100	0	0	0	0	0
PETITFEE - Agave Cooling Hydrogel Face Mask [5pcs]	Корейские гидрогелевые маски для лица охлаждающие с агавой	226115324	-	Маски гидрогелевые	Petitfee	Армения	13д 21ч	1	0	1	100	0	1	100	0	0	0	0	0
FARMSTAY - Collagen Water Full Moist Rolling Eye Serum [25ml]	Сыворотка роллер для глаз увлажняющая	212885914	-	Сыворотки	Farm Stay	Дальневосточный и Сибирский	5д 12ч	121	1	120	99	1	120	99	0	0	0	0	0
FARMSTAY - Collagen Water Full Moist Rolling Eye Serum [25ml]	Сыворотка роллер для глаз увлажняющая	212885914	-	Сыворотки	Farm Stay	Приволжский	1д 19ч	107	32	75	70	32	75	70	0	0	0	30	0
FARMSTAY - Collagen Water Full Moist Rolling Eye Serum [25ml]	Сыворотка роллер для глаз увлажняющая	212885914	-	Сыворотки	Farm Stay	Северо-Западный	2д 3ч	53	4	49	92	4	49	92	0	0	0	4	0
FARMSTAY - Collagen Water Full Moist Rolling Eye Serum [25ml]	Сыворотка роллер для глаз увлажняющая	212885914	-	Сыворотки	Farm Stay	Уральский	2д 8ч	55	13	42	76	13	42	76	0	0	0	0	0
FARMSTAY - Collagen Water Full Moist Rolling Eye Serum [25ml]	Сыворотка роллер для глаз увлажняющая	212885914	-	Сыворотки	Farm Stay	Центральный	1д 7ч	200	175	25	13	175	25	13	0	0	0	46	0
FARMSTAY - Collagen Water Full Moist Rolling Eye Serum [25ml]	Сыворотка роллер для глаз увлажняющая	212885914	-	Сыворотки	Farm Stay	Южный и Северо-Кавказский	1д 12ч	100	82	18	18	82	18	18	0	0	0	20	0
FARMSTAY - Collagen Water Full Moist Rolling Eye Serum [25ml]	Сыворотка роллер для глаз увлажняющая	212885914	-	Сыворотки	Farm Stay	Беларусь	1д 21ч	12	0	12	100	0	12	100	0	0	0	0	0
FARMSTAY - Collagen Water Full Moist Rolling Eye Serum [25ml]	Сыворотка роллер для глаз увлажняющая	212885914	-	Сыворотки	Farm Stay	Казахстан	4д 12ч	9	0	9	100	0	9	100	0	0	0	0	0
FARMSTAY - Collagen Water Full Moist Rolling Eye Serum [25ml]	Сыворотка роллер для глаз увлажняющая	212885914	-	Сыворотки	Farm Stay	Армения	6д 11ч	6	0	6	100	0	6	100	0	0	0	0	0
FARMSTAY - Collagen Water Full Moist Rolling Eye Serum [25ml]	Сыворотка роллер для глаз увлажняющая	212885914	-	Сыворотки	Farm Stay	Кыргызстан	8д 6ч	1	0	1	100	0	1	100	0	0	0	0	0
Manyo_Pure_Cleansing_Oil	Гидрофильное масло Ma:nyo Pure Cleansing Oil для умывания	198156698	-	Гидрофильные масла	manyo	Дальневосточный и Сибирский	6д 3ч	123	2	121	98	2	117	95	0	4	3	0	0
Manyo_Pure_Cleansing_Oil	Гидрофильное масло Ma:nyo Pure Cleansing Oil для умывания	198156698	-	Гидрофильные масла	manyo	Северо-Западный	2д 9ч	86	8	78	91	8	76	88	0	2	2	5	0
Manyo_Pure_Cleansing_Oil	Гидрофильное масло Ma:nyo Pure Cleansing Oil для умывания	198156698	-	Гидрофильные масла	manyo	Южный и Северо-Кавказский	1д 15ч	228	191	37	16	191	33	14	0	4	2	0	0
Manyo_Pure_Cleansing_Oil	Гидрофильное масло Ma:nyo Pure Cleansing Oil для умывания	198156698	-	Гидрофильные масла	manyo	Приволжский	1д 13ч	87	52	35	40	52	33	38	0	2	2	34	0
Manyo_Pure_Cleansing_Oil	Гидрофильное масло Ma:nyo Pure Cleansing Oil для умывания	198156698	-	Гидрофильные масла	manyo	Уральский	2д 4ч	57	29	28	49	29	26	46	0	2	4	45	0
Manyo_Pure_Cleansing_Oil	Гидрофильное масло Ma:nyo Pure Cleansing Oil для умывания	198156698	-	Гидрофильные масла	manyo	Центральный	1д 6ч	330	303	27	8	296	27	8	7	0	0	35	0
Manyo_Pure_Cleansing_Oil	Гидрофильное масло Ma:nyo Pure Cleansing Oil для умывания	198156698	-	Гидрофильные масла	manyo	Беларусь	1д 19ч	13	0	13	100	0	13	100	0	0	0	0	0
Manyo_Pure_Cleansing_Oil	Гидрофильное масло Ma:nyo Pure Cleansing Oil для умывания	198156698	-	Гидрофильные масла	manyo	Казахстан	5д 9ч	7	0	7	100	0	6	86	0	1	14	0	0
Manyo_Pure_Cleansing_Oil	Гидрофильное масло Ma:nyo Pure Cleansing Oil для умывания	198156698	-	Гидрофильные масла	manyo	Армения	7д 1ч	6	1	5	83	1	5	83	0	0	0	0	0
Manyo_Pure_Cleansing_Oil	Гидрофильное масло Ma:nyo Pure Cleansing Oil для умывания	198156698	-	Гидрофильные масла	manyo	Грузия	6д 19ч	3	0	3	100	0	3	100	0	0	0	0	0
Manyo_Pure_Cleansing_Oil	Гидрофильное масло Ma:nyo Pure Cleansing Oil для умывания	198156698	-	Гидрофильные масла	manyo	Узбекистан	6д 18ч	1	0	1	100	0	1	100	0	0	0	0	0
JIGOTT - Ultimate Real Collagen Toner [300ml]	Корейский тонер для лица антивозрастной	212760119	-	Тоники	Jigott	Дальневосточный и Сибирский	3д 20ч	106	1	105	99	1	105	99	0	0	0	0	0
JIGOTT - Ultimate Real Collagen Toner [300ml]	Корейский тонер для лица антивозрастной	212760119	-	Тоники	Jigott	Центральный	1д 8ч	319	236	83	26	236	83	26	0	0	0	97	0
JIGOTT - Ultimate Real Collagen Toner [300ml]	Корейский тонер для лица антивозрастной	212760119	-	Тоники	Jigott	Северо-Западный	2д 2ч	59	9	50	85	9	50	85	0	0	0	6	0
JIGOTT - Ultimate Real Collagen Toner [300ml]	Корейский тонер для лица антивозрастной	212760119	-	Тоники	Jigott	Уральский	1д 22ч	62	18	44	71	18	44	71	0	0	0	47	0
JIGOTT - Ultimate Real Collagen Toner [300ml]	Корейский тонер для лица антивозрастной	212760119	-	Тоники	Jigott	Беларусь	1д 22ч	23	0	23	100	0	23	100	0	0	0	0	0
JIGOTT - Ultimate Real Collagen Toner [300ml]	Корейский тонер для лица антивозрастной	212760119	-	Тоники	Jigott	Приволжский	1д 10ч	149	127	22	15	127	22	15	0	0	0	118	0
JIGOTT - Ultimate Real Collagen Toner [300ml]	Корейский тонер для лица антивозрастной	212760119	-	Тоники	Jigott	Южный и Северо-Кавказский	1д 12ч	164	148	16	10	148	16	10	0	0	0	39	0
JIGOTT - Ultimate Real Collagen Toner [300ml]	Корейский тонер для лица антивозрастной	212760119	-	Тоники	Jigott	Армения	13д 17ч	4	0	4	100	0	4	100	0	0	0	0	0
JIGOTT - Ultimate Real Collagen Toner [300ml]	Корейский тонер для лица антивозрастной	212760119	-	Тоники	Jigott	Казахстан	4д 14ч	4	0	4	100	0	4	100	0	0	0	0	0
JIGOTT - Ultimate Real Collagen Toner [300ml]	Корейский тонер для лица антивозрастной	212760119	-	Тоники	Jigott	Грузия	7д 0ч	1	0	1	100	0	1	100	0	0	0	0	0
Manyo_Galac_Vita_Serum	Отбеливающая сыворотка для лица с витамином С	198156472	-	Сыворотки	manyo	Дальневосточный и Сибирский	4д 20ч	148	4	144	97	4	144	97	0	0	0	0	0
Manyo_Galac_Vita_Serum	Отбеливающая сыворотка для лица с витамином С	198156472	-	Сыворотки	manyo	Северо-Западный	1д 16ч	104	56	48	46	56	48	46	0	0	0	12	0
Manyo_Galac_Vita_Serum	Отбеливающая сыворотка для лица с витамином С	198156472	-	Сыворотки	manyo	Южный и Северо-Кавказский	1д 16ч	264	221	43	16	221	43	16	0	0	0	0	0
Manyo_Galac_Vita_Serum	Отбеливающая сыворотка для лица с витамином С	198156472	-	Сыворотки	manyo	Беларусь	1д 16ч	28	0	28	100	0	28	100	0	0	0	0	0
Manyo_Galac_Vita_Serum	Отбеливающая сыворотка для лица с витамином С	198156472	-	Сыворотки	manyo	Уральский	1д 18ч	61	36	25	41	36	25	41	0	0	0	10	0
Manyo_Galac_Vita_Serum	Отбеливающая сыворотка для лица с витамином С	198156472	-	Сыворотки	manyo	Приволжский	1д 12ч	106	83	23	22	83	23	22	0	0	0	51	0
Manyo_Galac_Vita_Serum	Отбеливающая сыворотка для лица с витамином С	198156472	-	Сыворотки	manyo	Центральный	1д 2ч	286	270	16	6	270	16	6	0	0	0	14	0
Manyo_Galac_Vita_Serum	Отбеливающая сыворотка для лица с витамином С	198156472	-	Сыворотки	manyo	Казахстан	5д 1ч	15	1	14	93	1	14	93	0	0	0	0	0
Manyo_Galac_Vita_Serum	Отбеливающая сыворотка для лица с витамином С	198156472	-	Сыворотки	manyo	Армения	15д 18ч	2	0	2	100	0	2	100	0	0	0	0	0
Manyo_Galac_Vita_Serum	Отбеливающая сыворотка для лица с витамином С	198156472	-	Сыворотки	manyo	Грузия	6д 11ч	2	0	2	100	0	2	100	0	0	0	0	0
Manyo_Galac_Vita_Serum	Отбеливающая сыворотка для лица с витамином С	198156472	-	Сыворотки	manyo	Кыргызстан	6д 15ч	1	0	1	100	0	1	100	0	0	0	0	0
PETITFEE - Cacao Energizing Hydrogel Mask Pack [5pcs]	Корейские гидрогелевые маски для лица тонизирующие	226115248	-	Маски гидрогелевые	Petitfee	Дальневосточный и Сибирский	5д 19ч	88	1	87	99	1	87	99	0	0	0	0	0
PETITFEE - Cacao Energizing Hydrogel Mask Pack [5pcs]	Корейские гидрогелевые маски для лица тонизирующие	226115248	-	Маски гидрогелевые	Petitfee	Северо-Западный	2д 13ч	73	0	73	100	0	73	100	0	0	0	0	0
PETITFEE - Cacao Energizing Hydrogel Mask Pack [5pcs]	Корейские гидрогелевые маски для лица тонизирующие	226115248	-	Маски гидрогелевые	Petitfee	Центральный	1д 10ч	254	195	59	23	195	59	23	0	0	0	0	0
PETITFEE - Cacao Energizing Hydrogel Mask Pack [5pcs]	Корейские гидрогелевые маски для лица тонизирующие	226115248	-	Маски гидрогелевые	Petitfee	Приволжский	1д 18ч	59	15	44	75	15	44	75	0	0	0	0	0
PETITFEE - Cacao Energizing Hydrogel Mask Pack [5pcs]	Корейские гидрогелевые маски для лица тонизирующие	226115248	-	Маски гидрогелевые	Petitfee	Уральский	2д 13ч	34	6	28	82	6	28	82	0	0	0	0	0
PETITFEE - Cacao Energizing Hydrogel Mask Pack [5pcs]	Корейские гидрогелевые маски для лица тонизирующие	226115248	-	Маски гидрогелевые	Petitfee	Южный и Северо-Кавказский	1д 12ч	80	58	22	28	58	22	28	0	0	0	0	0
PETITFEE - Cacao Energizing Hydrogel Mask Pack [5pcs]	Корейские гидрогелевые маски для лица тонизирующие	226115248	-	Маски гидрогелевые	Petitfee	Беларусь	2д 2ч	19	0	19	100	0	19	100	0	0	0	0	0
PETITFEE - Cacao Energizing Hydrogel Mask Pack [5pcs]	Корейские гидрогелевые маски для лица тонизирующие	226115248	-	Маски гидрогелевые	Petitfee	Казахстан	4д 15ч	7	0	7	100	0	7	100	0	0	0	0	0
PETITFEE - Cacao Energizing Hydrogel Mask Pack [5pcs]	Корейские гидрогелевые маски для лица тонизирующие	226115248	-	Маски гидрогелевые	Petitfee	Армения	8д 7ч	2	0	2	100	0	2	100	0	0	0	0	0
PETITFEE - Cacao Energizing Hydrogel Mask Pack [5pcs]	Корейские гидрогелевые маски для лица тонизирующие	226115248	-	Маски гидрогелевые	Petitfee	Кыргызстан	6д 1ч	2	0	2	100	0	2	100	0	0	0	0	0
DEOPROCE SHAMPOO+BALSAM - BLACK GARLIC[2000ml]	Шампунь для волос женский и бальзам c черным чесноком набор	214305722	-	Шампуни	DEOPROCE	Дальневосточный и Сибирский	3д 19ч	117	0	117	100	0	117	100	0	0	0	0	0
DEOPROCE SHAMPOO+BALSAM - BLACK GARLIC[2000ml]	Шампунь для волос женский и бальзам c черным чесноком набор	214305722	-	Шампуни	DEOPROCE	Южный и Северо-Кавказский	1д 19ч	129	69	60	47	69	54	42	0	6	5	19	0
DEOPROCE SHAMPOO+BALSAM - BLACK GARLIC[2000ml]	Шампунь для волос женский и бальзам c черным чесноком набор	214305722	-	Шампуни	DEOPROCE	Северо-Западный	2д 3ч	61	2	59	97	2	59	97	0	0	0	10	0
DEOPROCE SHAMPOO+BALSAM - BLACK GARLIC[2000ml]	Шампунь для волос женский и бальзам c черным чесноком набор	214305722	-	Шампуни	DEOPROCE	Приволжский	1д 13ч	82	47	35	43	47	34	41	0	1	1	36	0
DEOPROCE SHAMPOO+BALSAM - BLACK GARLIC[2000ml]	Шампунь для волос женский и бальзам c черным чесноком набор	214305722	-	Шампуни	DEOPROCE	Уральский	1д 23ч	40	15	25	63	15	25	63	0	0	0	14	0
DEOPROCE SHAMPOO+BALSAM - BLACK GARLIC[2000ml]	Шампунь для волос женский и бальзам c черным чесноком набор	214305722	-	Шампуни	DEOPROCE	Центральный	1д 5ч	319	302	17	5	298	17	5	4	0	0	67	0
DEOPROCE SHAMPOO+BALSAM - BLACK GARLIC[2000ml]	Шампунь для волос женский и бальзам c черным чесноком набор	214305722	-	Шампуни	DEOPROCE	Беларусь	1д 19ч	10	0	10	100	0	10	100	0	0	0	0	0
DEOPROCE SHAMPOO+BALSAM - BLACK GARLIC[2000ml]	Шампунь для волос женский и бальзам c черным чесноком набор	214305722	-	Шампуни	DEOPROCE	Казахстан	3д 2ч	3	0	3	100	0	3	100	0	0	0	0	0
sBotW200	Робот мойщик окон с распылением мощный	152115510	-	Роботы-стеклоочистители	SKL TECH	Беларусь	1д 17ч	102	1	101	99	1	101	99	0	0	0	0	0
sBotW200	Робот мойщик окон с распылением мощный	152115510	-	Роботы-стеклоочистители	SKL TECH	Дальневосточный и Сибирский	3д 13ч	57	0	57	100	0	57	100	0	0	0	0	0
sBotW200	Робот мойщик окон с распылением мощный	152115510	-	Роботы-стеклоочистители	SKL TECH	Северо-Западный	1д 23ч	60	11	49	82	11	49	82	0	0	0	0	0
sBotW200	Робот мойщик окон с распылением мощный	152115510	-	Роботы-стеклоочистители	SKL TECH	Приволжский	1д 13ч	101	55	46	46	55	46	46	0	0	0	0	0
sBotW200	Робот мойщик окон с распылением мощный	152115510	-	Роботы-стеклоочистители	SKL TECH	Южный и Северо-Кавказский	1д 17ч	59	31	28	47	31	28	47	0	0	0	0	0
sBotW200	Робот мойщик окон с распылением мощный	152115510	-	Роботы-стеклоочистители	SKL TECH	Уральский	1д 13ч	41	23	18	44	23	18	44	0	0	0	0	0
sBotW200	Робот мойщик окон с распылением мощный	152115510	-	Роботы-стеклоочистители	SKL TECH	Центральный	1д 5ч	191	177	14	7	177	14	7	0	0	0	0	0
sBotW200	Робот мойщик окон с распылением мощный	152115510	-	Роботы-стеклоочистители	SKL TECH	Казахстан	3д 17ч	3	0	3	100	0	3	100	0	0	0	0	0
CELIMAX JI WOO GAE CICA BHA BLEMISH TONER PAD [170ml / 60pads]	Успокаивающие тонер пэды для лица с кислотами	551607905	-	Пэды косметические	Celimax	Дальневосточный и Сибирский	5д 10ч	124	3	121	98	3	121	98	0	0	0	0	0
CELIMAX JI WOO GAE CICA BHA BLEMISH TONER PAD [170ml / 60pads]	Успокаивающие тонер пэды для лица с кислотами	551607905	-	Пэды косметические	Celimax	Южный и Северо-Кавказский	1д 20ч	173	116	57	33	116	57	33	0	0	0	0	0
CELIMAX JI WOO GAE CICA BHA BLEMISH TONER PAD [170ml / 60pads]	Успокаивающие тонер пэды для лица с кислотами	551607905	-	Пэды косметические	Celimax	Беларусь	1д 19ч	31	0	31	100	0	31	100	0	0	0	0	0
CELIMAX JI WOO GAE CICA BHA BLEMISH TONER PAD [170ml / 60pads]	Успокаивающие тонер пэды для лица с кислотами	551607905	-	Пэды косметические	Celimax	Северо-Западный	1д 17ч	49	18	31	63	18	31	63	0	0	0	3	0
CELIMAX JI WOO GAE CICA BHA BLEMISH TONER PAD [170ml / 60pads]	Успокаивающие тонер пэды для лица с кислотами	551607905	-	Пэды косметические	Celimax	Приволжский	1д 10ч	101	73	28	28	73	28	28	0	0	0	12	0
CELIMAX JI WOO GAE CICA BHA BLEMISH TONER PAD [170ml / 60pads]	Успокаивающие тонер пэды для лица с кислотами	551607905	-	Пэды косметические	Celimax	Центральный	1д 4ч	224	204	20	9	204	20	9	0	0	0	160	0
CELIMAX JI WOO GAE CICA BHA BLEMISH TONER PAD [170ml / 60pads]	Успокаивающие тонер пэды для лица с кислотами	551607905	-	Пэды косметические	Celimax	Уральский	1д 15ч	49	34	15	31	34	15	31	0	0	0	0	0
CELIMAX JI WOO GAE CICA BHA BLEMISH TONER PAD [170ml / 60pads]	Успокаивающие тонер пэды для лица с кислотами	551607905	-	Пэды косметические	Celimax	Казахстан	4д 5ч	5	0	5	100	0	5	100	0	0	0	0	0
CELIMAX JI WOO GAE CICA BHA BLEMISH TONER PAD [170ml / 60pads]	Успокаивающие тонер пэды для лица с кислотами	551607905	-	Пэды косметические	Celimax	Узбекистан	7д 8ч	2	0	2	100	0	2	100	0	0	0	0	0
CELIMAX JI WOO GAE CICA BHA BLEMISH TONER PAD [170ml / 60pads]	Успокаивающие тонер пэды для лица с кислотами	551607905	-	Пэды косметические	Celimax	Армения	13д 2ч	1	0	1	100	0	1	100	0	0	0	0	0
CELIMAX JI WOO GAE CICA BHA BLEMISH TONER PAD [170ml / 60pads]	Успокаивающие тонер пэды для лица с кислотами	551607905	-	Пэды косметические	Celimax	Грузия	7д 0ч	1	0	1	100	0	1	100	0	0	0	0	0
CELIMAX JI WOO GAE CICA BHA BLEMISH TONER PAD [170ml / 60pads]	Успокаивающие тонер пэды для лица с кислотами	551607905	-	Пэды косметические	Celimax	Кыргызстан	7д 19ч	1	0	1	100	0	1	100	0	0	0	0	0
PETITFEE - Gold Hydrogel Mask Pack [5pcs]	Маски для лица с золотом	226114935	-	Маски гидрогелевые	Petitfee	Дальневосточный и Сибирский	5д 13ч	82	1	81	99	1	81	99	0	0	0	0	0
PETITFEE - Gold Hydrogel Mask Pack [5pcs]	Маски для лица с золотом	226114935	-	Маски гидрогелевые	Petitfee	Северо-Западный	2д 12ч	76	0	76	100	0	76	100	0	0	0	0	0
PETITFEE - Gold Hydrogel Mask Pack [5pcs]	Маски для лица с золотом	226114935	-	Маски гидрогелевые	Petitfee	Южный и Северо-Кавказский	1д 15ч	133	88	45	34	88	45	34	0	0	0	0	0
PETITFEE - Gold Hydrogel Mask Pack [5pcs]	Маски для лица с золотом	226114935	-	Маски гидрогелевые	Petitfee	Уральский	2д 9ч	55	16	39	71	16	39	71	0	0	0	0	0
PETITFEE - Gold Hydrogel Mask Pack [5pcs]	Маски для лица с золотом	226114935	-	Маски гидрогелевые	Petitfee	Центральный	1д 4ч	351	322	29	8	322	29	8	0	0	0	0	0
PETITFEE - Gold Hydrogel Mask Pack [5pcs]	Маски для лица с золотом	226114935	-	Маски гидрогелевые	Petitfee	Приволжский	1д 14ч	56	35	21	38	35	21	38	0	0	0	0	0
PETITFEE - Gold Hydrogel Mask Pack [5pcs]	Маски для лица с золотом	226114935	-	Маски гидрогелевые	Petitfee	Беларусь	2д 0ч	15	0	15	100	0	15	100	0	0	0	0	0
PETITFEE - Gold Hydrogel Mask Pack [5pcs]	Маски для лица с золотом	226114935	-	Маски гидрогелевые	Petitfee	Армения	9д 3ч	4	0	4	100	0	4	100	0	0	0	0	0
PETITFEE - Gold Hydrogel Mask Pack [5pcs]	Маски для лица с золотом	226114935	-	Маски гидрогелевые	Petitfee	Казахстан	6д 1ч	2	0	2	100	0	2	100	0	0	0	0	0
EKEL Ampoule Toner Collagen 150ml	Увлажняющий тоник для лица с коллагеном ампульный	190160197	-	Тоники	EKEL	Северо-Западный	2д 9ч	65	0	65	100	0	65	100	0	0	0	0	0
EKEL Ampoule Toner Collagen 150ml	Увлажняющий тоник для лица с коллагеном ампульный	190160197	-	Тоники	EKEL	Центральный	1д 10ч	280	215	65	23	215	65	23	0	0	0	0	0
EKEL Ampoule Toner Collagen 150ml	Увлажняющий тоник для лица с коллагеном ампульный	190160197	-	Тоники	EKEL	Дальневосточный и Сибирский	3д 18ч	59	1	58	98	1	58	98	0	0	0	0	0
EKEL Ampoule Toner Collagen 150ml	Увлажняющий тоник для лица с коллагеном ампульный	190160197	-	Тоники	EKEL	Уральский	2д 1ч	46	7	39	85	7	39	85	0	0	0	0	0
EKEL Ampoule Toner Collagen 150ml	Увлажняющий тоник для лица с коллагеном ампульный	190160197	-	Тоники	EKEL	Приволжский	1д 12ч	116	84	32	28	84	32	28	0	0	0	0	0
EKEL Ampoule Toner Collagen 150ml	Увлажняющий тоник для лица с коллагеном ампульный	190160197	-	Тоники	EKEL	Южный и Северо-Кавказский	1д 10ч	140	116	24	17	116	24	17	0	0	0	0	0
EKEL Ampoule Toner Collagen 150ml	Увлажняющий тоник для лица с коллагеном ампульный	190160197	-	Тоники	EKEL	Беларусь	1д 23ч	21	0	21	100	0	21	100	0	0	0	0	0
EKEL Ampoule Toner Collagen 150ml	Увлажняющий тоник для лица с коллагеном ампульный	190160197	-	Тоники	EKEL	Казахстан	6д 7ч	4	0	4	100	0	4	100	0	0	0	0	0
JMSOLUTION - Mask Pack Disney	Набор корейских тканевых масок для лица 10 шт	214964091	-	Маски тканевые косметические	JMSolution	Дальневосточный и Сибирский	4д 16ч	110	0	110	100	0	110	100	0	0	0	0	0
JMSOLUTION - Mask Pack Disney	Набор корейских тканевых масок для лица 10 шт	214964091	-	Маски тканевые косметические	JMSolution	Северо-Западный	2д 0ч	102	27	75	74	27	75	74	0	0	0	13	0
JMSOLUTION - Mask Pack Disney	Набор корейских тканевых масок для лица 10 шт	214964091	-	Маски тканевые косметические	JMSolution	Южный и Северо-Кавказский	1д 16ч	135	95	40	30	95	40	30	0	0	0	0	0
JMSOLUTION - Mask Pack Disney	Набор корейских тканевых масок для лица 10 шт	214964091	-	Маски тканевые косметические	JMSolution	Приволжский	1д 12ч	66	39	27	41	39	27	41	0	0	0	39	0
JMSOLUTION - Mask Pack Disney	Набор корейских тканевых масок для лица 10 шт	214964091	-	Маски тканевые косметические	JMSolution	Беларусь	1д 13ч	17	0	17	100	0	17	100	0	0	0	0	0
JMSOLUTION - Mask Pack Disney	Набор корейских тканевых масок для лица 10 шт	214964091	-	Маски тканевые косметические	JMSolution	Казахстан	3д 13ч	13	0	13	100	0	13	100	0	0	0	0	0
JMSOLUTION - Mask Pack Disney	Набор корейских тканевых масок для лица 10 шт	214964091	-	Маски тканевые косметические	JMSolution	Уральский	1д 15ч	45	32	13	29	32	13	29	0	0	0	1	0
JMSOLUTION - Mask Pack Disney	Набор корейских тканевых масок для лица 10 шт	214964091	-	Маски тканевые косметические	JMSolution	Армения	15д 11ч	4	0	4	100	0	4	100	0	0	0	0	0
JMSOLUTION - Mask Pack Disney	Набор корейских тканевых масок для лица 10 шт	214964091	-	Маски тканевые косметические	JMSolution	Центральный	1д 0ч	240	238	2	1	238	2	1	0	0	0	70	0
JMSOLUTION - Mask Pack Disney	Набор корейских тканевых масок для лица 10 шт	214964091	-	Маски тканевые косметические	JMSolution	Таджикистан	4д 17ч	1	0	1	100	0	1	100	0	0	0	0	0
PETITFEE - Artichoke Soothing Hydrogel Face Mask [5pcs]	Корейские гидрогелевые маски для лица с артишоком	226114831	-	Маски гидрогелевые	Petitfee	Дальневосточный и Сибирский	5д 22ч	102	3	99	97	3	99	97	0	0	0	0	0
PETITFEE - Artichoke Soothing Hydrogel Face Mask [5pcs]	Корейские гидрогелевые маски для лица с артишоком	226114831	-	Маски гидрогелевые	Petitfee	Северо-Западный	2д 8ч	57	1	56	98	1	56	98	0	0	0	0	0
PETITFEE - Artichoke Soothing Hydrogel Face Mask [5pcs]	Корейские гидрогелевые маски для лица с артишоком	226114831	-	Маски гидрогелевые	Petitfee	Центральный	1д 9ч	251	204	47	19	199	47	19	5	0	0	0	0
PETITFEE - Artichoke Soothing Hydrogel Face Mask [5pcs]	Корейские гидрогелевые маски для лица с артишоком	226114831	-	Маски гидрогелевые	Petitfee	Южный и Северо-Кавказский	1д 23ч	67	31	36	54	31	36	54	0	0	0	0	0
PETITFEE - Artichoke Soothing Hydrogel Face Mask [5pcs]	Корейские гидрогелевые маски для лица с артишоком	226114831	-	Маски гидрогелевые	Petitfee	Приволжский	1д 20ч	54	20	34	63	20	34	63	0	0	0	0	0
PETITFEE - Artichoke Soothing Hydrogel Face Mask [5pcs]	Корейские гидрогелевые маски для лица с артишоком	226114831	-	Маски гидрогелевые	Petitfee	Уральский	2д 2ч	27	12	15	56	12	14	52	0	1	4	0	0
PETITFEE - Artichoke Soothing Hydrogel Face Mask [5pcs]	Корейские гидрогелевые маски для лица с артишоком	226114831	-	Маски гидрогелевые	Petitfee	Армения	7д 18ч	5	0	5	100	0	5	100	0	0	0	0	0
PETITFEE - Artichoke Soothing Hydrogel Face Mask [5pcs]	Корейские гидрогелевые маски для лица с артишоком	226114831	-	Маски гидрогелевые	Petitfee	Беларусь	1д 23ч	4	0	4	100	0	4	100	0	0	0	0	0
PETITFEE - Artichoke Soothing Hydrogel Face Mask [5pcs]	Корейские гидрогелевые маски для лица с артишоком	226114831	-	Маски гидрогелевые	Petitfee	Казахстан	5д 8ч	3	0	3	100	0	3	100	0	0	0	0	0
PETITFEE - Artichoke Soothing Hydrogel Face Mask [5pcs]	Корейские гидрогелевые маски для лица с артишоком	226114831	-	Маски гидрогелевые	Petitfee	Кыргызстан	7д 8ч	2	0	2	100	0	2	100	0	0	0	0	0
ELIZAVECCA_fruit_toner	Корейский тоник для лица от черных точек	206057411	-	Тоники	Elizavecca	Дальневосточный и Сибирский	3д 8ч	159	2	157	99	2	157	99	0	0	0	0	0
ELIZAVECCA_fruit_toner	Корейский тоник для лица от черных точек	206057411	-	Тоники	Elizavecca	Северо-Западный	2д 6ч	74	8	66	89	8	66	89	0	0	0	50	0
ELIZAVECCA_fruit_toner	Корейский тоник для лица от черных точек	206057411	-	Тоники	Elizavecca	Уральский	1д 18ч	77	50	27	35	50	27	35	0	0	0	16	0
ELIZAVECCA_fruit_toner	Корейский тоник для лица от черных точек	206057411	-	Тоники	Elizavecca	Центральный	1д 4ч	233	216	17	7	216	17	7	0	0	0	150	0
ELIZAVECCA_fruit_toner	Корейский тоник для лица от черных точек	206057411	-	Тоники	Elizavecca	Беларусь	1д 22ч	11	0	11	100	0	11	100	0	0	0	0	0
ELIZAVECCA_fruit_toner	Корейский тоник для лица от черных точек	206057411	-	Тоники	Elizavecca	Казахстан	3д 16ч	11	0	11	100	0	11	100	0	0	0	0	0
ELIZAVECCA_fruit_toner	Корейский тоник для лица от черных точек	206057411	-	Тоники	Elizavecca	Приволжский	1д 5ч	97	93	4	4	93	4	4	0	0	0	94	0
ELIZAVECCA_fruit_toner	Корейский тоник для лица от черных точек	206057411	-	Тоники	Elizavecca	Армения	8д 2ч	2	0	2	100	0	2	100	0	0	0	0	0
ELIZAVECCA_fruit_toner	Корейский тоник для лица от черных точек	206057411	-	Тоники	Elizavecca	Кыргызстан	8д 17ч	1	0	1	100	0	1	100	0	0	0	0	0
ELIZAVECCA_fruit_toner	Корейский тоник для лица от черных точек	206057411	-	Тоники	Elizavecca	Таджикистан	4д 20ч	1	0	1	100	0	1	100	0	0	0	0	0
ELIZAVECCA_fruit_toner	Корейский тоник для лица от черных точек	206057411	-	Тоники	Elizavecca	Узбекистан	6д 19ч	1	0	1	100	0	1	100	0	0	0	0	0
ELIZAVECCA_fruit_toner	Корейский тоник для лица от черных точек	206057411	-	Тоники	Elizavecca	Южный и Северо-Кавказский	1д 11ч	147	147	0	0	147	0	0	0	0	0	50	0
Enough 8 Peptide Full Cover Perfect Foundation 21 тон	Корейский тональный крем с пептидами 21 тон	170198337	-	Тональные кремы	ENOUGH	Дальневосточный и Сибирский	4д 20ч	105	0	105	100	0	105	100	0	0	0	0	0
Enough 8 Peptide Full Cover Perfect Foundation 21 тон	Корейский тональный крем с пептидами 21 тон	170198337	-	Тональные кремы	ENOUGH	Уральский	2д 2ч	67	19	48	72	19	48	72	0	0	0	1	0
Enough 8 Peptide Full Cover Perfect Foundation 21 тон	Корейский тональный крем с пептидами 21 тон	170198337	-	Тональные кремы	ENOUGH	Южный и Северо-Кавказский	1д 17ч	138	94	44	32	94	44	32	0	0	0	0	0
Enough 8 Peptide Full Cover Perfect Foundation 21 тон	Корейский тональный крем с пептидами 21 тон	170198337	-	Тональные кремы	ENOUGH	Приволжский	1д 13ч	117	87	30	26	87	30	26	0	0	0	1	0
Enough 8 Peptide Full Cover Perfect Foundation 21 тон	Корейский тональный крем с пептидами 21 тон	170198337	-	Тональные кремы	ENOUGH	Беларусь	1д 19ч	26	0	26	100	0	26	100	0	0	0	0	0
Enough 8 Peptide Full Cover Perfect Foundation 21 тон	Корейский тональный крем с пептидами 21 тон	170198337	-	Тональные кремы	ENOUGH	Северо-Западный	1д 15ч	47	21	26	55	21	26	55	0	0	0	2	0
Enough 8 Peptide Full Cover Perfect Foundation 21 тон	Корейский тональный крем с пептидами 21 тон	170198337	-	Тональные кремы	ENOUGH	Армения	8д 7ч	7	0	7	100	0	7	100	0	0	0	0	0
Enough 8 Peptide Full Cover Perfect Foundation 21 тон	Корейский тональный крем с пептидами 21 тон	170198337	-	Тональные кремы	ENOUGH	Казахстан	4д 1ч	6	0	6	100	0	6	100	0	0	0	0	0
Enough 8 Peptide Full Cover Perfect Foundation 21 тон	Корейский тональный крем с пептидами 21 тон	170198337	-	Тональные кремы	ENOUGH	Центральный	1д 3ч	185	185	0	0	185	0	0	0	0	0	204	0
Manyo_Ampoule_Lotion	Лосьон для лица Bifida Biome Ampoule Lotion	198143251	-	Тоники	manyo	Дальневосточный и Сибирский	3д 14ч	75	3	72	96	3	72	96	0	0	0	0	0
Manyo_Ampoule_Lotion	Лосьон для лица Bifida Biome Ampoule Lotion	198143251	-	Тоники	manyo	Южный и Северо-Кавказский	1д 21ч	148	91	57	39	91	57	39	0	0	0	0	0
Manyo_Ampoule_Lotion	Лосьон для лица Bifida Biome Ampoule Lotion	198143251	-	Тоники	manyo	Северо-Западный	2д 14ч	59	4	55	93	4	55	93	0	0	0	0	0
Manyo_Ampoule_Lotion	Лосьон для лица Bifida Biome Ampoule Lotion	198143251	-	Тоники	manyo	Центральный	1д 10ч	169	127	42	25	127	42	25	0	0	0	0	0
Manyo_Ampoule_Lotion	Лосьон для лица Bifida Biome Ampoule Lotion	198143251	-	Тоники	manyo	Приволжский	1д 12ч	80	55	25	31	55	25	31	0	0	0	0	0
Manyo_Ampoule_Lotion	Лосьон для лица Bifida Biome Ampoule Lotion	198143251	-	Тоники	manyo	Беларусь	1д 20ч	21	0	21	100	0	21	100	0	0	0	0	0
Manyo_Ampoule_Lotion	Лосьон для лица Bifida Biome Ampoule Lotion	198143251	-	Тоники	manyo	Уральский	1д 19ч	22	12	10	45	12	10	45	0	0	0	0	0
Manyo_Ampoule_Lotion	Лосьон для лица Bifida Biome Ampoule Lotion	198143251	-	Тоники	manyo	Армения	8д 5ч	2	0	2	100	0	2	100	0	0	0	0	0
Manyo_Ampoule_Lotion	Лосьон для лица Bifida Biome Ampoule Lotion	198143251	-	Тоники	manyo	Казахстан	2д 10ч	2	0	2	100	0	2	100	0	0	0	0	0
JIGOTT - MASK 15	Увлажняющие тканевые маски для лица Корея 15 штук	255574453	-	Маски тканевые косметические	Jigott	Дальневосточный и Сибирский	4д 17ч	87	0	87	100	0	87	100	0	0	0	0	0
JIGOTT - MASK 15	Увлажняющие тканевые маски для лица Корея 15 штук	255574453	-	Маски тканевые косметические	Jigott	Северо-Западный	2д 5ч	54	2	52	96	2	52	96	0	0	0	3	0
JIGOTT - MASK 15	Увлажняющие тканевые маски для лица Корея 15 штук	255574453	-	Маски тканевые косметические	Jigott	Южный и Северо-Кавказский	1д 17ч	138	104	34	25	104	34	25	0	0	0	36	0
JIGOTT - MASK 15	Увлажняющие тканевые маски для лица Корея 15 штук	255574453	-	Маски тканевые косметические	Jigott	Беларусь	1д 22ч	31	0	31	100	0	31	100	0	0	0	0	0
JIGOTT - MASK 15	Увлажняющие тканевые маски для лица Корея 15 штук	255574453	-	Маски тканевые косметические	Jigott	Уральский	1д 15ч	50	26	24	48	26	24	48	0	0	0	39	0
JIGOTT - MASK 15	Увлажняющие тканевые маски для лица Корея 15 штук	255574453	-	Маски тканевые косметические	Jigott	Центральный	1д 6ч	205	184	21	10	184	21	10	0	0	0	91	0
JIGOTT - MASK 15	Увлажняющие тканевые маски для лица Корея 15 штук	255574453	-	Маски тканевые косметические	Jigott	Приволжский	1д 8ч	95	76	19	20	76	19	20	0	0	0	93	0
JIGOTT - MASK 15	Увлажняющие тканевые маски для лица Корея 15 штук	255574453	-	Маски тканевые косметические	Jigott	Казахстан	4д 6ч	9	1	8	89	1	8	89	0	0	0	0	0
JIGOTT - MASK 15	Увлажняющие тканевые маски для лица Корея 15 штук	255574453	-	Маски тканевые косметические	Jigott	Узбекистан	7д 23ч	4	0	4	100	0	4	100	0	0	0	0	0
JIGOTT - MASK 15	Увлажняющие тканевые маски для лица Корея 15 штук	255574453	-	Маски тканевые косметические	Jigott	Армения	9д 20ч	2	0	2	100	0	2	100	0	0	0	0	0
Enough Rich Gold Double Wea Radiance Foundation 13 тон	Тональный крем для лица увлажняющий эффект сияния	170198180	-	Тональные кремы	ENOUGH	Дальневосточный и Сибирский	4д 11ч	87	0	87	100	0	87	100	0	0	0	0	0
Enough Rich Gold Double Wea Radiance Foundation 13 тон	Тональный крем для лица увлажняющий эффект сияния	170198180	-	Тональные кремы	ENOUGH	Беларусь	1д 16ч	44	0	44	100	0	44	100	0	0	0	0	0
Enough Rich Gold Double Wea Radiance Foundation 13 тон	Тональный крем для лица увлажняющий эффект сияния	170198180	-	Тональные кремы	ENOUGH	Северо-Западный	1д 20ч	46	14	32	70	14	32	70	0	0	0	0	0
Enough Rich Gold Double Wea Radiance Foundation 13 тон	Тональный крем для лица увлажняющий эффект сияния	170198180	-	Тональные кремы	ENOUGH	Уральский	1д 17ч	57	28	29	51	28	29	51	0	0	0	0	0
Enough Rich Gold Double Wea Radiance Foundation 13 тон	Тональный крем для лица увлажняющий эффект сияния	170198180	-	Тональные кремы	ENOUGH	Приволжский	1д 9ч	102	78	24	24	78	24	24	0	0	0	56	0
Enough Rich Gold Double Wea Radiance Foundation 13 тон	Тональный крем для лица увлажняющий эффект сияния	170198180	-	Тональные кремы	ENOUGH	Южный и Северо-Кавказский	1д 15ч	174	153	21	12	153	21	12	0	0	0	0	0
Enough Rich Gold Double Wea Radiance Foundation 13 тон	Тональный крем для лица увлажняющий эффект сияния	170198180	-	Тональные кремы	ENOUGH	Центральный	1д 6ч	191	172	19	10	172	19	10	0	0	0	48	0
Enough Rich Gold Double Wea Radiance Foundation 13 тон	Тональный крем для лица увлажняющий эффект сияния	170198180	-	Тональные кремы	ENOUGH	Армения	8д 1ч	19	4	15	79	4	15	79	0	0	0	1	0
Enough Rich Gold Double Wea Radiance Foundation 13 тон	Тональный крем для лица увлажняющий эффект сияния	170198180	-	Тональные кремы	ENOUGH	Казахстан	5д 17ч	8	0	8	100	0	8	100	0	0	0	0	0
Enough Rich Gold Double Wea Radiance Foundation 13 тон	Тональный крем для лица увлажняющий эффект сияния	170198180	-	Тональные кремы	ENOUGH	Кыргызстан	8д 19ч	2	0	2	100	0	2	100	0	0	0	0	0
ROUND LAB MUGWORT CALMING SOOTHING GEL_150ml	Увлажняющий крем гель для лица и тела от воспалений Корея	437248870	-	Кремы	round lab	Дальневосточный и Сибирский	6д 21ч	78	1	77	99	1	77	99	0	0	0	0	0
ROUND LAB MUGWORT CALMING SOOTHING GEL_150ml	Увлажняющий крем гель для лица и тела от воспалений Корея	437248870	-	Кремы	round lab	Южный и Северо-Кавказский	2д 3ч	77	26	51	66	26	51	66	0	0	0	0	0
ROUND LAB MUGWORT CALMING SOOTHING GEL_150ml	Увлажняющий крем гель для лица и тела от воспалений Корея	437248870	-	Кремы	round lab	Приволжский	2д 4ч	55	8	47	85	8	47	85	0	0	0	0	0
ROUND LAB MUGWORT CALMING SOOTHING GEL_150ml	Увлажняющий крем гель для лица и тела от воспалений Корея	437248870	-	Кремы	round lab	Северо-Западный	2д 1ч	42	1	41	98	1	41	98	0	0	0	0	0
ROUND LAB MUGWORT CALMING SOOTHING GEL_150ml	Увлажняющий крем гель для лица и тела от воспалений Корея	437248870	-	Кремы	round lab	Уральский	2д 17ч	45	10	35	78	10	35	78	0	0	0	0	0
ROUND LAB MUGWORT CALMING SOOTHING GEL_150ml	Увлажняющий крем гель для лица и тела от воспалений Корея	437248870	-	Кремы	round lab	Беларусь	1д 17ч	11	0	11	100	0	11	100	0	0	0	0	0
ROUND LAB MUGWORT CALMING SOOTHING GEL_150ml	Увлажняющий крем гель для лица и тела от воспалений Корея	437248870	-	Кремы	round lab	Казахстан	4д 5ч	6	0	6	100	0	6	100	0	0	0	0	0
ROUND LAB MUGWORT CALMING SOOTHING GEL_150ml	Увлажняющий крем гель для лица и тела от воспалений Корея	437248870	-	Кремы	round lab	Таджикистан	7д 12ч	3	0	3	100	0	3	100	0	0	0	0	0
ROUND LAB MUGWORT CALMING SOOTHING GEL_150ml	Увлажняющий крем гель для лица и тела от воспалений Корея	437248870	-	Кремы	round lab	Центральный	1д 4ч	69	66	3	4	66	3	4	0	0	0	0	0
ROUND LAB MUGWORT CALMING SOOTHING GEL_150ml	Увлажняющий крем гель для лица и тела от воспалений Корея	437248870	-	Кремы	round lab	Армения	12д 9ч	2	0	2	100	0	2	100	0	0	0	0	0
ROUND LAB MUGWORT CALMING SOOTHING GEL_150ml	Увлажняющий крем гель для лица и тела от воспалений Корея	437248870	-	Кремы	round lab	Узбекистан	10д 7ч	2	0	2	100	0	2	100	0	0	0	0	0
ROUND LAB MUGWORT CALMING SOOTHING GEL_150ml	Увлажняющий крем гель для лица и тела от воспалений Корея	437248870	-	Кремы	round lab	Грузия	6д 19ч	1	0	1	100	0	1	100	0	0	0	0	0
EKEL Ampule Сream Сollagen [70ml]	Увлажняющий крем для лица с коллагеном ампульный	208202076	-	Кремы	EKEL	Дальневосточный и Сибирский	5д 4ч	149	1	148	99	1	148	99	0	0	0	0	0
EKEL Ampule Сream Сollagen [70ml]	Увлажняющий крем для лица с коллагеном ампульный	208202076	-	Кремы	EKEL	Северо-Западный	2д 5ч	52	3	49	94	3	49	94	0	0	0	27	0
EKEL Ampule Сream Сollagen [70ml]	Увлажняющий крем для лица с коллагеном ампульный	208202076	-	Кремы	EKEL	Беларусь	1д 22ч	28	0	28	100	0	28	100	0	0	0	0	0
EKEL Ampule Сream Сollagen [70ml]	Увлажняющий крем для лица с коллагеном ампульный	208202076	-	Кремы	EKEL	Уральский	1д 12ч	43	24	19	44	24	19	44	0	0	0	0	0
EKEL Ampule Сream Сollagen [70ml]	Увлажняющий крем для лица с коллагеном ампульный	208202076	-	Кремы	EKEL	Казахстан	3д 7ч	13	0	13	100	0	13	100	0	0	0	0	0
EKEL Ampule Сream Сollagen [70ml]	Увлажняющий крем для лица с коллагеном ампульный	208202076	-	Кремы	EKEL	Приволжский	1д 8ч	85	73	12	14	73	12	14	0	0	0	105	0
EKEL Ampule Сream Сollagen [70ml]	Увлажняющий крем для лица с коллагеном ампульный	208202076	-	Кремы	EKEL	Южный и Северо-Кавказский	1д 10ч	127	122	5	4	122	5	4	0	0	0	45	0
EKEL Ampule Сream Сollagen [70ml]	Увлажняющий крем для лица с коллагеном ампульный	208202076	-	Кремы	EKEL	Армения	12д 7ч	3	0	3	100	0	3	100	0	0	0	0	0
EKEL Ampule Сream Сollagen [70ml]	Увлажняющий крем для лица с коллагеном ампульный	208202076	-	Кремы	EKEL	Центральный	1д 3ч	239	238	1	0	238	1	0	0	0	0	70	0
PETITFEE - Chamomile Lightening Hydrogel Mask Pack [5pcs]	Корейские гидрогелевые маски для лица с ромашкой	226117746	-	Маски гидрогелевые	Petitfee	Беларусь	1д 16ч	76	0	76	100	0	76	100	0	0	0	0	0
PETITFEE - Chamomile Lightening Hydrogel Mask Pack [5pcs]	Корейские гидрогелевые маски для лица с ромашкой	226117746	-	Маски гидрогелевые	Petitfee	Дальневосточный и Сибирский	4д 19ч	73	0	73	100	0	73	100	0	0	0	0	0
PETITFEE - Chamomile Lightening Hydrogel Mask Pack [5pcs]	Корейские гидрогелевые маски для лица с ромашкой	226117746	-	Маски гидрогелевые	Petitfee	Северо-Западный	3д 0ч	48	6	42	88	6	42	88	0	0	0	0	0
PETITFEE - Chamomile Lightening Hydrogel Mask Pack [5pcs]	Корейские гидрогелевые маски для лица с ромашкой	226117746	-	Маски гидрогелевые	Petitfee	Центральный	1д 6ч	164	129	35	21	129	35	21	0	0	0	0	0
PETITFEE - Chamomile Lightening Hydrogel Mask Pack [5pcs]	Корейские гидрогелевые маски для лица с ромашкой	226117746	-	Маски гидрогелевые	Petitfee	Уральский	1д 20ч	41	23	18	44	23	18	44	0	0	0	0	0
PETITFEE - Chamomile Lightening Hydrogel Mask Pack [5pcs]	Корейские гидрогелевые маски для лица с ромашкой	226117746	-	Маски гидрогелевые	Petitfee	Южный и Северо-Кавказский	1д 12ч	78	64	14	18	64	14	18	0	0	0	0	0
PETITFEE - Chamomile Lightening Hydrogel Mask Pack [5pcs]	Корейские гидрогелевые маски для лица с ромашкой	226117746	-	Маски гидрогелевые	Petitfee	Приволжский	1д 14ч	43	32	11	26	32	11	26	0	0	0	0	0
PETITFEE - Chamomile Lightening Hydrogel Mask Pack [5pcs]	Корейские гидрогелевые маски для лица с ромашкой	226117746	-	Маски гидрогелевые	Petitfee	Казахстан	4д 2ч	4	0	4	100	0	4	100	0	0	0	0	0
PETITFEE - Chamomile Lightening Hydrogel Mask Pack [5pcs]	Корейские гидрогелевые маски для лица с ромашкой	226117746	-	Маски гидрогелевые	Petitfee	Армения	7д 15ч	2	0	2	100	0	2	100	0	0	0	0	0
PETITFEE - Chamomile Lightening Hydrogel Mask Pack [5pcs]	Корейские гидрогелевые маски для лица с ромашкой	226117746	-	Маски гидрогелевые	Petitfee	Кыргызстан	6д 6ч	2	0	2	100	0	2	100	0	0	0	0	0
PETITFEE - Chamomile Lightening Hydrogel Mask Pack [5pcs]	Корейские гидрогелевые маски для лица с ромашкой	226117746	-	Маски гидрогелевые	Petitfee	Узбекистан	10д 19ч	1	0	1	100	0	1	100	0	0	0	0	0
Elizavecca 24k gold snail Cleansing Foam 180ml	Очищающая пенка для лица с настоящим золотом	190159348	-	Пенки	Elizavecca	Дальневосточный и Сибирский	5д 11ч	131	0	131	100	0	131	100	0	0	0	0	0
Elizavecca 24k gold snail Cleansing Foam 180ml	Очищающая пенка для лица с настоящим золотом	190159348	-	Пенки	Elizavecca	Северо-Западный	2д 2ч	66	0	66	100	0	66	100	0	0	0	0	0
Elizavecca 24k gold snail Cleansing Foam 180ml	Очищающая пенка для лица с настоящим золотом	190159348	-	Пенки	Elizavecca	Уральский	2д 9ч	50	13	37	74	13	37	74	0	0	0	8	0
Elizavecca 24k gold snail Cleansing Foam 180ml	Очищающая пенка для лица с настоящим золотом	190159348	-	Пенки	Elizavecca	Приволжский	1д 10ч	94	75	19	20	75	19	20	0	0	0	0	0
Elizavecca 24k gold snail Cleansing Foam 180ml	Очищающая пенка для лица с настоящим золотом	190159348	-	Пенки	Elizavecca	Беларусь	2д 2ч	9	0	9	100	0	9	100	0	0	0	0	0
Elizavecca 24k gold snail Cleansing Foam 180ml	Очищающая пенка для лица с настоящим золотом	190159348	-	Пенки	Elizavecca	Казахстан	4д 5ч	7	0	7	100	0	7	100	0	0	0	0	0
Elizavecca 24k gold snail Cleansing Foam 180ml	Очищающая пенка для лица с настоящим золотом	190159348	-	Пенки	Elizavecca	Кыргызстан	8д 17ч	2	0	2	100	0	2	100	0	0	0	0	0
Elizavecca 24k gold snail Cleansing Foam 180ml	Очищающая пенка для лица с настоящим золотом	190159348	-	Пенки	Elizavecca	Южный и Северо-Кавказский	1д 11ч	92	91	1	1	91	1	1	0	0	0	57	0
Elizavecca 24k gold snail Cleansing Foam 180ml	Очищающая пенка для лица с настоящим золотом	190159348	-	Пенки	Elizavecca	Центральный	1д 5ч	203	203	0	0	203	0	0	0	0	0	13	0
Робот мойщик окон sBot w250	Робот мойщик окон с распылением мощный	240311751	-	Роботы-стеклоочистители	SKL TECH	Дальневосточный и Сибирский	4д 0ч	96	1	95	99	1	95	99	0	0	0	0	0
Робот мойщик окон sBot w250	Робот мойщик окон с распылением мощный	240311751	-	Роботы-стеклоочистители	SKL TECH	Беларусь	1д 16ч	60	0	60	100	0	60	100	0	0	0	0	0
Робот мойщик окон sBot w250	Робот мойщик окон с распылением мощный	240311751	-	Роботы-стеклоочистители	SKL TECH	Приволжский	1д 12ч	80	46	34	43	46	34	43	0	0	0	0	0
Робот мойщик окон sBot w250	Робот мойщик окон с распылением мощный	240311751	-	Роботы-стеклоочистители	SKL TECH	Северо-Западный	1д 15ч	57	25	32	56	25	32	56	0	0	0	6	0
Робот мойщик окон sBot w250	Робот мойщик окон с распылением мощный	240311751	-	Роботы-стеклоочистители	SKL TECH	Уральский	1д 21ч	46	19	27	59	19	27	59	0	0	0	1	0
Робот мойщик окон sBot w250	Робот мойщик окон с распылением мощный	240311751	-	Роботы-стеклоочистители	SKL TECH	Центральный	1д 7ч	283	273	10	4	273	10	4	0	0	0	0	0
Робот мойщик окон sBot w250	Робот мойщик окон с распылением мощный	240311751	-	Роботы-стеклоочистители	SKL TECH	Армения	11д 0ч	5	0	5	100	0	5	100	0	0	0	0	0
Робот мойщик окон sBot w250	Робот мойщик окон с распылением мощный	240311751	-	Роботы-стеклоочистители	SKL TECH	Казахстан	4д 1ч	3	0	3	100	0	3	100	0	0	0	0	0
Робот мойщик окон sBot w250	Робот мойщик окон с распылением мощный	240311751	-	Роботы-стеклоочистители	SKL TECH	Южный и Северо-Кавказский	1д 9ч	38	36	2	5	36	2	5	0	0	0	0	0
I'm Sorry For My Skin Age Capture Hydrating	Крем для лица увлажняющий ежедневный	206135397	-	Кремы	I'm Sorry for My Skin	Дальневосточный и Сибирский	5д 10ч	87	2	85	98	2	85	98	0	0	0	0	0
I'm Sorry For My Skin Age Capture Hydrating	Крем для лица увлажняющий ежедневный	206135397	-	Кремы	I'm Sorry for My Skin	Северо-Западный	1д 21ч	72	1	71	99	1	71	99	0	0	0	0	0
I'm Sorry For My Skin Age Capture Hydrating	Крем для лица увлажняющий ежедневный	206135397	-	Кремы	I'm Sorry for My Skin	Южный и Северо-Кавказский	1д 22ч	81	43	38	47	43	38	47	0	0	0	0	0
I'm Sorry For My Skin Age Capture Hydrating	Крем для лица увлажняющий ежедневный	206135397	-	Кремы	I'm Sorry for My Skin	Беларусь	1д 21ч	22	0	22	100	0	22	100	0	0	0	0	0
I'm Sorry For My Skin Age Capture Hydrating	Крем для лица увлажняющий ежедневный	206135397	-	Кремы	I'm Sorry for My Skin	Уральский	2д 18ч	22	0	22	100	0	22	100	0	0	0	0	0
I'm Sorry For My Skin Age Capture Hydrating	Крем для лица увлажняющий ежедневный	206135397	-	Кремы	I'm Sorry for My Skin	Центральный	1д 4ч	197	183	14	7	183	14	7	0	0	0	0	0
I'm Sorry For My Skin Age Capture Hydrating	Крем для лица увлажняющий ежедневный	206135397	-	Кремы	I'm Sorry for My Skin	Приволжский	1д 8ч	46	40	6	13	40	6	13	0	0	0	0	0
I'm Sorry For My Skin Age Capture Hydrating	Крем для лица увлажняющий ежедневный	206135397	-	Кремы	I'm Sorry for My Skin	Казахстан	3д 9ч	4	0	4	100	0	4	100	0	0	0	0	0
I'm Sorry For My Skin Age Capture Hydrating	Крем для лица увлажняющий ежедневный	206135397	-	Кремы	I'm Sorry for My Skin	Армения	7д 10ч	2	0	2	100	0	2	100	0	0	0	0	0
I'm Sorry For My Skin Age Capture Hydrating	Крем для лица увлажняющий ежедневный	206135397	-	Кремы	I'm Sorry for My Skin	Узбекистан	7д 22ч	1	0	1	100	0	1	100	0	0	0	0	0
sBotW400	Квадратный робот мойщик квадратный с распылением	176945700	-	Роботы-стеклоочистители	SKL TECH	Дальневосточный и Сибирский	4д 18ч	62	0	62	100	0	60	97	0	2	3	0	0
sBotW400	Квадратный робот мойщик квадратный с распылением	176945700	-	Роботы-стеклоочистители	SKL TECH	Северо-Западный	1д 19ч	60	13	47	78	13	45	75	0	2	3	0	0
sBotW400	Квадратный робот мойщик квадратный с распылением	176945700	-	Роботы-стеклоочистители	SKL TECH	Беларусь	1д 21ч	46	0	46	100	0	42	91	0	4	9	0	0
sBotW400	Квадратный робот мойщик квадратный с распылением	176945700	-	Роботы-стеклоочистители	SKL TECH	Приволжский	1д 17ч	72	27	45	63	27	42	58	0	3	4	0	0
sBotW400	Квадратный робот мойщик квадратный с распылением	176945700	-	Роботы-стеклоочистители	SKL TECH	Уральский	2д 8ч	34	6	28	82	6	26	76	0	2	6	0	0
sBotW400	Квадратный робот мойщик квадратный с распылением	176945700	-	Роботы-стеклоочистители	SKL TECH	Южный и Северо-Кавказский	2д 3ч	45	25	20	44	25	20	44	0	0	0	0	0
sBotW400	Квадратный робот мойщик квадратный с распылением	176945700	-	Роботы-стеклоочистители	SKL TECH	Казахстан	4д 5ч	6	0	6	100	0	6	100	0	0	0	0	0
sBotW400	Квадратный робот мойщик квадратный с распылением	176945700	-	Роботы-стеклоочистители	SKL TECH	Центральный	1д 6ч	111	107	4	4	102	4	4	5	0	0	0	0
sBotW400	Квадратный робот мойщик квадратный с распылением	176945700	-	Роботы-стеклоочистители	SKL TECH	Армения	9д 12ч	2	0	2	100	0	2	100	0	0	0	0	0
Enough Collagen Foundation Cover Up Ultra X10 21 тон	Тональный крем для лица увлажняющий матовый коллаген	170198876	-	Тональные кремы	ENOUGH	Дальневосточный и Сибирский	5д 23ч	92	0	92	100	0	92	100	0	0	0	0	0
Enough Collagen Foundation Cover Up Ultra X10 21 тон	Тональный крем для лица увлажняющий матовый коллаген	170198876	-	Тональные кремы	ENOUGH	Южный и Северо-Кавказский	1д 19ч	135	63	72	53	63	72	53	0	0	0	0	0
Enough Collagen Foundation Cover Up Ultra X10 21 тон	Тональный крем для лица увлажняющий матовый коллаген	170198876	-	Тональные кремы	ENOUGH	Беларусь	1д 18ч	35	0	35	100	0	35	100	0	0	0	0	0
Enough Collagen Foundation Cover Up Ultra X10 21 тон	Тональный крем для лица увлажняющий матовый коллаген	170198876	-	Тональные кремы	ENOUGH	Северо-Западный	1д 18ч	29	0	29	100	0	29	100	0	0	0	0	0
Enough Collagen Foundation Cover Up Ultra X10 21 тон	Тональный крем для лица увлажняющий матовый коллаген	170198876	-	Тональные кремы	ENOUGH	Уральский	1д 17ч	36	20	16	44	20	16	44	0	0	0	0	0
Enough Collagen Foundation Cover Up Ultra X10 21 тон	Тональный крем для лица увлажняющий матовый коллаген	170198876	-	Тональные кремы	ENOUGH	Армения	9д 1ч	7	0	7	100	0	7	100	0	0	0	0	0
Enough Collagen Foundation Cover Up Ultra X10 21 тон	Тональный крем для лица увлажняющий матовый коллаген	170198876	-	Тональные кремы	ENOUGH	Казахстан	4д 18ч	3	0	3	100	0	3	100	0	0	0	0	0
Enough Collagen Foundation Cover Up Ultra X10 21 тон	Тональный крем для лица увлажняющий матовый коллаген	170198876	-	Тональные кремы	ENOUGH	Приволжский	1д 6ч	64	62	2	3	62	2	3	0	0	0	84	0
Enough Collagen Foundation Cover Up Ultra X10 21 тон	Тональный крем для лица увлажняющий матовый коллаген	170198876	-	Тональные кремы	ENOUGH	Центральный	1д 2ч	150	150	0	0	150	0	0	0	0	0	15	0
CELIMAX PORE+DARK SPOT BRIGHTENING PAD [100ml / 40pads]	Отбеливающие тонер пэды для лица	551540924	-	Пэды косметические	Celimax	Дальневосточный и Сибирский	5д 5ч	118	2	116	98	2	116	98	0	0	0	0	0
CELIMAX PORE+DARK SPOT BRIGHTENING PAD [100ml / 40pads]	Отбеливающие тонер пэды для лица	551540924	-	Пэды косметические	Celimax	Южный и Северо-Кавказский	1д 18ч	152	114	38	25	114	38	25	0	0	0	6	0
CELIMAX PORE+DARK SPOT BRIGHTENING PAD [100ml / 40pads]	Отбеливающие тонер пэды для лица	551540924	-	Пэды косметические	Celimax	Северо-Западный	1д 18ч	38	3	35	92	3	35	92	0	0	0	19	0
CELIMAX PORE+DARK SPOT BRIGHTENING PAD [100ml / 40pads]	Отбеливающие тонер пэды для лица	551540924	-	Пэды косметические	Celimax	Приволжский	1д 10ч	77	59	18	23	59	18	23	0	0	0	15	0
CELIMAX PORE+DARK SPOT BRIGHTENING PAD [100ml / 40pads]	Отбеливающие тонер пэды для лица	551540924	-	Пэды косметические	Celimax	Уральский	2д 0ч	39	24	15	38	24	15	38	0	0	0	0	0
CELIMAX PORE+DARK SPOT BRIGHTENING PAD [100ml / 40pads]	Отбеливающие тонер пэды для лица	551540924	-	Пэды косметические	Celimax	Центральный	1д 6ч	190	178	12	6	178	12	6	0	0	0	174	0
CELIMAX PORE+DARK SPOT BRIGHTENING PAD [100ml / 40pads]	Отбеливающие тонер пэды для лица	551540924	-	Пэды косметические	Celimax	Беларусь	2д 0ч	8	0	8	100	0	8	100	0	0	0	0	0
CELIMAX PORE+DARK SPOT BRIGHTENING PAD [100ml / 40pads]	Отбеливающие тонер пэды для лица	551540924	-	Пэды косметические	Celimax	Армения	6д 0ч	3	1	2	67	1	2	67	0	0	0	0	0
CELIMAX PORE+DARK SPOT BRIGHTENING PAD [100ml / 40pads]	Отбеливающие тонер пэды для лица	551540924	-	Пэды косметические	Celimax	Грузия	4д 22ч	1	0	1	100	0	1	100	0	0	0	0	0
CELIMAX PORE+DARK SPOT BRIGHTENING PAD [100ml / 40pads]	Отбеливающие тонер пэды для лица	551540924	-	Пэды косметические	Celimax	Казахстан	2д 19ч	1	0	1	100	0	1	100	0	0	0	0	0
CELIMAX PORE+DARK SPOT BRIGHTENING PAD [100ml / 40pads]	Отбеливающие тонер пэды для лица	551540924	-	Пэды косметические	Celimax	Таджикистан	8д 22ч	1	0	1	100	0	1	100	0	0	0	0	0
CELIMAX PORE+DARK SPOT BRIGHTENING PAD [100ml / 40pads]	Отбеливающие тонер пэды для лица	551540924	-	Пэды косметические	Celimax	Узбекистан	12д 15ч	1	0	1	100	0	1	100	0	0	0	0	0
 ENOUGH COLLAGEN 3IN1 13	Отбеливающий тональный крем для лица 3в1 тон 13	151132051	-	Тональные кремы	ENOUGH	Дальневосточный и Сибирский	4д 19ч	64	0	64	100	0	64	100	0	0	0	0	0
 ENOUGH COLLAGEN 3IN1 13	Отбеливающий тональный крем для лица 3в1 тон 13	151132051	-	Тональные кремы	ENOUGH	Приволжский	1д 13ч	84	38	46	55	38	46	55	0	0	0	0	0
 ENOUGH COLLAGEN 3IN1 13	Отбеливающий тональный крем для лица 3в1 тон 13	151132051	-	Тональные кремы	ENOUGH	Южный и Северо-Кавказский	1д 18ч	119	80	39	33	80	39	33	0	0	0	7	0
 ENOUGH COLLAGEN 3IN1 13	Отбеливающий тональный крем для лица 3в1 тон 13	151132051	-	Тональные кремы	ENOUGH	Уральский	2д 12ч	42	7	35	83	7	35	83	0	0	0	0	0
 ENOUGH COLLAGEN 3IN1 13	Отбеливающий тональный крем для лица 3в1 тон 13	151132051	-	Тональные кремы	ENOUGH	Северо-Западный	2д 3ч	37	5	32	86	5	32	86	0	0	0	0	0
 ENOUGH COLLAGEN 3IN1 13	Отбеливающий тональный крем для лица 3в1 тон 13	151132051	-	Тональные кремы	ENOUGH	Беларусь	1д 13ч	12	0	12	100	0	12	100	0	0	0	0	0
 ENOUGH COLLAGEN 3IN1 13	Отбеливающий тональный крем для лица 3в1 тон 13	151132051	-	Тональные кремы	ENOUGH	Казахстан	4д 3ч	8	0	8	100	0	8	100	0	0	0	0	0
 ENOUGH COLLAGEN 3IN1 13	Отбеливающий тональный крем для лица 3в1 тон 13	151132051	-	Тональные кремы	ENOUGH	Центральный	1д 5ч	146	139	7	5	139	7	5	0	0	0	149	0
 ENOUGH COLLAGEN 3IN1 13	Отбеливающий тональный крем для лица 3в1 тон 13	151132051	-	Тональные кремы	ENOUGH	Армения	13д 20ч	1	0	1	100	0	1	100	0	0	0	0	0
ELIZAVECCA - Natural 90% Olive Cleansing Oil	Корейское гидрофильное масло для умывания	207796439	-	Гидрофильные масла	Elizavecca	Дальневосточный и Сибирский	4д 17ч	103	0	103	100	0	103	100	0	0	0	0	0
ELIZAVECCA - Natural 90% Olive Cleansing Oil	Корейское гидрофильное масло для умывания	207796439	-	Гидрофильные масла	Elizavecca	Северо-Западный	2д 2ч	68	18	50	74	18	50	74	0	0	0	0	0
ELIZAVECCA - Natural 90% Olive Cleansing Oil	Корейское гидрофильное масло для умывания	207796439	-	Гидрофильные масла	Elizavecca	Беларусь	1д 16ч	33	0	33	100	0	33	100	0	0	0	0	0
ELIZAVECCA - Natural 90% Olive Cleansing Oil	Корейское гидрофильное масло для умывания	207796439	-	Гидрофильные масла	Elizavecca	Уральский	1д 19ч	42	22	20	48	22	20	48	0	0	0	0	0
ELIZAVECCA - Natural 90% Olive Cleansing Oil	Корейское гидрофильное масло для умывания	207796439	-	Гидрофильные масла	Elizavecca	Южный и Северо-Кавказский	1д 12ч	136	120	16	12	120	16	12	0	0	0	0	0
ELIZAVECCA - Natural 90% Olive Cleansing Oil	Корейское гидрофильное масло для умывания	207796439	-	Гидрофильные масла	Elizavecca	Центральный	1д 3ч	216	204	12	6	204	12	6	0	0	0	1	0
ELIZAVECCA - Natural 90% Olive Cleansing Oil	Корейское гидрофильное масло для умывания	207796439	-	Гидрофильные масла	Elizavecca	Казахстан	3д 14ч	4	0	4	100	0	4	100	0	0	0	0	0
ELIZAVECCA - Natural 90% Olive Cleansing Oil	Корейское гидрофильное масло для умывания	207796439	-	Гидрофильные масла	Elizavecca	Приволжский	1д 6ч	85	81	4	5	81	4	5	0	0	0	6	0
ELIZAVECCA - Natural 90% Olive Cleansing Oil	Корейское гидрофильное масло для умывания	207796439	-	Гидрофильные масла	Elizavecca	Кыргызстан	10д 1ч	1	0	1	100	0	1	100	0	0	0	0	0
CELIMAX THE REAL NONI STARTER KIT (NEW) [30ml+10ml+10ml]	Увлажняющий набор уходовых средств для лица	551616449	-	Косметические наборы для ухода	Celimax	Приволжский	2д 4ч	59	3	56	95	3	56	95	0	0	0	0	0
CELIMAX THE REAL NONI STARTER KIT (NEW) [30ml+10ml+10ml]	Увлажняющий набор уходовых средств для лица	551616449	-	Косметические наборы для ухода	Celimax	Южный и Северо-Кавказский	1д 22ч	101	49	52	51	49	52	51	0	0	0	1	0
CELIMAX THE REAL NONI STARTER KIT (NEW) [30ml+10ml+10ml]	Увлажняющий набор уходовых средств для лица	551616449	-	Косметические наборы для ухода	Celimax	Центральный	1д 15ч	117	72	45	38	72	45	38	0	0	0	1	0
CELIMAX THE REAL NONI STARTER KIT (NEW) [30ml+10ml+10ml]	Увлажняющий набор уходовых средств для лица	551616449	-	Косметические наборы для ухода	Celimax	Дальневосточный и Сибирский	3д 20ч	35	2	33	94	2	33	94	0	0	0	0	0
CELIMAX THE REAL NONI STARTER KIT (NEW) [30ml+10ml+10ml]	Увлажняющий набор уходовых средств для лица	551616449	-	Косметические наборы для ухода	Celimax	Северо-Западный	2д 10ч	30	1	29	97	1	29	97	0	0	0	0	0
CELIMAX THE REAL NONI STARTER KIT (NEW) [30ml+10ml+10ml]	Увлажняющий набор уходовых средств для лица	551616449	-	Косметические наборы для ухода	Celimax	Уральский	2д 0ч	20	8	12	60	8	12	60	0	0	0	12	0
CELIMAX THE REAL NONI STARTER KIT (NEW) [30ml+10ml+10ml]	Увлажняющий набор уходовых средств для лица	551616449	-	Косметические наборы для ухода	Celimax	Беларусь	1д 21ч	11	0	11	100	0	11	100	0	0	0	0	0
CELIMAX THE REAL NONI STARTER KIT (NEW) [30ml+10ml+10ml]	Увлажняющий набор уходовых средств для лица	551616449	-	Косметические наборы для ухода	Celimax	Казахстан	2д 18ч	6	3	3	50	3	3	50	0	0	0	0	0
CELIMAX THE REAL NONI STARTER KIT (NEW) [30ml+10ml+10ml]	Увлажняющий набор уходовых средств для лица	551616449	-	Косметические наборы для ухода	Celimax	Армения	6д 20ч	2	0	2	100	0	2	100	0	0	0	0	0
ROUND LAB VITA NIACINAMIDE DARK SPOT SERUM 30ml	Сыворотка для лица c витамином С и ниацинамидом	437797551	-	Сыворотки	round lab	Дальневосточный и Сибирский	5д 17ч	87	2	85	98	2	85	98	0	0	0	0	0
ROUND LAB VITA NIACINAMIDE DARK SPOT SERUM 30ml	Сыворотка для лица c витамином С и ниацинамидом	437797551	-	Сыворотки	round lab	Северо-Западный	2д 1ч	53	1	52	98	1	52	98	0	0	0	0	0
ROUND LAB VITA NIACINAMIDE DARK SPOT SERUM 30ml	Сыворотка для лица c витамином С и ниацинамидом	437797551	-	Сыворотки	round lab	Уральский	2д 17ч	37	3	34	92	3	34	92	0	0	0	1	0
ROUND LAB VITA NIACINAMIDE DARK SPOT SERUM 30ml	Сыворотка для лица c витамином С и ниацинамидом	437797551	-	Сыворотки	round lab	Приволжский	1д 13ч	61	38	23	38	38	23	38	0	0	0	0	0
ROUND LAB VITA NIACINAMIDE DARK SPOT SERUM 30ml	Сыворотка для лица c витамином С и ниацинамидом	437797551	-	Сыворотки	round lab	Южный и Северо-Кавказский	1д 15ч	105	87	18	17	87	18	17	0	0	0	61	0
ROUND LAB VITA NIACINAMIDE DARK SPOT SERUM 30ml	Сыворотка для лица c витамином С и ниацинамидом	437797551	-	Сыворотки	round lab	Беларусь	1д 21ч	15	0	15	100	0	15	100	0	0	0	0	0
ROUND LAB VITA NIACINAMIDE DARK SPOT SERUM 30ml	Сыворотка для лица c витамином С и ниацинамидом	437797551	-	Сыворотки	round lab	Центральный	1д 7ч	160	152	8	5	152	8	5	0	0	0	15	0
ROUND LAB VITA NIACINAMIDE DARK SPOT SERUM 30ml	Сыворотка для лица c витамином С и ниацинамидом	437797551	-	Сыворотки	round lab	Армения	4д 12ч	6	3	3	50	3	3	50	0	0	0	0	0
ROUND LAB VITA NIACINAMIDE DARK SPOT SERUM 30ml	Сыворотка для лица c витамином С и ниацинамидом	437797551	-	Сыворотки	round lab	Казахстан	4д 10ч	2	0	2	100	0	2	100	0	0	0	0	0
ROUND LAB VITA NIACINAMIDE DARK SPOT SERUM 30ml	Сыворотка для лица c витамином С и ниацинамидом	437797551	-	Сыворотки	round lab	Грузия	7д 0ч	1	0	1	100	0	1	100	0	0	0	0	0
ROUND LAB VITA NIACINAMIDE DARK SPOT SERUM 30ml	Сыворотка для лица c витамином С и ниацинамидом	437797551	-	Сыворотки	round lab	Кыргызстан	8д 9ч	1	0	1	100	0	1	100	0	0	0	0	0
Petitfee GOLD & SNAIL HYDROGEL EYE PATCH	Гидрогелевые патчи для глаз Корея антивозрастные от отеков	179611207	-	Патчи	Petitfee	Северо-Западный	1д 21ч	64	5	59	92	5	59	92	0	0	0	0	0
Petitfee GOLD & SNAIL HYDROGEL EYE PATCH	Гидрогелевые патчи для глаз Корея антивозрастные от отеков	179611207	-	Патчи	Petitfee	Дальневосточный и Сибирский	4д 13ч	47	0	47	100	0	47	100	0	0	0	0	0
Petitfee GOLD & SNAIL HYDROGEL EYE PATCH	Гидрогелевые патчи для глаз Корея антивозрастные от отеков	179611207	-	Патчи	Petitfee	Центральный	1д 5ч	204	172	32	16	172	32	16	0	0	0	0	0
Petitfee GOLD & SNAIL HYDROGEL EYE PATCH	Гидрогелевые патчи для глаз Корея антивозрастные от отеков	179611207	-	Патчи	Petitfee	Южный и Северо-Кавказский	1д 21ч	60	32	28	47	32	28	47	0	0	0	0	0
Petitfee GOLD & SNAIL HYDROGEL EYE PATCH	Гидрогелевые патчи для глаз Корея антивозрастные от отеков	179611207	-	Патчи	Petitfee	Приволжский	1д 8ч	77	52	25	32	52	25	32	0	0	0	0	0
Petitfee GOLD & SNAIL HYDROGEL EYE PATCH	Гидрогелевые патчи для глаз Корея антивозрастные от отеков	179611207	-	Патчи	Petitfee	Уральский	1д 21ч	33	12	21	64	12	21	64	0	0	0	0	0
Petitfee GOLD & SNAIL HYDROGEL EYE PATCH	Гидрогелевые патчи для глаз Корея антивозрастные от отеков	179611207	-	Патчи	Petitfee	Беларусь	1д 16ч	20	0	20	100	0	20	100	0	0	0	0	0
Petitfee GOLD & SNAIL HYDROGEL EYE PATCH	Гидрогелевые патчи для глаз Корея антивозрастные от отеков	179611207	-	Патчи	Petitfee	Армения	6д 15ч	2	0	2	100	0	2	100	0	0	0	0	0
Petitfee GOLD & SNAIL HYDROGEL EYE PATCH	Гидрогелевые патчи для глаз Корея антивозрастные от отеков	179611207	-	Патчи	Petitfee	Казахстан	4д 14ч	1	0	1	100	0	1	100	0	0	0	0	0
Baking Powder BB Deep Cleansing Foam 3в1 30	Очищающая пенка для снятия макияжа Baking Powder 30ml	154159632	-	Пенки	Etude house	Дальневосточный и Сибирский	5д 11ч	108	2	106	98	2	106	98	0	0	0	0	0
Baking Powder BB Deep Cleansing Foam 3в1 30	Очищающая пенка для снятия макияжа Baking Powder 30ml	154159632	-	Пенки	Etude house	Уральский	2д 2ч	56	26	30	54	26	30	54	0	0	0	14	0
Baking Powder BB Deep Cleansing Foam 3в1 30	Очищающая пенка для снятия макияжа Baking Powder 30ml	154159632	-	Пенки	Etude house	Приволжский	1д 18ч	66	37	29	44	37	29	44	0	0	0	11	0
Baking Powder BB Deep Cleansing Foam 3в1 30	Очищающая пенка для снятия макияжа Baking Powder 30ml	154159632	-	Пенки	Etude house	Северо-Западный	1д 22ч	27	1	26	96	1	26	96	0	0	0	0	0
Baking Powder BB Deep Cleansing Foam 3в1 30	Очищающая пенка для снятия макияжа Baking Powder 30ml	154159632	-	Пенки	Etude house	Южный и Северо-Кавказский	1д 18ч	82	59	23	28	59	23	28	0	0	0	4	0
Baking Powder BB Deep Cleansing Foam 3в1 30	Очищающая пенка для снятия макияжа Baking Powder 30ml	154159632	-	Пенки	Etude house	Центральный	1д 6ч	115	108	7	6	108	7	6	0	0	0	154	0
Baking Powder BB Deep Cleansing Foam 3в1 30	Очищающая пенка для снятия макияжа Baking Powder 30ml	154159632	-	Пенки	Etude house	Казахстан	4д 8ч	5	0	5	100	0	5	100	0	0	0	0	0
Baking Powder BB Deep Cleansing Foam 3в1 30	Очищающая пенка для снятия макияжа Baking Powder 30ml	154159632	-	Пенки	Etude house	Беларусь	1д 20ч	3	0	3	100	0	3	100	0	0	0	0	0
Baking Powder BB Deep Cleansing Foam 3в1 30	Очищающая пенка для снятия макияжа Baking Powder 30ml	154159632	-	Пенки	Etude house	Армения	16д 23ч	1	0	1	100	0	1	100	0	0	0	0	0
Baking Powder BB Deep Cleansing Foam 3в1 30	Очищающая пенка для снятия макияжа Baking Powder 30ml	154159632	-	Пенки	Etude house	Таджикистан	4д 15ч	1	0	1	100	0	1	100	0	0	0	0	0
Baking Powder BB Deep Cleansing Foam 3в1 30	Очищающая пенка для снятия макияжа Baking Powder 30ml	154159632	-	Пенки	Etude house	Узбекистан	6д 14ч	1	0	1	100	0	1	100	0	0	0	0	0
Collagen_Enough_Moisture_Foundation_21	Увлажняющий тональный крем для лица матовый Collagen тон 21	150925322	-	Тональные кремы	ENOUGH	Дальневосточный и Сибирский	4д 6ч	83	1	82	99	1	82	99	0	0	0	0	0
Collagen_Enough_Moisture_Foundation_21	Увлажняющий тональный крем для лица матовый Collagen тон 21	150925322	-	Тональные кремы	ENOUGH	Северо-Западный	1д 19ч	56	2	54	96	2	54	96	0	0	0	0	0
Collagen_Enough_Moisture_Foundation_21	Увлажняющий тональный крем для лица матовый Collagen тон 21	150925322	-	Тональные кремы	ENOUGH	Уральский	1д 15ч	38	15	23	61	15	23	61	0	0	0	125	0
Collagen_Enough_Moisture_Foundation_21	Увлажняющий тональный крем для лица матовый Collagen тон 21	150925322	-	Тональные кремы	ENOUGH	Южный и Северо-Кавказский	1д 15ч	93	72	21	23	72	21	23	0	0	0	31	0
Collagen_Enough_Moisture_Foundation_21	Увлажняющий тональный крем для лица матовый Collagen тон 21	150925322	-	Тональные кремы	ENOUGH	Беларусь	1д 18ч	20	0	20	100	0	20	100	0	0	0	0	0
Collagen_Enough_Moisture_Foundation_21	Увлажняющий тональный крем для лица матовый Collagen тон 21	150925322	-	Тональные кремы	ENOUGH	Приволжский	1д 6ч	95	75	20	21	75	20	21	0	0	0	133	0
Collagen_Enough_Moisture_Foundation_21	Увлажняющий тональный крем для лица матовый Collagen тон 21	150925322	-	Тональные кремы	ENOUGH	Армения	8д 13ч	2	0	2	100	0	2	100	0	0	0	0	0
Collagen_Enough_Moisture_Foundation_21	Увлажняющий тональный крем для лица матовый Collagen тон 21	150925322	-	Тональные кремы	ENOUGH	Казахстан	5д 10ч	1	0	1	100	0	1	100	0	0	0	0	0
Collagen_Enough_Moisture_Foundation_21	Увлажняющий тональный крем для лица матовый Collagen тон 21	150925322	-	Тональные кремы	ENOUGH	Таджикистан	6д 0ч	1	0	1	100	0	1	100	0	0	0	0	0
Collagen_Enough_Moisture_Foundation_21	Увлажняющий тональный крем для лица матовый Collagen тон 21	150925322	-	Тональные кремы	ENOUGH	Центральный	1д 3ч	181	181	0	0	181	0	0	0	0	0	301	0
FARMSTAY - Collagen Pure Cleansing Foam [180ml]	Корейская пенка для умывания лица увлажняющая	207476777	-	Скрабы	Farm Stay	Дальневосточный и Сибирский	6д 17ч	109	0	109	100	0	109	100	0	0	0	0	0
FARMSTAY - Collagen Pure Cleansing Foam [180ml]	Корейская пенка для умывания лица увлажняющая	207476777	-	Скрабы	Farm Stay	Северо-Западный	1д 19ч	50	4	46	92	4	46	92	0	0	0	8	0
FARMSTAY - Collagen Pure Cleansing Foam [180ml]	Корейская пенка для умывания лица увлажняющая	207476777	-	Скрабы	Farm Stay	Уральский	2д 7ч	55	19	36	65	19	36	65	0	0	0	16	0
FARMSTAY - Collagen Pure Cleansing Foam [180ml]	Корейская пенка для умывания лица увлажняющая	207476777	-	Скрабы	Farm Stay	Беларусь	1д 17ч	11	0	11	100	0	11	100	0	0	0	0	0
FARMSTAY - Collagen Pure Cleansing Foam [180ml]	Корейская пенка для умывания лица увлажняющая	207476777	-	Скрабы	Farm Stay	Казахстан	3д 13ч	9	0	9	100	0	9	100	0	0	0	0	0
FARMSTAY - Collagen Pure Cleansing Foam [180ml]	Корейская пенка для умывания лица увлажняющая	207476777	-	Скрабы	Farm Stay	Приволжский	1д 8ч	39	32	7	18	32	7	18	0	0	0	3	0
FARMSTAY - Collagen Pure Cleansing Foam [180ml]	Корейская пенка для умывания лица увлажняющая	207476777	-	Скрабы	Farm Stay	Кыргызстан	7д 21ч	3	0	3	100	0	3	100	0	0	0	0	0
FARMSTAY - Collagen Pure Cleansing Foam [180ml]	Корейская пенка для умывания лица увлажняющая	207476777	-	Скрабы	Farm Stay	Армения	9д 10ч	3	1	2	67	1	2	67	0	0	0	0	0
FARMSTAY - Collagen Pure Cleansing Foam [180ml]	Корейская пенка для умывания лица увлажняющая	207476777	-	Скрабы	Farm Stay	Узбекистан	7д 20ч	1	0	1	100	0	1	100	0	0	0	0	0
FARMSTAY - Collagen Pure Cleansing Foam [180ml]	Корейская пенка для умывания лица увлажняющая	207476777	-	Скрабы	Farm Stay	Центральный	1д 1ч	104	104	0	0	104	0	0	0	0	0	89	0
FARMSTAY - Collagen Pure Cleansing Foam [180ml]	Корейская пенка для умывания лица увлажняющая	207476777	-	Скрабы	Farm Stay	Южный и Северо-Кавказский	1д 8ч	80	80	0	0	80	0	0	0	0	0	68	0
LANEIGE LIP SLEEPING MASK-BERRY [3g]	Бальзам маска для губ Lip Sleeping Mask Berry	868761530	-	Бальзамы	LANEIGE	Дальневосточный и Сибирский	4д 17ч	66	2	64	97	2	64	97	0	0	0	0	0
LANEIGE LIP SLEEPING MASK-BERRY [3g]	Бальзам маска для губ Lip Sleeping Mask Berry	868761530	-	Бальзамы	LANEIGE	Приволжский	1д 19ч	60	16	44	73	16	44	73	0	0	0	56	0
LANEIGE LIP SLEEPING MASK-BERRY [3g]	Бальзам маска для губ Lip Sleeping Mask Berry	868761530	-	Бальзамы	LANEIGE	Северо-Западный	1д 22ч	51	9	42	82	9	42	82	0	0	0	22	0
LANEIGE LIP SLEEPING MASK-BERRY [3g]	Бальзам маска для губ Lip Sleeping Mask Berry	868761530	-	Бальзамы	LANEIGE	Южный и Северо-Кавказский	1д 14ч	87	67	20	23	67	20	23	0	0	0	0	0
LANEIGE LIP SLEEPING MASK-BERRY [3g]	Бальзам маска для губ Lip Sleeping Mask Berry	868761530	-	Бальзамы	LANEIGE	Беларусь	1д 16ч	15	0	15	100	0	15	100	0	0	0	0	0
LANEIGE LIP SLEEPING MASK-BERRY [3g]	Бальзам маска для губ Lip Sleeping Mask Berry	868761530	-	Бальзамы	LANEIGE	Казахстан	5д 2ч	13	0	13	100	0	13	100	0	0	0	0	0
LANEIGE LIP SLEEPING MASK-BERRY [3g]	Бальзам маска для губ Lip Sleeping Mask Berry	868761530	-	Бальзамы	LANEIGE	Уральский	1д 19ч	27	15	12	44	15	12	44	0	0	0	78	0
LANEIGE LIP SLEEPING MASK-BERRY [3g]	Бальзам маска для губ Lip Sleeping Mask Berry	868761530	-	Бальзамы	LANEIGE	Армения	10д 4ч	6	0	6	100	0	6	100	0	0	0	0	0
LANEIGE LIP SLEEPING MASK-BERRY [3g]	Бальзам маска для губ Lip Sleeping Mask Berry	868761530	-	Бальзамы	LANEIGE	Грузия	5д 11ч	2	0	2	100	0	2	100	0	0	0	0	0
LANEIGE LIP SLEEPING MASK-BERRY [3g]	Бальзам маска для губ Lip Sleeping Mask Berry	868761530	-	Бальзамы	LANEIGE	Узбекистан	11д 11ч	2	0	2	100	0	2	100	0	0	0	0	0
LANEIGE LIP SLEEPING MASK-BERRY [3g]	Бальзам маска для губ Lip Sleeping Mask Berry	868761530	-	Бальзамы	LANEIGE	Центральный	1д 4ч	191	190	1	1	190	1	1	0	0	0	97	0
dm7dm9	Дед Мороз под елку 35 см	103431353	-	Фигурки и статуэтки	Дед Мороз Фигурка	Приволжский	2д 10ч	58	6	52	90	6	52	90	0	0	0	0	0
dm7dm9	Дед Мороз под елку 35 см	103431353	-	Фигурки и статуэтки	Дед Мороз Фигурка	Дальневосточный и Сибирский	6д 5ч	46	2	44	96	2	44	96	0	0	0	0	0
dm7dm9	Дед Мороз под елку 35 см	103431353	-	Фигурки и статуэтки	Дед Мороз Фигурка	Центральный	2д 1ч	73	30	43	59	30	43	59	0	0	0	0	0
dm7dm9	Дед Мороз под елку 35 см	103431353	-	Фигурки и статуэтки	Дед Мороз Фигурка	Беларусь	2д 10ч	28	1	27	96	1	27	96	0	0	0	0	0
dm7dm9	Дед Мороз под елку 35 см	103431353	-	Фигурки и статуэтки	Дед Мороз Фигурка	Южный и Северо-Кавказский	1д 20ч	59	42	17	29	42	17	29	0	0	0	1	0
dm7dm9	Дед Мороз под елку 35 см	103431353	-	Фигурки и статуэтки	Дед Мороз Фигурка	Уральский	3д 8ч	22	8	14	64	8	14	64	0	0	0	0	0
dm7dm9	Дед Мороз под елку 35 см	103431353	-	Фигурки и статуэтки	Дед Мороз Фигурка	Северо-Западный	3д 0ч	14	1	13	93	1	13	93	0	0	0	0	0
dm7dm9	Дед Мороз под елку 35 см	103431353	-	Фигурки и статуэтки	Дед Мороз Фигурка	Армения	21д 19ч	3	0	3	100	0	3	100	0	0	0	0	0
dm7dm9	Дед Мороз под елку 35 см	103431353	-	Фигурки и статуэтки	Дед Мороз Фигурка	Казахстан	5д 19ч	2	0	2	100	0	2	100	0	0	0	0	0
dm7dm9	Дед Мороз под елку 35 см	103431353	-	Фигурки и статуэтки	Дед Мороз Фигурка	Узбекистан	9д 22ч	1	0	1	100	0	1	100	0	0	0	0	0
Enough Rich Gold Double Wea Radiance Foundation 21 тон	Тональный крем для лица увлажняющий эффект сияния	170198109	-	Тональные кремы	ENOUGH	Дальневосточный и Сибирский	3д 18ч	84	1	83	99	1	83	99	0	0	0	0	0
Enough Rich Gold Double Wea Radiance Foundation 21 тон	Тональный крем для лица увлажняющий эффект сияния	170198109	-	Тональные кремы	ENOUGH	Южный и Северо-Кавказский	1д 17ч	119	80	39	33	80	39	33	0	0	0	0	0
Enough Rich Gold Double Wea Radiance Foundation 21 тон	Тональный крем для лица увлажняющий эффект сияния	170198109	-	Тональные кремы	ENOUGH	Беларусь	1д 17ч	28	0	28	100	0	28	100	0	0	0	0	0
Enough Rich Gold Double Wea Radiance Foundation 21 тон	Тональный крем для лица увлажняющий эффект сияния	170198109	-	Тональные кремы	ENOUGH	Армения	10д 0ч	22	2	20	91	2	20	91	0	0	0	0	0
Enough Rich Gold Double Wea Radiance Foundation 21 тон	Тональный крем для лица увлажняющий эффект сияния	170198109	-	Тональные кремы	ENOUGH	Северо-Западный	1д 7ч	27	12	15	56	12	15	56	0	0	0	46	0
Enough Rich Gold Double Wea Radiance Foundation 21 тон	Тональный крем для лица увлажняющий эффект сияния	170198109	-	Тональные кремы	ENOUGH	Уральский	1д 14ч	39	27	12	31	27	12	31	0	0	0	0	0
Enough Rich Gold Double Wea Radiance Foundation 21 тон	Тональный крем для лица увлажняющий эффект сияния	170198109	-	Тональные кремы	ENOUGH	Приволжский	1д 7ч	84	74	10	12	74	10	12	0	0	0	64	0
Enough Rich Gold Double Wea Radiance Foundation 21 тон	Тональный крем для лица увлажняющий эффект сияния	170198109	-	Тональные кремы	ENOUGH	Казахстан	3д 16ч	7	0	7	100	0	7	100	0	0	0	0	0
Enough Rich Gold Double Wea Radiance Foundation 21 тон	Тональный крем для лица увлажняющий эффект сияния	170198109	-	Тональные кремы	ENOUGH	Грузия	7д 13ч	1	0	1	100	0	1	100	0	0	0	0	0
Enough Rich Gold Double Wea Radiance Foundation 21 тон	Тональный крем для лица увлажняющий эффект сияния	170198109	-	Тональные кремы	ENOUGH	Кыргызстан	7д 8ч	1	0	1	100	0	1	100	0	0	0	0	0
Enough Rich Gold Double Wea Radiance Foundation 21 тон	Тональный крем для лица увлажняющий эффект сияния	170198109	-	Тональные кремы	ENOUGH	Центральный	1д 3ч	156	156	0	0	156	0	0	0	0	0	65	0
JIGOTT - Aura Secret Hyaluronec Acid Toner [300ml]	Увлажняюший тонер для лица с гиалуроновой кислотой	212883090	-	Тоники	Jigott	Дальневосточный и Сибирский	3д 12ч	92	1	91	99	1	91	99	0	0	0	0	0
JIGOTT - Aura Secret Hyaluronec Acid Toner [300ml]	Увлажняюший тонер для лица с гиалуроновой кислотой	212883090	-	Тоники	Jigott	Северо-Западный	1д 19ч	46	0	46	100	0	46	100	0	0	0	0	0
JIGOTT - Aura Secret Hyaluronec Acid Toner [300ml]	Увлажняюший тонер для лица с гиалуроновой кислотой	212883090	-	Тоники	Jigott	Уральский	1д 14ч	40	16	24	60	16	24	60	0	0	0	0	0
JIGOTT - Aura Secret Hyaluronec Acid Toner [300ml]	Увлажняюший тонер для лица с гиалуроновой кислотой	212883090	-	Тоники	Jigott	Приволжский	1д 12ч	92	69	23	25	69	23	25	0	0	0	17	0
JIGOTT - Aura Secret Hyaluronec Acid Toner [300ml]	Увлажняюший тонер для лица с гиалуроновой кислотой	212883090	-	Тоники	Jigott	Беларусь	1д 19ч	18	0	18	100	0	18	100	0	0	0	0	0
JIGOTT - Aura Secret Hyaluronec Acid Toner [300ml]	Увлажняюший тонер для лица с гиалуроновой кислотой	212883090	-	Тоники	Jigott	Казахстан	4д 21ч	3	0	3	100	0	3	100	0	0	0	0	0
JIGOTT - Aura Secret Hyaluronec Acid Toner [300ml]	Увлажняюший тонер для лица с гиалуроновой кислотой	212883090	-	Тоники	Jigott	Южный и Северо-Кавказский	1д 10ч	87	85	2	2	85	2	2	0	0	0	51	0
JIGOTT - Aura Secret Hyaluronec Acid Toner [300ml]	Увлажняюший тонер для лица с гиалуроновой кислотой	212883090	-	Тоники	Jigott	Армения	8д 9ч	2	1	1	50	1	1	50	0	0	0	0	0
JIGOTT - Aura Secret Hyaluronec Acid Toner [300ml]	Увлажняюший тонер для лица с гиалуроновой кислотой	212883090	-	Тоники	Jigott	Центральный	1д 3ч	195	195	0	0	195	0	0	0	0	0	13	0
ROUND LAB VITA NIACINAMIDE DARK SPOT CREAM 50ml	Крем для лица с ниацинамидом от чёрных точек Корея	437845041	-	Кремы	round lab	Дальневосточный и Сибирский	5д 4ч	88	1	87	99	1	87	99	0	0	0	0	0
ROUND LAB VITA NIACINAMIDE DARK SPOT CREAM 50ml	Крем для лица с ниацинамидом от чёрных точек Корея	437845041	-	Кремы	round lab	Северо-Западный	2д 1ч	43	0	43	100	0	43	100	0	0	0	0	0
ROUND LAB VITA NIACINAMIDE DARK SPOT CREAM 50ml	Крем для лица с ниацинамидом от чёрных точек Корея	437845041	-	Кремы	round lab	Южный и Северо-Кавказский	1д 21ч	76	47	29	38	47	29	38	0	0	0	0	0
ROUND LAB VITA NIACINAMIDE DARK SPOT CREAM 50ml	Крем для лица с ниацинамидом от чёрных точек Корея	437845041	-	Кремы	round lab	Приволжский	1д 8ч	50	37	13	26	37	13	26	0	0	0	0	0
ROUND LAB VITA NIACINAMIDE DARK SPOT CREAM 50ml	Крем для лица с ниацинамидом от чёрных точек Корея	437845041	-	Кремы	round lab	Уральский	1д 19ч	30	18	12	40	18	12	40	0	0	0	0	0
ROUND LAB VITA NIACINAMIDE DARK SPOT CREAM 50ml	Крем для лица с ниацинамидом от чёрных точек Корея	437845041	-	Кремы	round lab	Центральный	1д 5ч	112	100	12	11	100	12	11	0	0	0	0	0
ROUND LAB VITA NIACINAMIDE DARK SPOT CREAM 50ml	Крем для лица с ниацинамидом от чёрных точек Корея	437845041	-	Кремы	round lab	Беларусь	2д 3ч	4	0	4	100	0	4	100	0	0	0	0	0
ROUND LAB VITA NIACINAMIDE DARK SPOT CREAM 50ml	Крем для лица с ниацинамидом от чёрных точек Корея	437845041	-	Кремы	round lab	Армения	5д 9ч	4	1	3	75	1	3	75	0	0	0	0	0
ROUND LAB VITA NIACINAMIDE DARK SPOT CREAM 50ml	Крем для лица с ниацинамидом от чёрных точек Корея	437845041	-	Кремы	round lab	Казахстан	3д 1ч	3	0	3	100	0	3	100	0	0	0	0	0
COSRX AHA/BHA Clarifying Treatment Toner [150ml]	Мягкий тонер для лица с кислотами AHA BHA	207481714	-	Тоники	COSRX	Южный и Северо-Кавказский	2д 1ч	95	39	56	59	39	56	59	0	0	0	0	0
COSRX AHA/BHA Clarifying Treatment Toner [150ml]	Мягкий тонер для лица с кислотами AHA BHA	207481714	-	Тоники	COSRX	Северо-Западный	2д 11ч	45	1	44	98	1	44	98	0	0	0	0	0
COSRX AHA/BHA Clarifying Treatment Toner [150ml]	Мягкий тонер для лица с кислотами AHA BHA	207481714	-	Тоники	COSRX	Центральный	1д 12ч	122	92	30	25	92	30	25	0	0	0	0	0
COSRX AHA/BHA Clarifying Treatment Toner [150ml]	Мягкий тонер для лица с кислотами AHA BHA	207481714	-	Тоники	COSRX	Дальневосточный и Сибирский	4д 6ч	29	0	29	100	0	29	100	0	0	0	0	0
COSRX AHA/BHA Clarifying Treatment Toner [150ml]	Мягкий тонер для лица с кислотами AHA BHA	207481714	-	Тоники	COSRX	Уральский	2д 3ч	18	0	18	100	0	18	100	0	0	0	0	0
COSRX AHA/BHA Clarifying Treatment Toner [150ml]	Мягкий тонер для лица с кислотами AHA BHA	207481714	-	Тоники	COSRX	Беларусь	2д 4ч	15	0	15	100	0	15	100	0	0	0	0	0
COSRX AHA/BHA Clarifying Treatment Toner [150ml]	Мягкий тонер для лица с кислотами AHA BHA	207481714	-	Тоники	COSRX	Армения	7д 4ч	3	0	3	100	0	3	100	0	0	0	0	0
COSRX AHA/BHA Clarifying Treatment Toner [150ml]	Мягкий тонер для лица с кислотами AHA BHA	207481714	-	Тоники	COSRX	Грузия	7д 0ч	2	0	2	100	0	2	100	0	0	0	0	0
COSRX AHA/BHA Clarifying Treatment Toner [150ml]	Мягкий тонер для лица с кислотами AHA BHA	207481714	-	Тоники	COSRX	Казахстан	2д 1ч	2	0	2	100	0	2	100	0	0	0	0	0
COSRX AHA/BHA Clarifying Treatment Toner [150ml]	Мягкий тонер для лица с кислотами AHA BHA	207481714	-	Тоники	COSRX	Приволжский	1д 7ч	46	44	2	4	44	2	4	0	0	0	0	0
COSRX AHA/BHA Clarifying Treatment Toner [150ml]	Мягкий тонер для лица с кислотами AHA BHA	207481714	-	Тоники	COSRX	Таджикистан	10д 19ч	1	0	1	100	0	1	100	0	0	0	0	0
dm7dm1	Дед Мороз под елку 35 см	48905926	-	Фигурки и статуэтки	Дед Мороз Фигурка	Беларусь	2д 15ч	42	0	42	100	0	42	100	0	0	0	0	0
dm7dm1	Дед Мороз под елку 35 см	48905926	-	Фигурки и статуэтки	Дед Мороз Фигурка	Приволжский	2д 8ч	61	21	40	66	21	40	66	0	0	0	0	0
dm7dm1	Дед Мороз под елку 35 см	48905926	-	Фигурки и статуэтки	Дед Мороз Фигурка	Центральный	1д 19ч	98	70	28	29	70	28	29	0	0	0	0	0
dm7dm1	Дед Мороз под елку 35 см	48905926	-	Фигурки и статуэтки	Дед Мороз Фигурка	Южный и Северо-Кавказский	2д 6ч	52	25	27	52	25	27	52	0	0	0	0	0
dm7dm1	Дед Мороз под елку 35 см	48905926	-	Фигурки и статуэтки	Дед Мороз Фигурка	Дальневосточный и Сибирский	4д 22ч	29	6	23	79	6	23	79	0	0	0	0	0
dm7dm1	Дед Мороз под елку 35 см	48905926	-	Фигурки и статуэтки	Дед Мороз Фигурка	Северо-Западный	2д 11ч	19	1	18	95	1	18	95	0	0	0	0	0
dm7dm1	Дед Мороз под елку 35 см	48905926	-	Фигурки и статуэтки	Дед Мороз Фигурка	Уральский	3д 1ч	22	4	18	82	4	18	82	0	0	0	0	0
dm7dm1	Дед Мороз под елку 35 см	48905926	-	Фигурки и статуэтки	Дед Мороз Фигурка	Казахстан	6д 4ч	3	0	3	100	0	3	100	0	0	0	0	0
dm7dm1	Дед Мороз под елку 35 см	48905926	-	Фигурки и статуэтки	Дед Мороз Фигурка	Армения	7д 17ч	2	0	2	100	0	2	100	0	0	0	0	0
dm7dm13	Дед Мороз под елку 35 см	103442522	-	Фигурки и статуэтки	Дед Мороз Фигурка	Центральный	1д 17ч	78	36	42	54	36	42	54	0	0	0	0	0
dm7dm13	Дед Мороз под елку 35 см	103442522	-	Фигурки и статуэтки	Дед Мороз Фигурка	Беларусь	3д 12ч	38	0	38	100	0	38	100	0	0	0	0	0
dm7dm13	Дед Мороз под елку 35 см	103442522	-	Фигурки и статуэтки	Дед Мороз Фигурка	Южный и Северо-Кавказский	2д 4ч	44	9	35	80	9	35	80	0	0	0	0	0
dm7dm13	Дед Мороз под елку 35 см	103442522	-	Фигурки и статуэтки	Дед Мороз Фигурка	Дальневосточный и Сибирский	4д 22ч	31	5	26	84	5	26	84	0	0	0	0	0
dm7dm13	Дед Мороз под елку 35 см	103442522	-	Фигурки и статуэтки	Дед Мороз Фигурка	Северо-Западный	2д 2ч	25	1	24	96	1	24	96	0	0	0	0	0
dm7dm13	Дед Мороз под елку 35 см	103442522	-	Фигурки и статуэтки	Дед Мороз Фигурка	Уральский	2д 4ч	24	4	20	83	4	20	83	0	0	0	0	0
dm7dm13	Дед Мороз под елку 35 см	103442522	-	Фигурки и статуэтки	Дед Мороз Фигурка	Приволжский	1д 12ч	54	47	7	13	47	7	13	0	0	0	0	0
dm7dm13	Дед Мороз под елку 35 см	103442522	-	Фигурки и статуэтки	Дед Мороз Фигурка	Казахстан	5д 8ч	6	1	5	83	1	5	83	0	0	0	0	0
dm7dm13	Дед Мороз под елку 35 см	103442522	-	Фигурки и статуэтки	Дед Мороз Фигурка	Армения	6д 23ч	2	0	2	100	0	2	100	0	0	0	0	0
I'm Sorry for My Skin Age Крем Capture Firming Enriched	Крем для лица увлажняющий	206122859	-	Кремы	I'm Sorry for My Skin	Дальневосточный и Сибирский	6д 0ч	76	1	75	99	1	75	99	0	0	0	0	0
I'm Sorry for My Skin Age Крем Capture Firming Enriched	Крем для лица увлажняющий	206122859	-	Кремы	I'm Sorry for My Skin	Северо-Западный	2д 11ч	45	0	45	100	0	45	100	0	0	0	0	0
I'm Sorry for My Skin Age Крем Capture Firming Enriched	Крем для лица увлажняющий	206122859	-	Кремы	I'm Sorry for My Skin	Центральный	1д 11ч	125	99	26	21	99	26	21	0	0	0	0	0
I'm Sorry for My Skin Age Крем Capture Firming Enriched	Крем для лица увлажняющий	206122859	-	Кремы	I'm Sorry for My Skin	Южный и Северо-Кавказский	1д 16ч	67	49	18	27	49	18	27	0	0	0	0	0
I'm Sorry for My Skin Age Крем Capture Firming Enriched	Крем для лица увлажняющий	206122859	-	Кремы	I'm Sorry for My Skin	Приволжский	1д 11ч	47	35	12	26	35	12	26	0	0	0	0	0
I'm Sorry for My Skin Age Крем Capture Firming Enriched	Крем для лица увлажняющий	206122859	-	Кремы	I'm Sorry for My Skin	Уральский	2д 0ч	16	6	10	63	6	10	63	0	0	0	0	0
I'm Sorry for My Skin Age Крем Capture Firming Enriched	Крем для лица увлажняющий	206122859	-	Кремы	I'm Sorry for My Skin	Беларусь	1д 20ч	9	0	9	100	0	9	100	0	0	0	0	0
I'm Sorry for My Skin Age Крем Capture Firming Enriched	Крем для лица увлажняющий	206122859	-	Кремы	I'm Sorry for My Skin	Казахстан	2д 16ч	2	0	2	100	0	2	100	0	0	0	0	0
I'm Sorry for My Skin Age Крем Capture Firming Enriched	Крем для лица увлажняющий	206122859	-	Кремы	I'm Sorry for My Skin	Армения	10д 5ч	1	0	1	100	0	1	100	0	0	0	0	0
Lamp_white_26cm	Кольцевая лампа со штативом белая 26 см	198620596	-	Кольцевые лампы	SKL TECH	Дальневосточный и Сибирский	4д 18ч	60	4	56	93	4	56	93	0	0	0	0	0
Lamp_white_26cm	Кольцевая лампа со штативом белая 26 см	198620596	-	Кольцевые лампы	SKL TECH	Южный и Северо-Кавказский	2д 0ч	67	24	43	64	24	43	64	0	0	0	0	0
Lamp_white_26cm	Кольцевая лампа со штативом белая 26 см	198620596	-	Кольцевые лампы	SKL TECH	Приволжский	1д 17ч	52	18	34	65	18	34	65	0	0	0	0	0
Lamp_white_26cm	Кольцевая лампа со штативом белая 26 см	198620596	-	Кольцевые лампы	SKL TECH	Северо-Западный	1д 21ч	22	0	22	100	0	22	100	0	0	0	0	0
Lamp_white_26cm	Кольцевая лампа со штативом белая 26 см	198620596	-	Кольцевые лампы	SKL TECH	Уральский	2д 9ч	24	5	19	79	5	19	79	0	0	0	0	0
Lamp_white_26cm	Кольцевая лампа со штативом белая 26 см	198620596	-	Кольцевые лампы	SKL TECH	Беларусь	1д 16ч	15	0	15	100	0	15	100	0	0	0	0	0
Lamp_white_26cm	Кольцевая лампа со штативом белая 26 см	198620596	-	Кольцевые лампы	SKL TECH	Армения	5д 15ч	2	0	2	100	0	2	100	0	0	0	0	0
Lamp_white_26cm	Кольцевая лампа со штативом белая 26 см	198620596	-	Кольцевые лампы	SKL TECH	Центральный	1д 5ч	98	96	2	2	96	2	2	0	0	0	1	0
Lamp_white_26cm	Кольцевая лампа со штативом белая 26 см	198620596	-	Кольцевые лампы	SKL TECH	Грузия	21д 12ч	1	0	1	100	0	1	100	0	0	0	0	0
Lamp_white_26cm	Кольцевая лампа со штативом белая 26 см	198620596	-	Кольцевые лампы	SKL TECH	Казахстан	2д 13ч	2	1	1	50	1	1	50	0	0	0	0	0
Manyo_Complex_Ampoule	Восстанавливающая сыворотка для лица с бифидобактериями	198147185	-	Сыворотки	manyo	Дальневосточный и Сибирский	4д 9ч	83	2	81	98	2	81	98	0	0	0	0	0
Manyo_Complex_Ampoule	Восстанавливающая сыворотка для лица с бифидобактериями	198147185	-	Сыворотки	manyo	Северо-Западный	1д 8ч	73	46	27	37	46	27	37	0	0	0	50	0
Manyo_Complex_Ampoule	Восстанавливающая сыворотка для лица с бифидобактериями	198147185	-	Сыворотки	manyo	Уральский	1д 22ч	48	23	25	52	23	25	52	0	0	0	0	0
Manyo_Complex_Ampoule	Восстанавливающая сыворотка для лица с бифидобактериями	198147185	-	Сыворотки	manyo	Беларусь	1д 18ч	23	0	23	100	0	23	100	0	0	0	0	0
Manyo_Complex_Ampoule	Восстанавливающая сыворотка для лица с бифидобактериями	198147185	-	Сыворотки	manyo	Приволжский	1д 9ч	76	59	17	22	59	17	22	0	0	0	16	0
Manyo_Complex_Ampoule	Восстанавливающая сыворотка для лица с бифидобактериями	198147185	-	Сыворотки	manyo	Южный и Северо-Кавказский	1д 8ч	140	132	8	6	132	8	6	0	0	0	0	0
Manyo_Complex_Ampoule	Восстанавливающая сыворотка для лица с бифидобактериями	198147185	-	Сыворотки	manyo	Казахстан	3д 18ч	6	0	6	100	0	6	100	0	0	0	0	0
Manyo_Complex_Ampoule	Восстанавливающая сыворотка для лица с бифидобактериями	198147185	-	Сыворотки	manyo	Центральный	1д 1ч	278	275	3	1	275	3	1	0	0	0	84	0
Manyo_Complex_Ampoule	Восстанавливающая сыворотка для лица с бифидобактериями	198147185	-	Сыворотки	manyo	Грузия	7д 4ч	2	0	2	100	0	2	100	0	0	0	0	0
Manyo_Complex_Ampoule	Восстанавливающая сыворотка для лица с бифидобактериями	198147185	-	Сыворотки	manyo	Армения	10д 8ч	1	0	1	100	0	1	100	0	0	0	0	0
Enough 8 Peptide Full Cover Perfect Foundation 13 тон	Корейский тональный крем с пептидами 13 тон	170198738	-	Тональные кремы	ENOUGH	Дальневосточный и Сибирский	4д 16ч	82	1	81	99	1	81	99	0	0	0	0	0
Enough 8 Peptide Full Cover Perfect Foundation 13 тон	Корейский тональный крем с пептидами 13 тон	170198738	-	Тональные кремы	ENOUGH	Северо-Западный	2д 3ч	37	1	36	97	1	36	97	0	0	0	199	0
Enough 8 Peptide Full Cover Perfect Foundation 13 тон	Корейский тональный крем с пептидами 13 тон	170198738	-	Тональные кремы	ENOUGH	Беларусь	1д 16ч	24	0	24	100	0	24	100	0	0	0	0	0
Enough 8 Peptide Full Cover Perfect Foundation 13 тон	Корейский тональный крем с пептидами 13 тон	170198738	-	Тональные кремы	ENOUGH	Южный и Северо-Кавказский	1д 11ч	118	103	15	13	103	15	13	0	0	0	0	0
Enough 8 Peptide Full Cover Perfect Foundation 13 тон	Корейский тональный крем с пептидами 13 тон	170198738	-	Тональные кремы	ENOUGH	Приволжский	1д 12ч	82	70	12	15	70	12	15	0	0	0	137	0
Enough 8 Peptide Full Cover Perfect Foundation 13 тон	Корейский тональный крем с пептидами 13 тон	170198738	-	Тональные кремы	ENOUGH	Казахстан	3д 20ч	10	1	9	90	1	9	90	0	0	0	0	0
Enough 8 Peptide Full Cover Perfect Foundation 13 тон	Корейский тональный крем с пептидами 13 тон	170198738	-	Тональные кремы	ENOUGH	Уральский	1д 15ч	36	27	9	25	27	9	25	0	0	0	67	0
Enough 8 Peptide Full Cover Perfect Foundation 13 тон	Корейский тональный крем с пептидами 13 тон	170198738	-	Тональные кремы	ENOUGH	Армения	6д 13ч	4	1	3	75	1	3	75	0	0	0	1	0
Enough 8 Peptide Full Cover Perfect Foundation 13 тон	Корейский тональный крем с пептидами 13 тон	170198738	-	Тональные кремы	ENOUGH	Центральный	1д 3ч	116	115	1	1	115	1	1	0	0	0	300	0
CELIMAX THE VITA-A RETINAL SHOT TIGHTENING BOOSTER [15ml]	Крем-Бустер для лица с микроиглами и ретинолом	551387355	-	Кремы	Celimax	Дальневосточный и Сибирский	5д 4ч	56	2	54	96	2	54	96	0	0	0	0	0
CELIMAX THE VITA-A RETINAL SHOT TIGHTENING BOOSTER [15ml]	Крем-Бустер для лица с микроиглами и ретинолом	551387355	-	Кремы	Celimax	Южный и Северо-Кавказский	1д 22ч	89	35	54	61	35	54	61	0	0	0	69	0
CELIMAX THE VITA-A RETINAL SHOT TIGHTENING BOOSTER [15ml]	Крем-Бустер для лица с микроиглами и ретинолом	551387355	-	Кремы	Celimax	Приволжский	1д 15ч	47	18	29	62	18	29	62	0	0	0	109	0
CELIMAX THE VITA-A RETINAL SHOT TIGHTENING BOOSTER [15ml]	Крем-Бустер для лица с микроиглами и ретинолом	551387355	-	Кремы	Celimax	Северо-Западный	2д 3ч	31	9	22	71	9	22	71	0	0	0	109	0
CELIMAX THE VITA-A RETINAL SHOT TIGHTENING BOOSTER [15ml]	Крем-Бустер для лица с микроиглами и ретинолом	551387355	-	Кремы	Celimax	Беларусь	1д 16ч	14	0	14	100	0	14	100	0	0	0	0	0
CELIMAX THE VITA-A RETINAL SHOT TIGHTENING BOOSTER [15ml]	Крем-Бустер для лица с микроиглами и ретинолом	551387355	-	Кремы	Celimax	Уральский	1д 13ч	28	19	9	32	19	9	32	0	0	0	135	0
CELIMAX THE VITA-A RETINAL SHOT TIGHTENING BOOSTER [15ml]	Крем-Бустер для лица с микроиглами и ретинолом	551387355	-	Кремы	Celimax	Армения	5д 3ч	7	2	5	71	2	5	71	0	0	0	0	0
CELIMAX THE VITA-A RETINAL SHOT TIGHTENING BOOSTER [15ml]	Крем-Бустер для лица с микроиглами и ретинолом	551387355	-	Кремы	Celimax	Кыргызстан	-	1	0	1	100	0	1	100	0	0	0	0	0
CELIMAX THE VITA-A RETINAL SHOT TIGHTENING BOOSTER [15ml]	Крем-Бустер для лица с микроиглами и ретинолом	551387355	-	Кремы	Celimax	Таджикистан	5д 2ч	1	0	1	100	0	1	100	0	0	0	0	0
CELIMAX THE VITA-A RETINAL SHOT TIGHTENING BOOSTER [15ml]	Крем-Бустер для лица с микроиглами и ретинолом	551387355	-	Кремы	Celimax	Центральный	1д 5ч	124	123	1	1	123	1	1	0	0	0	122	0
PETITFEE - Gold & Snail Hydrogel Mask Pack [5pcs]	Корейские гидрогелевые маски для лица против морщин	226115141	-	Маски гидрогелевые	Petitfee	Дальневосточный и Сибирский	5д 7ч	71	0	71	100	0	71	100	0	0	0	0	0
PETITFEE - Gold & Snail Hydrogel Mask Pack [5pcs]	Корейские гидрогелевые маски для лица против морщин	226115141	-	Маски гидрогелевые	Petitfee	Северо-Западный	1д 21ч	71	6	65	92	6	65	92	0	0	0	0	0
PETITFEE - Gold & Snail Hydrogel Mask Pack [5pcs]	Корейские гидрогелевые маски для лица против морщин	226115141	-	Маски гидрогелевые	Petitfee	Беларусь	1д 13ч	21	0	21	100	0	21	100	0	0	0	0	0
PETITFEE - Gold & Snail Hydrogel Mask Pack [5pcs]	Корейские гидрогелевые маски для лица против морщин	226115141	-	Маски гидрогелевые	Petitfee	Уральский	1д 23ч	41	28	13	32	28	13	32	0	0	0	0	0
PETITFEE - Gold & Snail Hydrogel Mask Pack [5pcs]	Корейские гидрогелевые маски для лица против морщин	226115141	-	Маски гидрогелевые	Petitfee	Приволжский	1д 8ч	84	77	7	8	77	7	8	0	0	0	8	0
PETITFEE - Gold & Snail Hydrogel Mask Pack [5pcs]	Корейские гидрогелевые маски для лица против морщин	226115141	-	Маски гидрогелевые	Petitfee	Южный и Северо-Кавказский	1д 7ч	73	67	6	8	67	6	8	0	0	0	0	0
PETITFEE - Gold & Snail Hydrogel Mask Pack [5pcs]	Корейские гидрогелевые маски для лица против морщин	226115141	-	Маски гидрогелевые	Petitfee	Армения	11д 23ч	3	0	3	100	0	3	100	0	0	0	0	0
PETITFEE - Gold & Snail Hydrogel Mask Pack [5pcs]	Корейские гидрогелевые маски для лица против морщин	226115141	-	Маски гидрогелевые	Petitfee	Казахстан	1д 17ч	2	0	2	100	0	2	100	0	0	0	0	0
PETITFEE - Gold & Snail Hydrogel Mask Pack [5pcs]	Корейские гидрогелевые маски для лица против морщин	226115141	-	Маски гидрогелевые	Petitfee	Кыргызстан	6д 15ч	1	0	1	100	0	1	100	0	0	0	0	0
PETITFEE - Gold & Snail Hydrogel Mask Pack [5pcs]	Корейские гидрогелевые маски для лица против морщин	226115141	-	Маски гидрогелевые	Petitfee	Центральный	1д 2ч	265	265	0	0	265	0	0	0	0	0	35	0
HEIMISH - All Clean Balm Mandarin [120ml]	Гидрофильное масло бальзам для лица очищающее	207465786	-	Гидрофильные масла	Heimish	Дальневосточный и Сибирский	4д 6ч	63	1	62	98	1	61	97	0	1	2	0	0
HEIMISH - All Clean Balm Mandarin [120ml]	Гидрофильное масло бальзам для лица очищающее	207465786	-	Гидрофильные масла	Heimish	Северо-Западный	2д 6ч	45	3	42	93	3	41	91	0	1	2	0	0
HEIMISH - All Clean Balm Mandarin [120ml]	Гидрофильное масло бальзам для лица очищающее	207465786	-	Гидрофильные масла	Heimish	Беларусь	1д 19ч	35	0	35	100	0	34	97	0	1	3	0	0
HEIMISH - All Clean Balm Mandarin [120ml]	Гидрофильное масло бальзам для лица очищающее	207465786	-	Гидрофильные масла	Heimish	Южный и Северо-Кавказский	1д 14ч	136	115	21	15	115	20	15	0	1	1	10	0
HEIMISH - All Clean Balm Mandarin [120ml]	Гидрофильное масло бальзам для лица очищающее	207465786	-	Гидрофильные масла	Heimish	Уральский	1д 21ч	31	18	13	42	18	11	35	0	2	6	0	0
HEIMISH - All Clean Balm Mandarin [120ml]	Гидрофильное масло бальзам для лица очищающее	207465786	-	Гидрофильные масла	Heimish	Приволжский	1д 8ч	59	47	12	20	47	12	20	0	0	0	67	0
HEIMISH - All Clean Balm Mandarin [120ml]	Гидрофильное масло бальзам для лица очищающее	207465786	-	Гидрофильные масла	Heimish	Армения	10д 8ч	2	0	2	100	0	2	100	0	0	0	0	0
HEIMISH - All Clean Balm Mandarin [120ml]	Гидрофильное масло бальзам для лица очищающее	207465786	-	Гидрофильные масла	Heimish	Казахстан	1д 14ч	1	0	1	100	0	1	100	0	0	0	0	0
HEIMISH - All Clean Balm Mandarin [120ml]	Гидрофильное масло бальзам для лица очищающее	207465786	-	Гидрофильные масла	Heimish	Центральный	1д 7ч	151	151	0	0	148	0	0	3	0	0	61	0
Etude Baking Powder Crunch Pore Scrub треугольники 30	Корейский скраб для лица Baking Powder с содой	154160085	-	Скрабы	Etude house	Дальневосточный и Сибирский	4д 20ч	128	1	127	99	1	127	99	0	0	0	0	0
Etude Baking Powder Crunch Pore Scrub треугольники 30	Корейский скраб для лица Baking Powder с содой	154160085	-	Скрабы	Etude house	Северо-Западный	2д 5ч	35	4	31	89	4	31	89	0	0	0	7	0
Etude Baking Powder Crunch Pore Scrub треугольники 30	Корейский скраб для лица Baking Powder с содой	154160085	-	Скрабы	Etude house	Приволжский	1д 7ч	70	58	12	17	58	12	17	0	0	0	22	0
Etude Baking Powder Crunch Pore Scrub треугольники 30	Корейский скраб для лица Baking Powder с содой	154160085	-	Скрабы	Etude house	Беларусь	1д 12ч	5	0	5	100	0	5	100	0	0	0	0	0
Etude Baking Powder Crunch Pore Scrub треугольники 30	Корейский скраб для лица Baking Powder с содой	154160085	-	Скрабы	Etude house	Уральский	1д 21ч	33	28	5	15	28	5	15	0	0	0	0	0
Etude Baking Powder Crunch Pore Scrub треугольники 30	Корейский скраб для лица Baking Powder с содой	154160085	-	Скрабы	Etude house	Казахстан	2д 21ч	3	0	3	100	0	3	100	0	0	0	0	0
Etude Baking Powder Crunch Pore Scrub треугольники 30	Корейский скраб для лица Baking Powder с содой	154160085	-	Скрабы	Etude house	Кыргызстан	7д 20ч	1	0	1	100	0	1	100	0	0	0	0	0
Etude Baking Powder Crunch Pore Scrub треугольники 30	Корейский скраб для лица Baking Powder с содой	154160085	-	Скрабы	Etude house	Узбекистан	7д 12ч	1	0	1	100	0	1	100	0	0	0	0	0
Etude Baking Powder Crunch Pore Scrub треугольники 30	Корейский скраб для лица Baking Powder с содой	154160085	-	Скрабы	Etude house	Южный и Северо-Кавказский	1д 10ч	108	107	1	1	107	1	1	0	0	0	20	0
Etude Baking Powder Crunch Pore Scrub треугольники 30	Корейский скраб для лица Baking Powder с содой	154160085	-	Скрабы	Etude house	Центральный	1д 1ч	135	135	0	0	135	0	0	0	0	0	24	0
ROUND LAB BIRCH JUICE MOISTURIZING CREAM_80ml	Увлажняющий крем для лица с берёзовым соком Корея	437190353	-	Кремы	round lab	Дальневосточный и Сибирский	5д 6ч	72	0	72	100	0	72	100	0	0	0	0	0
ROUND LAB BIRCH JUICE MOISTURIZING CREAM_80ml	Увлажняющий крем для лица с берёзовым соком Корея	437190353	-	Кремы	round lab	Южный и Северо-Кавказский	2д 1ч	66	34	32	48	34	32	48	0	0	0	24	0
ROUND LAB BIRCH JUICE MOISTURIZING CREAM_80ml	Увлажняющий крем для лица с берёзовым соком Корея	437190353	-	Кремы	round lab	Приволжский	1д 23ч	55	27	28	51	27	28	51	0	0	0	40	0
ROUND LAB BIRCH JUICE MOISTURIZING CREAM_80ml	Увлажняющий крем для лица с берёзовым соком Корея	437190353	-	Кремы	round lab	Северо-Западный	1д 23ч	35	15	20	57	15	20	57	0	0	0	119	0
ROUND LAB BIRCH JUICE MOISTURIZING CREAM_80ml	Увлажняющий крем для лица с берёзовым соком Корея	437190353	-	Кремы	round lab	Уральский	2д 19ч	21	8	13	62	8	13	62	0	0	0	29	0
ROUND LAB BIRCH JUICE MOISTURIZING CREAM_80ml	Увлажняющий крем для лица с берёзовым соком Корея	437190353	-	Кремы	round lab	Центральный	1д 3ч	120	114	6	5	114	6	5	0	0	0	148	0
ROUND LAB BIRCH JUICE MOISTURIZING CREAM_80ml	Увлажняющий крем для лица с берёзовым соком Корея	437190353	-	Кремы	round lab	Беларусь	1д 15ч	5	0	5	100	0	5	100	0	0	0	0	0
ROUND LAB BIRCH JUICE MOISTURIZING CREAM_80ml	Увлажняющий крем для лица с берёзовым соком Корея	437190353	-	Кремы	round lab	Казахстан	7д 2ч	4	0	4	100	0	4	100	0	0	0	0	0
ROUND LAB BIRCH JUICE MOISTURIZING CREAM_80ml	Увлажняющий крем для лица с берёзовым соком Корея	437190353	-	Кремы	round lab	Грузия	9д 4ч	2	0	2	100	0	2	100	0	0	0	0	0
ROUND LAB BIRCH JUICE MOISTURIZING CREAM_80ml	Увлажняющий крем для лица с берёзовым соком Корея	437190353	-	Кремы	round lab	Таджикистан	6д 6ч	1	0	1	100	0	1	100	0	0	0	0	0
ROUND LAB BIRCH JUICE MOISTURIZING CREAM_80ml	Увлажняющий крем для лица с берёзовым соком Корея	437190353	-	Кремы	round lab	Узбекистан	10д 9ч	1	0	1	100	0	1	100	0	0	0	0	0
dm7dm11	Дед Мороз под елку 35 см	104590122	-	Фигурки и статуэтки	Дед Мороз Фигурка	Южный и Северо-Кавказский	2д 9ч	62	25	37	60	25	37	60	0	0	0	0	0
dm7dm11	Дед Мороз под елку 35 см	104590122	-	Фигурки и статуэтки	Дед Мороз Фигурка	Центральный	1д 21ч	75	42	33	44	42	33	44	0	0	0	0	0
dm7dm11	Дед Мороз под елку 35 см	104590122	-	Фигурки и статуэтки	Дед Мороз Фигурка	Приволжский	2д 7ч	38	10	28	74	10	28	74	0	0	0	0	0
dm7dm11	Дед Мороз под елку 35 см	104590122	-	Фигурки и статуэтки	Дед Мороз Фигурка	Дальневосточный и Сибирский	4д 21ч	26	2	24	92	2	24	92	0	0	0	0	0
dm7dm11	Дед Мороз под елку 35 см	104590122	-	Фигурки и статуэтки	Дед Мороз Фигурка	Беларусь	2д 6ч	22	0	22	100	0	22	100	0	0	0	0	0
dm7dm11	Дед Мороз под елку 35 см	104590122	-	Фигурки и статуэтки	Дед Мороз Фигурка	Северо-Западный	2д 15ч	21	0	21	100	0	21	100	0	0	0	0	0
dm7dm11	Дед Мороз под елку 35 см	104590122	-	Фигурки и статуэтки	Дед Мороз Фигурка	Уральский	3д 22ч	17	2	15	88	2	15	88	0	0	0	0	0
dm7dm11	Дед Мороз под елку 35 см	104590122	-	Фигурки и статуэтки	Дед Мороз Фигурка	Казахстан	3д 11ч	3	1	2	67	1	2	67	0	0	0	0	0
dm7dm11	Дед Мороз под елку 35 см	104590122	-	Фигурки и статуэтки	Дед Мороз Фигурка	Армения	7д 21ч	1	0	1	100	0	1	100	0	0	0	0	0
Petitfee B-Glucan Deep Firming Eye Mask	Тканевые патчи для глаз и век увлажняющие	180988755	-	Патчи	Petitfee	Дальневосточный и Сибирский	5д 12ч	69	0	69	100	0	69	100	0	0	0	0	0
Petitfee B-Glucan Deep Firming Eye Mask	Тканевые патчи для глаз и век увлажняющие	180988755	-	Патчи	Petitfee	Центральный	1д 5ч	234	186	48	21	186	48	21	0	0	0	6	0
Petitfee B-Glucan Deep Firming Eye Mask	Тканевые патчи для глаз и век увлажняющие	180988755	-	Патчи	Petitfee	Северо-Западный	1д 16ч	42	10	32	76	10	32	76	0	0	0	12	0
Petitfee B-Glucan Deep Firming Eye Mask	Тканевые патчи для глаз и век увлажняющие	180988755	-	Патчи	Petitfee	Беларусь	1д 16ч	18	0	18	100	0	18	100	0	0	0	0	0
Petitfee B-Glucan Deep Firming Eye Mask	Тканевые патчи для глаз и век увлажняющие	180988755	-	Патчи	Petitfee	Приволжский	1д 3ч	53	46	7	13	46	7	13	0	0	0	30	0
Petitfee B-Glucan Deep Firming Eye Mask	Тканевые патчи для глаз и век увлажняющие	180988755	-	Патчи	Petitfee	Казахстан	4д 11ч	6	0	6	100	0	6	100	0	0	0	0	0
Petitfee B-Glucan Deep Firming Eye Mask	Тканевые патчи для глаз и век увлажняющие	180988755	-	Патчи	Petitfee	Уральский	1д 16ч	23	21	2	9	21	2	9	0	0	0	10	0
Petitfee B-Glucan Deep Firming Eye Mask	Тканевые патчи для глаз и век увлажняющие	180988755	-	Патчи	Petitfee	Узбекистан	9д 1ч	1	0	1	100	0	1	100	0	0	0	0	0
Petitfee B-Glucan Deep Firming Eye Mask	Тканевые патчи для глаз и век увлажняющие	180988755	-	Патчи	Petitfee	Южный и Северо-Кавказский	1д 12ч	32	32	0	0	32	0	0	0	0	0	29	0
DEOPROCE SHAMPOO - ARGAN SILKY MOISTURE [1000ml]	Шампунь для волос с аргановым маслом	214305705	-	Шампуни	DEOPROCE	Дальневосточный и Сибирский	3д 4ч	52	0	52	100	0	52	100	0	0	0	0	0
DEOPROCE SHAMPOO - ARGAN SILKY MOISTURE [1000ml]	Шампунь для волос с аргановым маслом	214305705	-	Шампуни	DEOPROCE	Северо-Западный	2д 1ч	38	0	38	100	0	38	100	0	0	0	0	0
DEOPROCE SHAMPOO - ARGAN SILKY MOISTURE [1000ml]	Шампунь для волос с аргановым маслом	214305705	-	Шампуни	DEOPROCE	Приволжский	1д 13ч	73	39	34	47	39	34	47	0	0	0	0	0
DEOPROCE SHAMPOO - ARGAN SILKY MOISTURE [1000ml]	Шампунь для волос с аргановым маслом	214305705	-	Шампуни	DEOPROCE	Уральский	1д 22ч	30	8	22	73	8	22	73	0	0	0	0	0
DEOPROCE SHAMPOO - ARGAN SILKY MOISTURE [1000ml]	Шампунь для волос с аргановым маслом	214305705	-	Шампуни	DEOPROCE	Центральный	1д 3ч	235	217	18	8	217	18	8	0	0	0	0	0
DEOPROCE SHAMPOO - ARGAN SILKY MOISTURE [1000ml]	Шампунь для волос с аргановым маслом	214305705	-	Шампуни	DEOPROCE	Южный и Северо-Кавказский	1д 7ч	89	77	12	13	77	12	13	0	0	0	0	0
DEOPROCE SHAMPOO - ARGAN SILKY MOISTURE [1000ml]	Шампунь для волос с аргановым маслом	214305705	-	Шампуни	DEOPROCE	Беларусь	1д 12ч	6	0	6	100	0	6	100	0	0	0	0	0
DEOPROCE SHAMPOO - ARGAN SILKY MOISTURE [1000ml]	Шампунь для волос с аргановым маслом	214305705	-	Шампуни	DEOPROCE	Казахстан	7д 2ч	1	0	1	100	0	1	100	0	0	0	0	0
DEOPROCE SHAMPOO - ARGAN SILKY MOISTURE [1000ml]	Шампунь для волос с аргановым маслом	214305705	-	Шампуни	DEOPROCE	Армения	1д 0ч	1	1	0	0	1	0	0	0	0	0	0	0
PETITFEE - Black Pearl & Gold Hydrogel Mask Pack [5pcs]	Корейские гидрогелевые маски для лица с золотом и жемчугом	226115478	-	Маски гидрогелевые	Petitfee	Дальневосточный и Сибирский	5д 16ч	58	0	58	100	0	58	100	0	0	0	0	0
PETITFEE - Black Pearl & Gold Hydrogel Mask Pack [5pcs]	Корейские гидрогелевые маски для лица с золотом и жемчугом	226115478	-	Маски гидрогелевые	Petitfee	Северо-Западный	2д 7ч	47	1	46	98	1	46	98	0	0	0	0	0
PETITFEE - Black Pearl & Gold Hydrogel Mask Pack [5pcs]	Корейские гидрогелевые маски для лица с золотом и жемчугом	226115478	-	Маски гидрогелевые	Petitfee	Центральный	1д 5ч	252	224	28	11	224	28	11	0	0	0	0	0
PETITFEE - Black Pearl & Gold Hydrogel Mask Pack [5pcs]	Корейские гидрогелевые маски для лица с золотом и жемчугом	226115478	-	Маски гидрогелевые	Petitfee	Уральский	2д 8ч	30	10	20	67	10	20	67	0	0	0	0	0
PETITFEE - Black Pearl & Gold Hydrogel Mask Pack [5pcs]	Корейские гидрогелевые маски для лица с золотом и жемчугом	226115478	-	Маски гидрогелевые	Petitfee	Приволжский	1д 11ч	53	38	15	28	38	15	28	0	0	0	0	0
PETITFEE - Black Pearl & Gold Hydrogel Mask Pack [5pcs]	Корейские гидрогелевые маски для лица с золотом и жемчугом	226115478	-	Маски гидрогелевые	Petitfee	Беларусь	1д 17ч	9	0	9	100	0	9	100	0	0	0	0	0
PETITFEE - Black Pearl & Gold Hydrogel Mask Pack [5pcs]	Корейские гидрогелевые маски для лица с золотом и жемчугом	226115478	-	Маски гидрогелевые	Petitfee	Армения	8д 9ч	2	0	2	100	0	2	100	0	0	0	0	0
PETITFEE - Black Pearl & Gold Hydrogel Mask Pack [5pcs]	Корейские гидрогелевые маски для лица с золотом и жемчугом	226115478	-	Маски гидрогелевые	Petitfee	Грузия	9д 12ч	1	0	1	100	0	1	100	0	0	0	0	0
PETITFEE - Black Pearl & Gold Hydrogel Mask Pack [5pcs]	Корейские гидрогелевые маски для лица с золотом и жемчугом	226115478	-	Маски гидрогелевые	Petitfee	Казахстан	4д 3ч	1	0	1	100	0	1	100	0	0	0	0	0
PETITFEE - Black Pearl & Gold Hydrogel Mask Pack [5pcs]	Корейские гидрогелевые маски для лица с золотом и жемчугом	226115478	-	Маски гидрогелевые	Petitfee	Кыргызстан	8д 13ч	1	0	1	100	0	1	100	0	0	0	0	0
PETITFEE - Black Pearl & Gold Hydrogel Mask Pack [5pcs]	Корейские гидрогелевые маски для лица с золотом и жемчугом	226115478	-	Маски гидрогелевые	Petitfee	Южный и Северо-Кавказский	1д 8ч	59	59	0	0	59	0	0	0	0	0	0	0
dm7dm3	Дед Мороз под елку 35 см	48906308	-	Фигурки и статуэтки	Дед Мороз Фигурка	Южный и Северо-Кавказский	2д 5ч	66	28	38	58	28	38	58	0	0	0	0	0
dm7dm3	Дед Мороз под елку 35 см	48906308	-	Фигурки и статуэтки	Дед Мороз Фигурка	Центральный	2д 0ч	62	29	33	53	29	33	53	0	0	0	0	0
dm7dm3	Дед Мороз под елку 35 см	48906308	-	Фигурки и статуэтки	Дед Мороз Фигурка	Дальневосточный и Сибирский	5д 8ч	38	6	32	84	6	32	84	0	0	0	0	0
dm7dm3	Дед Мороз под елку 35 см	48906308	-	Фигурки и статуэтки	Дед Мороз Фигурка	Приволжский	2д 8ч	43	17	26	60	17	26	60	0	0	0	0	0
dm7dm3	Дед Мороз под елку 35 см	48906308	-	Фигурки и статуэтки	Дед Мороз Фигурка	Беларусь	2д 3ч	22	1	21	95	1	21	95	0	0	0	0	0
dm7dm3	Дед Мороз под елку 35 см	48906308	-	Фигурки и статуэтки	Дед Мороз Фигурка	Уральский	2д 16ч	18	0	18	100	0	18	100	0	0	0	0	0
dm7dm3	Дед Мороз под елку 35 см	48906308	-	Фигурки и статуэтки	Дед Мороз Фигурка	Северо-Западный	3д 1ч	10	3	7	70	3	7	70	0	0	0	0	0
dm7dm3	Дед Мороз под елку 35 см	48906308	-	Фигурки и статуэтки	Дед Мороз Фигурка	Армения	5д 20ч	1	0	1	100	0	1	100	0	0	0	0	0
dm7dm3	Дед Мороз под елку 35 см	48906308	-	Фигурки и статуэтки	Дед Мороз Фигурка	Казахстан	10д 8ч	1	0	1	100	0	1	100	0	0	0	0	0
dm7dm3	Дед Мороз под елку 35 см	48906308	-	Фигурки и статуэтки	Дед Мороз Фигурка	Узбекистан	10д 1ч	1	0	1	100	0	1	100	0	0	0	0	0
JMSOLUTION - Mask Pack Black	Маски для лица тканевые	214977901	-	Маски тканевые косметические	JMSolution	Дальневосточный и Сибирский	4д 6ч	67	0	67	100	0	67	100	0	0	0	0	0
JMSOLUTION - Mask Pack Black	Маски для лица тканевые	214977901	-	Маски тканевые косметические	JMSolution	Северо-Западный	1д 21ч	43	9	34	79	9	34	79	0	0	0	28	0
JMSOLUTION - Mask Pack Black	Маски для лица тканевые	214977901	-	Маски тканевые косметические	JMSolution	Приволжский	1д 13ч	41	16	25	61	16	25	61	0	0	0	20	0
JMSOLUTION - Mask Pack Black	Маски для лица тканевые	214977901	-	Маски тканевые косметические	JMSolution	Беларусь	1д 13ч	15	0	15	100	0	15	100	0	0	0	0	0
JMSOLUTION - Mask Pack Black	Маски для лица тканевые	214977901	-	Маски тканевые косметические	JMSolution	Уральский	1д 21ч	24	13	11	46	13	11	46	0	0	0	20	0
JMSOLUTION - Mask Pack Black	Маски для лица тканевые	214977901	-	Маски тканевые косметические	JMSolution	Казахстан	4д 15ч	8	0	8	100	0	8	100	0	0	0	0	0
JMSOLUTION - Mask Pack Black	Маски для лица тканевые	214977901	-	Маски тканевые косметические	JMSolution	Южный и Северо-Кавказский	1д 12ч	56	49	7	13	49	7	13	0	0	0	40	0
JMSOLUTION - Mask Pack Black	Маски для лица тканевые	214977901	-	Маски тканевые косметические	JMSolution	Армения	11д 13ч	5	0	5	100	0	5	100	0	0	0	0	0
JMSOLUTION - Mask Pack Black	Маски для лица тканевые	214977901	-	Маски тканевые косметические	JMSolution	Центральный	0д 23ч	136	132	4	3	132	4	3	0	0	0	117	0
ROUND LAB PINE CALMING CICA AMPOULE_30ml	Сыворотка для жирной кожи лица увлажняющая с центеллой	437776835	-	Сыворотки	round lab	Дальневосточный и Сибирский	5д 8ч	68	1	67	99	1	67	99	0	0	0	0	0
ROUND LAB PINE CALMING CICA AMPOULE_30ml	Сыворотка для жирной кожи лица увлажняющая с центеллой	437776835	-	Сыворотки	round lab	Южный и Северо-Кавказский	1д 16ч	96	62	34	35	62	34	35	0	0	0	0	0
ROUND LAB PINE CALMING CICA AMPOULE_30ml	Сыворотка для жирной кожи лица увлажняющая с центеллой	437776835	-	Сыворотки	round lab	Приволжский	1д 14ч	53	29	24	45	29	24	45	0	0	0	7	0
ROUND LAB PINE CALMING CICA AMPOULE_30ml	Сыворотка для жирной кожи лица увлажняющая с центеллой	437776835	-	Сыворотки	round lab	Северо-Западный	2д 11ч	24	4	20	83	4	20	83	0	0	0	21	0
ROUND LAB PINE CALMING CICA AMPOULE_30ml	Сыворотка для жирной кожи лица увлажняющая с центеллой	437776835	-	Сыворотки	round lab	Уральский	2д 15ч	30	10	20	67	10	20	67	0	0	0	16	0
ROUND LAB PINE CALMING CICA AMPOULE_30ml	Сыворотка для жирной кожи лица увлажняющая с центеллой	437776835	-	Сыворотки	round lab	Беларусь	1д 21ч	7	0	7	100	0	7	100	0	0	0	0	0
ROUND LAB PINE CALMING CICA AMPOULE_30ml	Сыворотка для жирной кожи лица увлажняющая с центеллой	437776835	-	Сыворотки	round lab	Казахстан	3д 21ч	3	0	3	100	0	3	100	0	0	0	0	0
ROUND LAB PINE CALMING CICA AMPOULE_30ml	Сыворотка для жирной кожи лица увлажняющая с центеллой	437776835	-	Сыворотки	round lab	Центральный	1д 4ч	97	97	0	0	97	0	0	0	0	0	20	0
COSRX_Salicylic_Acid_Cleanser	Пенка для умывания от прыщей	204258828	-	Пенки	COSRX	Дальневосточный и Сибирский	5д 19ч	99	2	97	98	2	94	95	0	3	3	0	0
COSRX_Salicylic_Acid_Cleanser	Пенка для умывания от прыщей	204258828	-	Пенки	COSRX	Северо-Западный	2д 2ч	22	0	22	100	0	22	100	0	0	0	106	0
COSRX_Salicylic_Acid_Cleanser	Пенка для умывания от прыщей	204258828	-	Пенки	COSRX	Беларусь	1д 22ч	9	0	9	100	0	9	100	0	0	0	0	0
COSRX_Salicylic_Acid_Cleanser	Пенка для умывания от прыщей	204258828	-	Пенки	COSRX	Приволжский	1д 12ч	30	23	7	23	23	5	17	0	2	7	1	0
COSRX_Salicylic_Acid_Cleanser	Пенка для умывания от прыщей	204258828	-	Пенки	COSRX	Уральский	2д 1ч	10	3	7	70	3	7	70	0	0	0	0	0
COSRX_Salicylic_Acid_Cleanser	Пенка для умывания от прыщей	204258828	-	Пенки	COSRX	Казахстан	4д 19ч	6	0	6	100	0	6	100	0	0	0	0	0
COSRX_Salicylic_Acid_Cleanser	Пенка для умывания от прыщей	204258828	-	Пенки	COSRX	Южный и Северо-Кавказский	1д 15ч	55	49	6	11	49	6	11	0	0	0	0	0
COSRX_Salicylic_Acid_Cleanser	Пенка для умывания от прыщей	204258828	-	Пенки	COSRX	Таджикистан	5д 10ч	3	0	3	100	0	3	100	0	0	0	0	0
COSRX_Salicylic_Acid_Cleanser	Пенка для умывания от прыщей	204258828	-	Пенки	COSRX	Армения	9д 21ч	2	0	2	100	0	2	100	0	0	0	1	0
COSRX_Salicylic_Acid_Cleanser	Пенка для умывания от прыщей	204258828	-	Пенки	COSRX	Узбекистан	6д 17ч	1	0	1	100	0	1	100	0	0	0	0	0
COSRX_Salicylic_Acid_Cleanser	Пенка для умывания от прыщей	204258828	-	Пенки	COSRX	Центральный	1д 4ч	99	98	1	1	96	1	1	2	0	0	18	0
Dr.Jart_Teatreatment_Soothing_Spot	Корректор для лица от прыщей точечный	199425671	-	Сыворотки	dr.Jart+	Южный и Северо-Кавказский	2д 5ч	43	2	41	95	2	41	95	0	0	0	0	0
Dr.Jart_Teatreatment_Soothing_Spot	Корректор для лица от прыщей точечный	199425671	-	Сыворотки	dr.Jart+	Дальневосточный и Сибирский	5д 9ч	35	1	34	97	1	34	97	0	0	0	0	0
Dr.Jart_Teatreatment_Soothing_Spot	Корректор для лица от прыщей точечный	199425671	-	Сыворотки	dr.Jart+	Северо-Западный	1д 23ч	25	0	25	100	0	25	100	0	0	0	0	0
Dr.Jart_Teatreatment_Soothing_Spot	Корректор для лица от прыщей точечный	199425671	-	Сыворотки	dr.Jart+	Центральный	1д 9ч	124	104	20	16	104	20	16	0	0	0	0	0
Dr.Jart_Teatreatment_Soothing_Spot	Корректор для лица от прыщей точечный	199425671	-	Сыворотки	dr.Jart+	Беларусь	2д 6ч	14	0	14	100	0	14	100	0	0	0	0	0
Dr.Jart_Teatreatment_Soothing_Spot	Корректор для лица от прыщей точечный	199425671	-	Сыворотки	dr.Jart+	Приволжский	1д 14ч	27	18	9	33	18	9	33	0	0	0	0	0
Dr.Jart_Teatreatment_Soothing_Spot	Корректор для лица от прыщей точечный	199425671	-	Сыворотки	dr.Jart+	Уральский	2д 0ч	11	4	7	64	4	7	64	0	0	0	0	0
Dr.Jart_Teatreatment_Soothing_Spot	Корректор для лица от прыщей точечный	199425671	-	Сыворотки	dr.Jart+	Казахстан	4д 11ч	4	0	4	100	0	4	100	0	0	0	0	0
Dr.Jart_Teatreatment_Soothing_Spot	Корректор для лица от прыщей точечный	199425671	-	Сыворотки	dr.Jart+	Грузия	7д 23ч	2	0	2	100	0	2	100	0	0	0	0	0
LEBELAGE - Dr. Snail Derma Eye Cream [40ml]	Увлажняющий крем для кожи вокруг глаз	210579932	-	Кремы	Lebelage	Дальневосточный и Сибирский	4д 23ч	49	0	49	100	0	49	100	0	0	0	0	0
LEBELAGE - Dr. Snail Derma Eye Cream [40ml]	Увлажняющий крем для кожи вокруг глаз	210579932	-	Кремы	Lebelage	Северо-Западный	2д 12ч	39	0	39	100	0	39	100	0	0	0	0	0
LEBELAGE - Dr. Snail Derma Eye Cream [40ml]	Увлажняющий крем для кожи вокруг глаз	210579932	-	Кремы	Lebelage	Южный и Северо-Кавказский	1д 19ч	68	40	28	41	40	28	41	0	0	0	0	0
LEBELAGE - Dr. Snail Derma Eye Cream [40ml]	Увлажняющий крем для кожи вокруг глаз	210579932	-	Кремы	Lebelage	Уральский	1д 17ч	23	3	20	87	3	20	87	0	0	0	0	0
LEBELAGE - Dr. Snail Derma Eye Cream [40ml]	Увлажняющий крем для кожи вокруг глаз	210579932	-	Кремы	Lebelage	Беларусь	1д 20ч	12	0	12	100	0	12	100	0	0	0	0	0
LEBELAGE - Dr. Snail Derma Eye Cream [40ml]	Увлажняющий крем для кожи вокруг глаз	210579932	-	Кремы	Lebelage	Казахстан	5д 1ч	6	0	6	100	0	6	100	0	0	0	0	0
LEBELAGE - Dr. Snail Derma Eye Cream [40ml]	Увлажняющий крем для кожи вокруг глаз	210579932	-	Кремы	Lebelage	Приволжский	1д 8ч	47	46	1	2	46	1	2	0	0	0	0	0
LEBELAGE - Dr. Snail Derma Eye Cream [40ml]	Увлажняющий крем для кожи вокруг глаз	210579932	-	Кремы	Lebelage	Центральный	1д 6ч	113	113	0	0	113	0	0	0	0	0	0	0
COSRX_Low_pH_Gel_Cleanser	Гель для умывания против прыщей	204250060	-	Пенки	COSRX	Дальневосточный и Сибирский	7д 21ч	40	1	39	98	1	39	98	0	0	0	0	0
COSRX_Low_pH_Gel_Cleanser	Гель для умывания против прыщей	204250060	-	Пенки	COSRX	Северо-Западный	2д 21ч	31	1	30	97	1	30	97	0	0	0	0	0
COSRX_Low_pH_Gel_Cleanser	Гель для умывания против прыщей	204250060	-	Пенки	COSRX	Приволжский	2д 10ч	28	0	28	100	0	28	100	0	0	0	0	0
COSRX_Low_pH_Gel_Cleanser	Гель для умывания против прыщей	204250060	-	Пенки	COSRX	Центральный	1д 20ч	55	28	27	49	28	27	49	0	0	0	0	0
COSRX_Low_pH_Gel_Cleanser	Гель для умывания против прыщей	204250060	-	Пенки	COSRX	Беларусь	3д 1ч	9	0	9	100	0	9	100	0	0	0	0	0
COSRX_Low_pH_Gel_Cleanser	Гель для умывания против прыщей	204250060	-	Пенки	COSRX	Уральский	4д 1ч	10	1	9	90	1	9	90	0	0	0	0	0
COSRX_Low_pH_Gel_Cleanser	Гель для умывания против прыщей	204250060	-	Пенки	COSRX	Казахстан	6д 5ч	4	0	4	100	0	4	100	0	0	0	0	0
COSRX_Low_pH_Gel_Cleanser	Гель для умывания против прыщей	204250060	-	Пенки	COSRX	Кыргызстан	8д 13ч	2	0	2	100	0	2	100	0	0	0	0	0
COSRX_Low_pH_Gel_Cleanser	Гель для умывания против прыщей	204250060	-	Пенки	COSRX	Южный и Северо-Кавказский	1д 12ч	38	36	2	5	36	2	5	0	0	0	0	0
COSRX_Low_pH_Gel_Cleanser	Гель для умывания против прыщей	204250060	-	Пенки	COSRX	Армения	18д 16ч	1	0	1	100	0	1	100	0	0	0	0	0
COSRX_Low_pH_Gel_Cleanser	Гель для умывания против прыщей	204250060	-	Пенки	COSRX	Таджикистан	7д 16ч	1	0	1	100	0	1	100	0	0	0	0	0
DEOPROCE SHAMPOO - BLACK GARLIC[200ml]	Шампунь для волос женский c черным чесноком	608841921	-	Шампуни	DEOPROCE	Дальневосточный и Сибирский	3д 7ч	49	0	49	100	0	49	100	0	0	0	0	0
DEOPROCE SHAMPOO - BLACK GARLIC[200ml]	Шампунь для волос женский c черным чесноком	608841921	-	Шампуни	DEOPROCE	Северо-Западный	2д 12ч	31	1	30	97	1	30	97	0	0	0	29	0
DEOPROCE SHAMPOO - BLACK GARLIC[200ml]	Шампунь для волос женский c черным чесноком	608841921	-	Шампуни	DEOPROCE	Приволжский	1д 13ч	60	33	27	45	33	27	45	0	0	0	18	0
DEOPROCE SHAMPOO - BLACK GARLIC[200ml]	Шампунь для волос женский c черным чесноком	608841921	-	Шампуни	DEOPROCE	Беларусь	1д 20ч	14	0	14	100	0	14	100	0	0	0	0	0
DEOPROCE SHAMPOO - BLACK GARLIC[200ml]	Шампунь для волос женский c черным чесноком	608841921	-	Шампуни	DEOPROCE	Уральский	2д 1ч	21	9	12	57	9	12	57	0	0	0	53	0
DEOPROCE SHAMPOO - BLACK GARLIC[200ml]	Шампунь для волос женский c черным чесноком	608841921	-	Шампуни	DEOPROCE	Южный и Северо-Кавказский	1д 14ч	50	40	10	20	40	10	20	0	0	0	5	0
DEOPROCE SHAMPOO - BLACK GARLIC[200ml]	Шампунь для волос женский c черным чесноком	608841921	-	Шампуни	DEOPROCE	Армения	7д 16ч	4	1	3	75	1	3	75	0	0	0	1	0
DEOPROCE SHAMPOO - BLACK GARLIC[200ml]	Шампунь для волос женский c черным чесноком	608841921	-	Шампуни	DEOPROCE	Центральный	1д 3ч	138	135	3	2	135	3	2	0	0	0	39	0
DEOPROCE SHAMPOO - BLACK GARLIC[200ml]	Шампунь для волос женский c черным чесноком	608841921	-	Шампуни	DEOPROCE	Казахстан	4д 7ч	2	0	2	100	0	2	100	0	0	0	0	0
Enoughcollagenwhiteningcovertip01	Консилер для лица плотный 01, корректор светлый	212889025	-	Корректоры	ENOUGH	Дальневосточный и Сибирский	5д 22ч	64	0	64	100	0	64	100	0	0	0	0	0
Enoughcollagenwhiteningcovertip01	Консилер для лица плотный 01, корректор светлый	212889025	-	Корректоры	ENOUGH	Северо-Западный	2д 3ч	37	0	37	100	0	37	100	0	0	0	0	0
Enoughcollagenwhiteningcovertip01	Консилер для лица плотный 01, корректор светлый	212889025	-	Корректоры	ENOUGH	Приволжский	1д 10ч	52	32	20	38	32	20	38	0	0	0	54	0
Enoughcollagenwhiteningcovertip01	Консилер для лица плотный 01, корректор светлый	212889025	-	Корректоры	ENOUGH	Уральский	1д 21ч	28	18	10	36	18	10	36	0	0	0	22	0
Enoughcollagenwhiteningcovertip01	Консилер для лица плотный 01, корректор светлый	212889025	-	Корректоры	ENOUGH	Беларусь	1д 21ч	7	0	7	100	0	7	100	0	0	0	0	0
Enoughcollagenwhiteningcovertip01	Консилер для лица плотный 01, корректор светлый	212889025	-	Корректоры	ENOUGH	Армения	7д 16ч	5	0	5	100	0	5	100	0	0	0	0	0
Enoughcollagenwhiteningcovertip01	Консилер для лица плотный 01, корректор светлый	212889025	-	Корректоры	ENOUGH	Казахстан	4д 16ч	3	0	3	100	0	3	100	0	0	0	0	0
Enoughcollagenwhiteningcovertip01	Консилер для лица плотный 01, корректор светлый	212889025	-	Корректоры	ENOUGH	Кыргызстан	8д 3ч	1	0	1	100	0	1	100	0	0	0	0	0
Enoughcollagenwhiteningcovertip01	Консилер для лица плотный 01, корректор светлый	212889025	-	Корректоры	ENOUGH	Центральный	1д 2ч	118	117	1	1	117	1	1	0	0	0	76	0
Enoughcollagenwhiteningcovertip01	Консилер для лица плотный 01, корректор светлый	212889025	-	Корректоры	ENOUGH	Южный и Северо-Кавказский	1д 11ч	92	91	1	1	91	1	1	0	0	0	3	0
ENOUGH collagen moisture BB Cream SPF47 PA+++ N	BB-крем тональный увлажняющий для лица с коллагеном	238413828	-	Кремы	ENOUGH	Дальневосточный и Сибирский	5д 7ч	63	0	63	100	0	63	100	0	0	0	0	0
ENOUGH collagen moisture BB Cream SPF47 PA+++ N	BB-крем тональный увлажняющий для лица с коллагеном	238413828	-	Кремы	ENOUGH	Северо-Западный	1д 14ч	38	3	35	92	3	35	92	0	0	0	6	0
ENOUGH collagen moisture BB Cream SPF47 PA+++ N	BB-крем тональный увлажняющий для лица с коллагеном	238413828	-	Кремы	ENOUGH	Уральский	2д 2ч	27	5	22	81	5	22	81	0	0	0	0	0
ENOUGH collagen moisture BB Cream SPF47 PA+++ N	BB-крем тональный увлажняющий для лица с коллагеном	238413828	-	Кремы	ENOUGH	Беларусь	2д 1ч	9	0	9	100	0	9	100	0	0	0	0	0
ENOUGH collagen moisture BB Cream SPF47 PA+++ N	BB-крем тональный увлажняющий для лица с коллагеном	238413828	-	Кремы	ENOUGH	Казахстан	3д 0ч	9	0	9	100	0	9	100	0	0	0	0	0
ENOUGH collagen moisture BB Cream SPF47 PA+++ N	BB-крем тональный увлажняющий для лица с коллагеном	238413828	-	Кремы	ENOUGH	Армения	14д 5ч	8	0	8	100	0	8	100	0	0	0	0	0
ENOUGH collagen moisture BB Cream SPF47 PA+++ N	BB-крем тональный увлажняющий для лица с коллагеном	238413828	-	Кремы	ENOUGH	Приволжский	1д 4ч	36	34	2	6	34	2	6	0	0	0	130	0
ENOUGH collagen moisture BB Cream SPF47 PA+++ N	BB-крем тональный увлажняющий для лица с коллагеном	238413828	-	Кремы	ENOUGH	Грузия	8д 16ч	1	0	1	100	0	1	100	0	0	0	0	0
ENOUGH collagen moisture BB Cream SPF47 PA+++ N	BB-крем тональный увлажняющий для лица с коллагеном	238413828	-	Кремы	ENOUGH	Центральный	1д 3ч	136	136	0	0	136	0	0	0	0	0	384	0
ENOUGH collagen moisture BB Cream SPF47 PA+++ N	BB-крем тональный увлажняющий для лица с коллагеном	238413828	-	Кремы	ENOUGH	Южный и Северо-Кавказский	1д 8ч	111	111	0	0	111	0	0	0	0	0	137	0
I'm Sorry for My Skin Крем Age Capture Vitalizer	Крем для лица с витамином C осветляющий	206126372	-	Кремы	I'm Sorry for My Skin	Дальневосточный и Сибирский	5д 1ч	73	0	73	100	0	72	99	0	1	1	0	0
I'm Sorry for My Skin Крем Age Capture Vitalizer	Крем для лица с витамином C осветляющий	206126372	-	Кремы	I'm Sorry for My Skin	Северо-Западный	1д 22ч	40	3	37	93	3	36	90	0	1	3	31	0
I'm Sorry for My Skin Крем Age Capture Vitalizer	Крем для лица с витамином C осветляющий	206126372	-	Кремы	I'm Sorry for My Skin	Приволжский	1д 11ч	35	25	10	29	25	10	29	0	0	0	21	0
I'm Sorry for My Skin Крем Age Capture Vitalizer	Крем для лица с витамином C осветляющий	206126372	-	Кремы	I'm Sorry for My Skin	Уральский	1д 14ч	19	11	8	42	11	8	42	0	0	0	0	0
I'm Sorry for My Skin Крем Age Capture Vitalizer	Крем для лица с витамином C осветляющий	206126372	-	Кремы	I'm Sorry for My Skin	Южный и Северо-Кавказский	1д 13ч	49	41	8	16	41	8	16	0	0	0	15	0
I'm Sorry for My Skin Крем Age Capture Vitalizer	Крем для лица с витамином C осветляющий	206126372	-	Кремы	I'm Sorry for My Skin	Беларусь	1д 9ч	7	0	7	100	0	7	100	0	0	0	0	0
I'm Sorry for My Skin Крем Age Capture Vitalizer	Крем для лица с витамином C осветляющий	206126372	-	Кремы	I'm Sorry for My Skin	Армения	10д 12ч	2	0	2	100	0	2	100	0	0	0	0	0
I'm Sorry for My Skin Крем Age Capture Vitalizer	Крем для лица с витамином C осветляющий	206126372	-	Кремы	I'm Sorry for My Skin	Казахстан	5д 13ч	2	0	2	100	0	2	100	0	0	0	0	0
I'm Sorry for My Skin Крем Age Capture Vitalizer	Крем для лица с витамином C осветляющий	206126372	-	Кремы	I'm Sorry for My Skin	Узбекистан	6д 3ч	2	1	1	50	1	1	50	0	0	0	0	0
I'm Sorry for My Skin Крем Age Capture Vitalizer	Крем для лица с витамином C осветляющий	206126372	-	Кремы	I'm Sorry for My Skin	Центральный	1д 6ч	106	106	0	0	102	0	0	4	0	0	59	0
sBotW300	Робот мойщик окон с распылением мощный	176944957	-	Роботы-стеклоочистители	SKL TECH	Дальневосточный и Сибирский	4д 10ч	41	0	41	100	0	41	100	0	0	0	0	0
sBotW300	Робот мойщик окон с распылением мощный	176944957	-	Роботы-стеклоочистители	SKL TECH	Приволжский	1д 17ч	57	18	39	68	18	39	68	0	0	0	0	0
sBotW300	Робот мойщик окон с распылением мощный	176944957	-	Роботы-стеклоочистители	SKL TECH	Беларусь	1д 13ч	34	0	34	100	0	34	100	0	0	0	0	0
sBotW300	Робот мойщик окон с распылением мощный	176944957	-	Роботы-стеклоочистители	SKL TECH	Уральский	1д 23ч	20	6	14	70	6	14	70	0	0	0	0	0
sBotW300	Робот мойщик окон с распылением мощный	176944957	-	Роботы-стеклоочистители	SKL TECH	Северо-Западный	1д 17ч	22	11	11	50	11	11	50	0	0	0	27	0
sBotW300	Робот мойщик окон с распылением мощный	176944957	-	Роботы-стеклоочистители	SKL TECH	Центральный	1д 6ч	157	153	4	3	153	4	3	0	0	0	22	0
sBotW300	Робот мойщик окон с распылением мощный	176944957	-	Роботы-стеклоочистители	SKL TECH	Казахстан	5д 0ч	3	0	3	100	0	3	100	0	0	0	0	0
sBotW300	Робот мойщик окон с распылением мощный	176944957	-	Роботы-стеклоочистители	SKL TECH	Южный и Северо-Кавказский	1д 5ч	27	27	0	0	27	0	0	0	0	0	27	0
Collagen_Enough_Moisture_Foundation_23	Увлажняющий тональный крем для лица матовый Collagen тон 23	611747838	-	Тональные кремы	ENOUGH	Дальневосточный и Сибирский	5д 16ч	47	0	47	100	0	47	100	0	0	0	0	0
Collagen_Enough_Moisture_Foundation_23	Увлажняющий тональный крем для лица матовый Collagen тон 23	611747838	-	Тональные кремы	ENOUGH	Северо-Западный	2д 1ч	34	6	28	82	6	28	82	0	0	0	0	0
Collagen_Enough_Moisture_Foundation_23	Увлажняющий тональный крем для лица матовый Collagen тон 23	611747838	-	Тональные кремы	ENOUGH	Уральский	2д 13ч	23	3	20	87	3	20	87	0	0	0	12	0
Collagen_Enough_Moisture_Foundation_23	Увлажняющий тональный крем для лица матовый Collagen тон 23	611747838	-	Тональные кремы	ENOUGH	Приволжский	1д 15ч	41	27	14	34	27	14	34	0	0	0	36	0
Collagen_Enough_Moisture_Foundation_23	Увлажняющий тональный крем для лица матовый Collagen тон 23	611747838	-	Тональные кремы	ENOUGH	Центральный	1д 10ч	84	71	13	15	71	13	15	0	0	0	16	0
Collagen_Enough_Moisture_Foundation_23	Увлажняющий тональный крем для лица матовый Collagen тон 23	611747838	-	Тональные кремы	ENOUGH	Беларусь	2д 6ч	12	0	12	100	0	12	100	0	0	0	0	0
Collagen_Enough_Moisture_Foundation_23	Увлажняющий тональный крем для лица матовый Collagen тон 23	611747838	-	Тональные кремы	ENOUGH	Армения	9д 16ч	4	0	4	100	0	4	100	0	0	0	0	0
Collagen_Enough_Moisture_Foundation_23	Увлажняющий тональный крем для лица матовый Collagen тон 23	611747838	-	Тональные кремы	ENOUGH	Южный и Северо-Кавказский	1д 12ч	35	33	2	6	33	2	6	0	0	0	20	0
Collagen_Enough_Moisture_Foundation_23	Увлажняющий тональный крем для лица матовый Collagen тон 23	611747838	-	Тональные кремы	ENOUGH	Казахстан	1д 21ч	1	0	1	100	0	1	100	0	0	0	0	0
ROUND LAB SOYBEAN PANTHENOL CREAM_80ml	Крем для лица с чёрной соей и пантенолом успокаивающий Корея	437254254	-	Кремы	round lab	Дальневосточный и Сибирский	5д 10ч	54	0	54	100	0	54	100	0	0	0	0	0
ROUND LAB SOYBEAN PANTHENOL CREAM_80ml	Крем для лица с чёрной соей и пантенолом успокаивающий Корея	437254254	-	Кремы	round lab	Северо-Западный	1д 11ч	45	22	23	51	22	23	51	0	0	0	100	0
ROUND LAB SOYBEAN PANTHENOL CREAM_80ml	Крем для лица с чёрной соей и пантенолом успокаивающий Корея	437254254	-	Кремы	round lab	Беларусь	1д 18ч	15	0	15	100	0	15	100	0	0	0	0	0
ROUND LAB SOYBEAN PANTHENOL CREAM_80ml	Крем для лица с чёрной соей и пантенолом успокаивающий Корея	437254254	-	Кремы	round lab	Приволжский	1д 9ч	45	32	13	29	32	13	29	0	0	0	1	0
ROUND LAB SOYBEAN PANTHENOL CREAM_80ml	Крем для лица с чёрной соей и пантенолом успокаивающий Корея	437254254	-	Кремы	round lab	Уральский	2д 2ч	19	6	13	68	6	13	68	0	0	0	14	0
ROUND LAB SOYBEAN PANTHENOL CREAM_80ml	Крем для лица с чёрной соей и пантенолом успокаивающий Корея	437254254	-	Кремы	round lab	Южный и Северо-Кавказский	1д 12ч	82	74	8	10	74	8	10	0	0	0	2	0
ROUND LAB SOYBEAN PANTHENOL CREAM_80ml	Крем для лица с чёрной соей и пантенолом успокаивающий Корея	437254254	-	Кремы	round lab	Центральный	1д 3ч	121	118	3	2	118	3	2	0	0	0	28	0
ROUND LAB SOYBEAN PANTHENOL CREAM_80ml	Крем для лица с чёрной соей и пантенолом успокаивающий Корея	437254254	-	Кремы	round lab	Армения	6д 5ч	1	0	1	100	0	1	100	0	0	0	0	0
ROUND LAB SOYBEAN PANTHENOL CREAM_80ml	Крем для лица с чёрной соей и пантенолом успокаивающий Корея	437254254	-	Кремы	round lab	Казахстан	3д 18ч	1	0	1	100	0	1	100	0	0	0	0	0
ROUND LAB SOYBEAN PANTHENOL CREAM_80ml	Крем для лица с чёрной соей и пантенолом успокаивающий Корея	437254254	-	Кремы	round lab	Кыргызстан	7д 1ч	1	0	1	100	0	1	100	0	0	0	0	0
ENOUGH collagen moisture BB Cream SPF47 PA+++ BB	BB крем тональный солнцезащитный с коллагеном	165002270	-	Кремы	ENOUGH	Дальневосточный и Сибирский	4д 16ч	38	0	38	100	0	38	100	0	0	0	0	0
ENOUGH collagen moisture BB Cream SPF47 PA+++ BB	BB крем тональный солнцезащитный с коллагеном	165002270	-	Кремы	ENOUGH	Центральный	1д 13ч	81	52	29	36	52	29	36	0	0	0	0	0
ENOUGH collagen moisture BB Cream SPF47 PA+++ BB	BB крем тональный солнцезащитный с коллагеном	165002270	-	Кремы	ENOUGH	Приволжский	2д 3ч	24	1	23	96	1	23	96	0	0	0	0	0
ENOUGH collagen moisture BB Cream SPF47 PA+++ BB	BB крем тональный солнцезащитный с коллагеном	165002270	-	Кремы	ENOUGH	Северо-Западный	2д 12ч	18	0	18	100	0	18	100	0	0	0	0	0
ENOUGH collagen moisture BB Cream SPF47 PA+++ BB	BB крем тональный солнцезащитный с коллагеном	165002270	-	Кремы	ENOUGH	Уральский	2д 7ч	19	10	9	47	10	9	47	0	0	0	0	0
ENOUGH collagen moisture BB Cream SPF47 PA+++ BB	BB крем тональный солнцезащитный с коллагеном	165002270	-	Кремы	ENOUGH	Беларусь	2д 18ч	6	0	6	100	0	6	100	0	0	0	0	0
ENOUGH collagen moisture BB Cream SPF47 PA+++ BB	BB крем тональный солнцезащитный с коллагеном	165002270	-	Кремы	ENOUGH	Казахстан	5д 8ч	4	0	4	100	0	4	100	0	0	0	0	0
ENOUGH collagen moisture BB Cream SPF47 PA+++ BB	BB крем тональный солнцезащитный с коллагеном	165002270	-	Кремы	ENOUGH	Армения	9д 2ч	1	0	1	100	0	1	100	0	0	0	0	0
ENOUGH collagen moisture BB Cream SPF47 PA+++ BB	BB крем тональный солнцезащитный с коллагеном	165002270	-	Кремы	ENOUGH	Южный и Северо-Кавказский	1д 10ч	57	57	0	0	57	0	0	0	0	0	0	0
ELIZAVECCA - Milky Piggy Hell-Pore Clean Up Enzyme Powder Wash	Корейская энзимная пудра для снятия макияжа	207795785	-	Скрабы	Elizavecca	Дальневосточный и Сибирский	4д 23ч	40	0	40	100	0	40	100	0	0	0	0	0
ELIZAVECCA - Milky Piggy Hell-Pore Clean Up Enzyme Powder Wash	Корейская энзимная пудра для снятия макияжа	207795785	-	Скрабы	Elizavecca	Приволжский	1д 16ч	44	20	24	55	20	24	55	0	0	0	0	0
ELIZAVECCA - Milky Piggy Hell-Pore Clean Up Enzyme Powder Wash	Корейская энзимная пудра для снятия макияжа	207795785	-	Скрабы	Elizavecca	Северо-Западный	2д 13ч	20	0	20	100	0	20	100	0	0	0	0	0
ELIZAVECCA - Milky Piggy Hell-Pore Clean Up Enzyme Powder Wash	Корейская энзимная пудра для снятия макияжа	207795785	-	Скрабы	Elizavecca	Южный и Северо-Кавказский	1д 15ч	31	17	14	45	17	14	45	0	0	0	0	0
ELIZAVECCA - Milky Piggy Hell-Pore Clean Up Enzyme Powder Wash	Корейская энзимная пудра для снятия макияжа	207795785	-	Скрабы	Elizavecca	Центральный	1д 9ч	64	51	13	20	51	13	20	0	0	0	0	0
ELIZAVECCA - Milky Piggy Hell-Pore Clean Up Enzyme Powder Wash	Корейская энзимная пудра для снятия макияжа	207795785	-	Скрабы	Elizavecca	Беларусь	1д 9ч	8	0	8	100	0	8	100	0	0	0	0	0
ELIZAVECCA - Milky Piggy Hell-Pore Clean Up Enzyme Powder Wash	Корейская энзимная пудра для снятия макияжа	207795785	-	Скрабы	Elizavecca	Уральский	2д 23ч	8	1	7	88	1	7	88	0	0	0	0	0
ELIZAVECCA - Milky Piggy Hell-Pore Clean Up Enzyme Powder Wash	Корейская энзимная пудра для снятия макияжа	207795785	-	Скрабы	Elizavecca	Армения	11д 14ч	1	0	1	100	0	1	100	0	0	0	0	0
Petitfee GOLD	Гидрогелевые патчи для глаз с золотом	180711104	-	Патчи	Petitfee	Южный и Северо-Кавказский	2д 9ч	43	5	38	88	5	37	86	0	1	2	16	0
Petitfee GOLD	Гидрогелевые патчи для глаз с золотом	180711104	-	Патчи	Petitfee	Дальневосточный и Сибирский	4д 10ч	27	0	27	100	0	26	96	0	1	4	0	0
Petitfee GOLD	Гидрогелевые патчи для глаз с золотом	180711104	-	Патчи	Petitfee	Северо-Западный	1д 15ч	35	10	25	71	10	25	71	0	0	0	9	0
Petitfee GOLD	Гидрогелевые патчи для глаз с золотом	180711104	-	Патчи	Petitfee	Приволжский	1д 12ч	55	45	10	18	45	8	15	0	2	4	2	0
Petitfee GOLD	Гидрогелевые патчи для глаз с золотом	180711104	-	Патчи	Petitfee	Беларусь	1д 21ч	8	0	8	100	0	8	100	0	0	0	0	0
Petitfee GOLD	Гидрогелевые патчи для глаз с золотом	180711104	-	Патчи	Petitfee	Уральский	2д 9ч	8	0	8	100	0	8	100	0	0	0	18	0
Petitfee GOLD	Гидрогелевые патчи для глаз с золотом	180711104	-	Патчи	Petitfee	Центральный	1д 5ч	178	171	7	4	167	7	4	4	0	0	47	0
Petitfee GOLD	Гидрогелевые патчи для глаз с золотом	180711104	-	Патчи	Petitfee	Армения	5д 2ч	2	0	2	100	0	2	100	0	0	0	0	0
Petitfee GOLD	Гидрогелевые патчи для глаз с золотом	180711104	-	Патчи	Petitfee	Таджикистан	7д 5ч	1	0	1	100	0	1	100	0	0	0	0	0
COSRX Advanced Snail 96 Mucin Power Essence [100ml]	Корейская эссенция для лица увлажняющая	207481251	-	Сыворотки	COSRX	Северо-Западный	2д 2ч	43	1	42	98	1	42	98	0	0	0	0	0
COSRX Advanced Snail 96 Mucin Power Essence [100ml]	Корейская эссенция для лица увлажняющая	207481251	-	Сыворотки	COSRX	Дальневосточный и Сибирский	4д 6ч	41	1	40	98	1	40	98	0	0	0	0	0
COSRX Advanced Snail 96 Mucin Power Essence [100ml]	Корейская эссенция для лица увлажняющая	207481251	-	Сыворотки	COSRX	Южный и Северо-Кавказский	1д 16ч	46	30	16	35	30	16	35	0	0	0	0	0
COSRX Advanced Snail 96 Mucin Power Essence [100ml]	Корейская эссенция для лица увлажняющая	207481251	-	Сыворотки	COSRX	Беларусь	1д 9ч	13	0	13	100	0	13	100	0	0	0	0	0
COSRX Advanced Snail 96 Mucin Power Essence [100ml]	Корейская эссенция для лица увлажняющая	207481251	-	Сыворотки	COSRX	Уральский	1д 11ч	18	14	4	22	14	4	22	0	0	0	18	0
COSRX Advanced Snail 96 Mucin Power Essence [100ml]	Корейская эссенция для лица увлажняющая	207481251	-	Сыворотки	COSRX	Приволжский	1д 6ч	45	42	3	7	42	3	7	0	0	0	7	0
COSRX Advanced Snail 96 Mucin Power Essence [100ml]	Корейская эссенция для лица увлажняющая	207481251	-	Сыворотки	COSRX	Кыргызстан	6д 23ч	2	0	2	100	0	2	100	0	0	0	0	0
COSRX Advanced Snail 96 Mucin Power Essence [100ml]	Корейская эссенция для лица увлажняющая	207481251	-	Сыворотки	COSRX	Грузия	6д 3ч	1	0	1	100	0	1	100	0	0	0	0	0
COSRX Advanced Snail 96 Mucin Power Essence [100ml]	Корейская эссенция для лица увлажняющая	207481251	-	Сыворотки	COSRX	Казахстан	2д 21ч	1	0	1	100	0	1	100	0	0	0	0	0
COSRX Advanced Snail 96 Mucin Power Essence [100ml]	Корейская эссенция для лица увлажняющая	207481251	-	Сыворотки	COSRX	Центральный	1д 4ч	107	107	0	0	107	0	0	0	0	0	16	0
Enoughcollagenwhiteningcovertip	Консилер для лица плотный 02 корректор	212889027	-	Корректоры	ENOUGH	Дальневосточный и Сибирский	4д 3ч	58	1	57	98	1	57	98	0	0	0	0	0
Enoughcollagenwhiteningcovertip	Консилер для лица плотный 02 корректор	212889027	-	Корректоры	ENOUGH	Северо-Западный	2д 10ч	36	9	27	75	9	27	75	0	0	0	13	0
Enoughcollagenwhiteningcovertip	Консилер для лица плотный 02 корректор	212889027	-	Корректоры	ENOUGH	Южный и Северо-Кавказский	1д 15ч	82	70	12	15	70	12	15	0	0	0	8	0
Enoughcollagenwhiteningcovertip	Консилер для лица плотный 02 корректор	212889027	-	Корректоры	ENOUGH	Центральный	1д 7ч	104	96	8	8	96	8	8	0	0	0	34	0
Enoughcollagenwhiteningcovertip	Консилер для лица плотный 02 корректор	212889027	-	Корректоры	ENOUGH	Беларусь	2д 14ч	7	0	7	100	0	7	100	0	0	0	0	0
Enoughcollagenwhiteningcovertip	Консилер для лица плотный 02 корректор	212889027	-	Корректоры	ENOUGH	Приволжский	1д 10ч	40	36	4	10	36	4	10	0	0	0	44	0
Enoughcollagenwhiteningcovertip	Консилер для лица плотный 02 корректор	212889027	-	Корректоры	ENOUGH	Уральский	1д 11ч	25	23	2	8	23	2	8	0	0	0	12	0
Enoughcollagenwhiteningcovertip	Консилер для лица плотный 02 корректор	212889027	-	Корректоры	ENOUGH	Армения	5д 16ч	1	0	1	100	0	1	100	0	0	0	0	0
Petitfee 98% Collagen & CoQ10 Hydro Gel Eye Patch	Гидрогелевые патчи для глаз Корея от отеков	179611231	-	Патчи	Petitfee	Северо-Западный	1д 17ч	38	6	32	84	6	32	84	0	0	0	0	0
Petitfee 98% Collagen & CoQ10 Hydro Gel Eye Patch	Гидрогелевые патчи для глаз Корея от отеков	179611231	-	Патчи	Petitfee	Дальневосточный и Сибирский	5д 15ч	23	0	23	100	0	23	100	0	0	0	0	0
Petitfee 98% Collagen & CoQ10 Hydro Gel Eye Patch	Гидрогелевые патчи для глаз Корея от отеков	179611231	-	Патчи	Petitfee	Южный и Северо-Кавказский	1д 19ч	43	23	20	47	23	20	47	0	0	0	2	0
Petitfee 98% Collagen & CoQ10 Hydro Gel Eye Patch	Гидрогелевые патчи для глаз Корея от отеков	179611231	-	Патчи	Petitfee	Приволжский	1д 18ч	29	11	18	62	11	18	62	0	0	0	5	0
Petitfee 98% Collagen & CoQ10 Hydro Gel Eye Patch	Гидрогелевые патчи для глаз Корея от отеков	179611231	-	Патчи	Petitfee	Уральский	2д 12ч	15	5	10	67	5	10	67	0	0	0	12	0
Petitfee 98% Collagen & CoQ10 Hydro Gel Eye Patch	Гидрогелевые патчи для глаз Корея от отеков	179611231	-	Патчи	Petitfee	Беларусь	2д 0ч	8	0	8	100	0	8	100	0	0	0	0	0
Petitfee 98% Collagen & CoQ10 Hydro Gel Eye Patch	Гидрогелевые патчи для глаз Корея от отеков	179611231	-	Патчи	Petitfee	Казахстан	6д 3ч	2	0	2	100	0	2	100	0	0	0	0	0
Petitfee 98% Collagen & CoQ10 Hydro Gel Eye Patch	Гидрогелевые патчи для глаз Корея от отеков	179611231	-	Патчи	Petitfee	Центральный	1д 5ч	140	139	1	1	139	1	1	0	0	0	12	0
Dr.Jart_Dermaclear_Micro_Foam	Пенка для умывания Dermaclear Micro Foam	199367159	-	Пенки	dr.Jart+	Дальневосточный и Сибирский	7д 2ч	51	0	51	100	0	51	100	0	0	0	0	0
Dr.Jart_Dermaclear_Micro_Foam	Пенка для умывания Dermaclear Micro Foam	199367159	-	Пенки	dr.Jart+	Северо-Западный	2д 16ч	25	0	25	100	0	25	100	0	0	0	0	0
Dr.Jart_Dermaclear_Micro_Foam	Пенка для умывания Dermaclear Micro Foam	199367159	-	Пенки	dr.Jart+	Уральский	3д 7ч	16	2	14	88	2	14	88	0	0	0	0	0
Dr.Jart_Dermaclear_Micro_Foam	Пенка для умывания Dermaclear Micro Foam	199367159	-	Пенки	dr.Jart+	Приволжский	1д 23ч	7	1	6	86	1	6	86	0	0	0	0	0
Dr.Jart_Dermaclear_Micro_Foam	Пенка для умывания Dermaclear Micro Foam	199367159	-	Пенки	dr.Jart+	Центральный	1д 5ч	34	29	5	15	29	5	15	0	0	0	0	0
Dr.Jart_Dermaclear_Micro_Foam	Пенка для умывания Dermaclear Micro Foam	199367159	-	Пенки	dr.Jart+	Казахстан	6д 1ч	4	0	4	100	0	4	100	0	0	0	0	0
Dr.Jart_Dermaclear_Micro_Foam	Пенка для умывания Dermaclear Micro Foam	199367159	-	Пенки	dr.Jart+	Южный и Северо-Кавказский	1д 12ч	25	21	4	16	21	4	16	0	0	0	0	0
Dr.Jart_Dermaclear_Micro_Foam	Пенка для умывания Dermaclear Micro Foam	199367159	-	Пенки	dr.Jart+	Армения	12д 21ч	1	0	1	100	0	1	100	0	0	0	0	0
Dr.Jart_Dermaclear_Micro_Foam	Пенка для умывания Dermaclear Micro Foam	199367159	-	Пенки	dr.Jart+	Беларусь	2д 18ч	1	0	1	100	0	1	100	0	0	0	0	0
Dr.Jart_Dermaclear_Micro_Foam	Пенка для умывания Dermaclear Micro Foam	199367159	-	Пенки	dr.Jart+	Кыргызстан	9д 3ч	1	0	1	100	0	1	100	0	0	0	0	0
Dr.Jart_Dermaclear_Micro_Foam	Пенка для умывания Dermaclear Micro Foam	199367159	-	Пенки	dr.Jart+	Узбекистан	9д 4ч	1	0	1	100	0	1	100	0	0	0	0	0
JIGOTT - Collagen Healing Cream [100ml]	Крем для лица с коллагеном	212753217	-	Кремы	Jigott	Дальневосточный и Сибирский	4д 17ч	50	1	49	98	1	49	98	0	0	0	0	0
JIGOTT - Collagen Healing Cream [100ml]	Крем для лица с коллагеном	212753217	-	Кремы	Jigott	Северо-Западный	1д 21ч	20	0	20	100	0	20	100	0	0	0	10	0
JIGOTT - Collagen Healing Cream [100ml]	Крем для лица с коллагеном	212753217	-	Кремы	Jigott	Уральский	1д 17ч	30	14	16	53	14	16	53	0	0	0	1	0
JIGOTT - Collagen Healing Cream [100ml]	Крем для лица с коллагеном	212753217	-	Кремы	Jigott	Беларусь	1д 22ч	10	0	10	100	0	10	100	0	0	0	0	0
JIGOTT - Collagen Healing Cream [100ml]	Крем для лица с коллагеном	212753217	-	Кремы	Jigott	Приволжский	1д 8ч	49	39	10	20	39	10	20	0	0	0	42	0
JIGOTT - Collagen Healing Cream [100ml]	Крем для лица с коллагеном	212753217	-	Кремы	Jigott	Казахстан	5д 13ч	6	0	6	100	0	6	100	0	0	0	0	0
JIGOTT - Collagen Healing Cream [100ml]	Крем для лица с коллагеном	212753217	-	Кремы	Jigott	Центральный	1д 2ч	129	127	2	2	127	2	2	0	0	0	43	0
JIGOTT - Collagen Healing Cream [100ml]	Крем для лица с коллагеном	212753217	-	Кремы	Jigott	Южный и Северо-Кавказский	1д 12ч	74	74	0	0	74	0	0	0	0	0	9	0
Petitfee Chamomile Lightening Hydrogel Eye Mask	Гидрогелевые патчи для глаз от отеков и морщин	179611318	-	Патчи	Petitfee	Дальневосточный и Сибирский	4д 3ч	38	0	38	100	0	38	100	0	0	0	0	0
Petitfee Chamomile Lightening Hydrogel Eye Mask	Гидрогелевые патчи для глаз от отеков и морщин	179611318	-	Патчи	Petitfee	Северо-Западный	2д 4ч	31	8	23	74	8	23	74	0	0	0	8	0
Petitfee Chamomile Lightening Hydrogel Eye Mask	Гидрогелевые патчи для глаз от отеков и морщин	179611318	-	Патчи	Petitfee	Беларусь	1д 19ч	15	0	15	100	0	15	100	0	0	0	0	0
Petitfee Chamomile Lightening Hydrogel Eye Mask	Гидрогелевые патчи для глаз от отеков и морщин	179611318	-	Патчи	Petitfee	Южный и Северо-Кавказский	1д 17ч	52	43	9	17	43	9	17	0	0	0	4	0
Petitfee Chamomile Lightening Hydrogel Eye Mask	Гидрогелевые патчи для глаз от отеков и морщин	179611318	-	Патчи	Petitfee	Уральский	1д 20ч	16	8	8	50	8	8	50	0	0	0	36	0
Petitfee Chamomile Lightening Hydrogel Eye Mask	Гидрогелевые патчи для глаз от отеков и морщин	179611318	-	Патчи	Petitfee	Центральный	1д 4ч	164	156	8	5	156	8	5	0	0	0	3	0
Petitfee Chamomile Lightening Hydrogel Eye Mask	Гидрогелевые патчи для глаз от отеков и морщин	179611318	-	Патчи	Petitfee	Приволжский	1д 10ч	39	32	7	18	32	7	18	0	0	0	13	0
Petitfee Chamomile Lightening Hydrogel Eye Mask	Гидрогелевые патчи для глаз от отеков и морщин	179611318	-	Патчи	Petitfee	Казахстан	4д 21ч	2	0	2	100	0	2	100	0	0	0	0	0
Petitfee Chamomile Lightening Hydrogel Eye Mask	Гидрогелевые патчи для глаз от отеков и морщин	179611318	-	Патчи	Petitfee	Армения	15д 10ч	1	0	1	100	0	1	100	0	0	0	0	0
Petitfee Chamomile Lightening Hydrogel Eye Mask	Гидрогелевые патчи для глаз от отеков и морщин	179611318	-	Патчи	Petitfee	Таджикистан	6д 13ч	1	0	1	100	0	1	100	0	0	0	0	0
СГ-Белая с узорами	Снегурочка под елку 33 см на Новый Год	190314124	-	Фигурки и статуэтки	Дед Мороз Фигурка	Дальневосточный и Сибирский	4д 19ч	24	3	21	88	3	21	88	0	0	0	0	0
СГ-Белая с узорами	Снегурочка под елку 33 см на Новый Год	190314124	-	Фигурки и статуэтки	Дед Мороз Фигурка	Южный и Северо-Кавказский	2д 7ч	26	7	19	73	7	19	73	0	0	0	0	0
СГ-Белая с узорами	Снегурочка под елку 33 см на Новый Год	190314124	-	Фигурки и статуэтки	Дед Мороз Фигурка	Приволжский	2д 3ч	24	7	17	71	7	17	71	0	0	0	0	0
СГ-Белая с узорами	Снегурочка под елку 33 см на Новый Год	190314124	-	Фигурки и статуэтки	Дед Мороз Фигурка	Беларусь	2д 15ч	15	0	15	100	0	15	100	0	0	0	0	0
СГ-Белая с узорами	Снегурочка под елку 33 см на Новый Год	190314124	-	Фигурки и статуэтки	Дед Мороз Фигурка	Центральный	1д 11ч	42	31	11	26	31	11	26	0	0	0	0	0
СГ-Белая с узорами	Снегурочка под елку 33 см на Новый Год	190314124	-	Фигурки и статуэтки	Дед Мороз Фигурка	Северо-Западный	2д 8ч	8	0	8	100	0	8	100	0	0	0	0	0
СГ-Белая с узорами	Снегурочка под елку 33 см на Новый Год	190314124	-	Фигурки и статуэтки	Дед Мороз Фигурка	Уральский	2д 0ч	7	1	6	86	1	6	86	0	0	0	0	0
 ENOUGH COLLAGEN 3IN1 21	Отбеливающий тональный крем для лица 3в1 тон 21	151132052	-	Тональные кремы	ENOUGH	Дальневосточный и Сибирский	3д 13ч	35	0	35	100	0	35	100	0	0	0	0	0
 ENOUGH COLLAGEN 3IN1 21	Отбеливающий тональный крем для лица 3в1 тон 21	151132052	-	Тональные кремы	ENOUGH	Северо-Западный	1д 13ч	19	0	19	100	0	19	100	0	0	0	0	0
 ENOUGH COLLAGEN 3IN1 21	Отбеливающий тональный крем для лица 3в1 тон 21	151132052	-	Тональные кремы	ENOUGH	Южный и Северо-Кавказский	1д 22ч	30	11	19	63	11	19	63	0	0	0	1	0
 ENOUGH COLLAGEN 3IN1 21	Отбеливающий тональный крем для лица 3в1 тон 21	151132052	-	Тональные кремы	ENOUGH	Беларусь	1д 16ч	7	0	7	100	0	7	100	0	0	0	0	0
 ENOUGH COLLAGEN 3IN1 21	Отбеливающий тональный крем для лица 3в1 тон 21	151132052	-	Тональные кремы	ENOUGH	Приволжский	1д 9ч	25	21	4	16	21	4	16	0	0	0	136	0
 ENOUGH COLLAGEN 3IN1 21	Отбеливающий тональный крем для лица 3в1 тон 21	151132052	-	Тональные кремы	ENOUGH	Казахстан	4д 15ч	3	0	3	100	0	3	100	0	0	0	0	0
 ENOUGH COLLAGEN 3IN1 21	Отбеливающий тональный крем для лица 3в1 тон 21	151132052	-	Тональные кремы	ENOUGH	Уральский	1д 10ч	16	13	3	19	13	3	19	0	0	0	65	0
 ENOUGH COLLAGEN 3IN1 21	Отбеливающий тональный крем для лица 3в1 тон 21	151132052	-	Тональные кремы	ENOUGH	Армения	5д 8ч	1	0	1	100	0	1	100	0	0	0	0	0
 ENOUGH COLLAGEN 3IN1 21	Отбеливающий тональный крем для лица 3в1 тон 21	151132052	-	Тональные кремы	ENOUGH	Центральный	1д 5ч	58	58	0	0	58	0	0	0	0	0	247	0
DEOPROCE SHAMPOO - BLACK GARLIC[600ml] без колпачка	Шампунь для волос женский c черным чесноком	608837066	-	Шампуни	DEOPROCE	Дальневосточный и Сибирский	3д 18ч	22	0	22	100	0	22	100	0	0	0	0	0
DEOPROCE SHAMPOO - BLACK GARLIC[600ml] без колпачка	Шампунь для волос женский c черным чесноком	608837066	-	Шампуни	DEOPROCE	Центральный	1д 5ч	99	80	19	19	80	19	19	0	0	0	7	0
DEOPROCE SHAMPOO - BLACK GARLIC[600ml] без колпачка	Шампунь для волос женский c черным чесноком	608837066	-	Шампуни	DEOPROCE	Северо-Западный	2д 12ч	22	5	17	77	5	17	77	0	0	0	43	0
DEOPROCE SHAMPOO - BLACK GARLIC[600ml] без колпачка	Шампунь для волос женский c черным чесноком	608837066	-	Шампуни	DEOPROCE	Уральский	1д 19ч	14	0	14	100	0	14	100	0	0	0	0	0
DEOPROCE SHAMPOO - BLACK GARLIC[600ml] без колпачка	Шампунь для волос женский c черным чесноком	608837066	-	Шампуни	DEOPROCE	Южный и Северо-Кавказский	1д 16ч	63	50	13	21	50	13	21	0	0	0	0	0
DEOPROCE SHAMPOO - BLACK GARLIC[600ml] без колпачка	Шампунь для волос женский c черным чесноком	608837066	-	Шампуни	DEOPROCE	Беларусь	1д 21ч	3	0	3	100	0	3	100	0	0	0	0	0
DEOPROCE SHAMPOO - BLACK GARLIC[600ml] без колпачка	Шампунь для волос женский c черным чесноком	608837066	-	Шампуни	DEOPROCE	Приволжский	1д 4ч	25	23	2	8	23	2	8	0	0	0	6	0
DEOPROCE SHAMPOO - BLACK GARLIC[600ml] без колпачка	Шампунь для волос женский c черным чесноком	608837066	-	Шампуни	DEOPROCE	Казахстан	6д 16ч	1	0	1	100	0	1	100	0	0	0	0	0
PETITFEE - MASK 6	Гидрогелевые маски для лица набор 6 шт.	664171647	-	Маски гидрогелевые	Petitfee	Центральный	1д 13ч	60	34	26	43	34	26	43	0	0	0	0	0
PETITFEE - MASK 6	Гидрогелевые маски для лица набор 6 шт.	664171647	-	Маски гидрогелевые	Petitfee	Дальневосточный и Сибирский	5д 9ч	23	0	23	100	0	23	100	0	0	0	0	0
PETITFEE - MASK 6	Гидрогелевые маски для лица набор 6 шт.	664171647	-	Маски гидрогелевые	Petitfee	Северо-Западный	2д 11ч	13	0	13	100	0	13	100	0	0	0	0	0
PETITFEE - MASK 6	Гидрогелевые маски для лица набор 6 шт.	664171647	-	Маски гидрогелевые	Petitfee	Приволжский	1д 17ч	22	10	12	55	10	12	55	0	0	0	0	0
PETITFEE - MASK 6	Гидрогелевые маски для лица набор 6 шт.	664171647	-	Маски гидрогелевые	Petitfee	Южный и Северо-Кавказский	1д 17ч	21	11	10	48	11	10	48	0	0	0	0	0
PETITFEE - MASK 6	Гидрогелевые маски для лица набор 6 шт.	664171647	-	Маски гидрогелевые	Petitfee	Уральский	1д 21ч	10	7	3	30	7	3	30	0	0	0	0	0
PETITFEE - MASK 6	Гидрогелевые маски для лица набор 6 шт.	664171647	-	Маски гидрогелевые	Petitfee	Армения	5д 20ч	2	0	2	100	0	2	100	0	0	0	0	0
PETITFEE - MASK 6	Гидрогелевые маски для лица набор 6 шт.	664171647	-	Маски гидрогелевые	Petitfee	Беларусь	2д 1ч	2	0	2	100	0	2	100	0	0	0	0	0
Enoughcollagenwhiteningcovertip03	Консилер для лица плотный 03 корректор	212889028	-	Корректоры	ENOUGH	Дальневосточный и Сибирский	4д 16ч	43	0	43	100	0	43	100	0	0	0	0	0
Enoughcollagenwhiteningcovertip03	Консилер для лица плотный 03 корректор	212889028	-	Корректоры	ENOUGH	Северо-Западный	1д 19ч	22	6	16	73	6	16	73	0	0	0	15	0
Enoughcollagenwhiteningcovertip03	Консилер для лица плотный 03 корректор	212889028	-	Корректоры	ENOUGH	Беларусь	1д 19ч	8	0	8	100	0	8	100	0	0	0	0	0
Enoughcollagenwhiteningcovertip03	Консилер для лица плотный 03 корректор	212889028	-	Корректоры	ENOUGH	Центральный	1д 7ч	68	61	7	10	61	7	10	0	0	0	70	0
Enoughcollagenwhiteningcovertip03	Консилер для лица плотный 03 корректор	212889028	-	Корректоры	ENOUGH	Приволжский	1д 4ч	36	30	6	17	30	6	17	0	0	0	48	0
Enoughcollagenwhiteningcovertip03	Консилер для лица плотный 03 корректор	212889028	-	Корректоры	ENOUGH	Уральский	1д 16ч	15	12	3	20	12	3	20	0	0	0	40	0
Enoughcollagenwhiteningcovertip03	Консилер для лица плотный 03 корректор	212889028	-	Корректоры	ENOUGH	Армения	7д 6ч	3	1	2	67	1	2	67	0	0	0	0	0
Enoughcollagenwhiteningcovertip03	Консилер для лица плотный 03 корректор	212889028	-	Корректоры	ENOUGH	Казахстан	4д 5ч	1	0	1	100	0	1	100	0	0	0	0	0
Enoughcollagenwhiteningcovertip03	Консилер для лица плотный 03 корректор	212889028	-	Корректоры	ENOUGH	Южный и Северо-Кавказский	1д 9ч	43	42	1	2	42	1	2	0	0	0	11	0
ROUND LAB MUGWORT CALMING TONER_300ml	Тоник для лица увлажняющий успокаивающий Корея	437238521	-	Тоники	round lab	Южный и Северо-Кавказский	2д 20ч	28	0	28	100	0	20	71	0	8	29	0	0
ROUND LAB MUGWORT CALMING TONER_300ml	Тоник для лица увлажняющий успокаивающий Корея	437238521	-	Тоники	round lab	Дальневосточный и Сибирский	4д 22ч	19	0	19	100	0	19	100	0	0	0	0	0
ROUND LAB MUGWORT CALMING TONER_300ml	Тоник для лица увлажняющий успокаивающий Корея	437238521	-	Тоники	round lab	Приволжский	1д 20ч	17	6	11	65	6	10	59	0	1	6	0	0
ROUND LAB MUGWORT CALMING TONER_300ml	Тоник для лица увлажняющий успокаивающий Корея	437238521	-	Тоники	round lab	Северо-Западный	2д 15ч	11	0	11	100	0	10	91	0	1	9	0	0
ROUND LAB MUGWORT CALMING TONER_300ml	Тоник для лица увлажняющий успокаивающий Корея	437238521	-	Тоники	round lab	Уральский	3д 10ч	7	1	6	86	1	4	57	0	2	29	0	0
ROUND LAB MUGWORT CALMING TONER_300ml	Тоник для лица увлажняющий успокаивающий Корея	437238521	-	Тоники	round lab	Беларусь	2д 9ч	5	0	5	100	0	3	60	0	2	40	0	0
ROUND LAB MUGWORT CALMING TONER_300ml	Тоник для лица увлажняющий успокаивающий Корея	437238521	-	Тоники	round lab	Центральный	1д 8ч	37	34	3	8	29	3	8	5	0	0	0	0
ROUND LAB MUGWORT CALMING TONER_300ml	Тоник для лица увлажняющий успокаивающий Корея	437238521	-	Тоники	round lab	Грузия	7д 20ч	1	0	1	100	0	1	100	0	0	0	0	0
MANYO BIFIDA COMPLEX AMPOULE GEL CLEANSER [400ml]	Гель пенка для умывания Bifida Complex Ampoule Gel Cleanser	868575374	-	Пенки	manyo	Дальневосточный и Сибирский	4д 3ч	34	0	34	100	0	34	100	0	0	0	0	0
MANYO BIFIDA COMPLEX AMPOULE GEL CLEANSER [400ml]	Гель пенка для умывания Bifida Complex Ampoule Gel Cleanser	868575374	-	Пенки	manyo	Северо-Западный	2д 4ч	21	2	19	90	2	19	90	0	0	0	0	0
MANYO BIFIDA COMPLEX AMPOULE GEL CLEANSER [400ml]	Гель пенка для умывания Bifida Complex Ampoule Gel Cleanser	868575374	-	Пенки	manyo	Южный и Северо-Кавказский	1д 15ч	74	63	11	15	63	11	15	0	0	0	32	0
MANYO BIFIDA COMPLEX AMPOULE GEL CLEANSER [400ml]	Гель пенка для умывания Bifida Complex Ampoule Gel Cleanser	868575374	-	Пенки	manyo	Приволжский	1д 15ч	14	8	6	43	8	6	43	0	0	0	0	0
MANYO BIFIDA COMPLEX AMPOULE GEL CLEANSER [400ml]	Гель пенка для умывания Bifida Complex Ampoule Gel Cleanser	868575374	-	Пенки	manyo	Центральный	1д 2ч	71	65	6	8	65	6	8	0	0	0	57	0
MANYO BIFIDA COMPLEX AMPOULE GEL CLEANSER [400ml]	Гель пенка для умывания Bifida Complex Ampoule Gel Cleanser	868575374	-	Пенки	manyo	Беларусь	1д 12ч	3	0	3	100	0	3	100	0	0	0	0	0
MANYO BIFIDA COMPLEX AMPOULE GEL CLEANSER [400ml]	Гель пенка для умывания Bifida Complex Ampoule Gel Cleanser	868575374	-	Пенки	manyo	Казахстан	4д 23ч	1	0	1	100	0	1	100	0	0	0	1	0
MANYO BIFIDA COMPLEX AMPOULE GEL CLEANSER [400ml]	Гель пенка для умывания Bifida Complex Ampoule Gel Cleanser	868575374	-	Пенки	manyo	Уральский	1д 20ч	7	6	1	14	6	1	14	0	0	0	22	0
LEBELAGE - High Protection Daily No Sebum Sun Cream SPF50+ PA++ [30ml]	Солнцезащитный крем СПФ 50 для лица и тела	165008074	-	Кремы	Lebelage	Дальневосточный и Сибирский	5д 8ч	19	0	19	100	0	19	100	0	0	0	0	0
LEBELAGE - High Protection Daily No Sebum Sun Cream SPF50+ PA++ [30ml]	Солнцезащитный крем СПФ 50 для лица и тела	165008074	-	Кремы	Lebelage	Приволжский	2д 7ч	17	0	17	100	0	17	100	0	0	0	0	0
LEBELAGE - High Protection Daily No Sebum Sun Cream SPF50+ PA++ [30ml]	Солнцезащитный крем СПФ 50 для лица и тела	165008074	-	Кремы	Lebelage	Северо-Западный	2д 12ч	11	0	11	100	0	11	100	0	0	0	0	0
LEBELAGE - High Protection Daily No Sebum Sun Cream SPF50+ PA++ [30ml]	Солнцезащитный крем СПФ 50 для лица и тела	165008074	-	Кремы	Lebelage	Центральный	1д 10ч	43	34	9	21	34	9	21	0	0	0	0	0
LEBELAGE - High Protection Daily No Sebum Sun Cream SPF50+ PA++ [30ml]	Солнцезащитный крем СПФ 50 для лица и тела	165008074	-	Кремы	Lebelage	Беларусь	2д 6ч	6	0	6	100	0	6	100	0	0	0	0	0
LEBELAGE - High Protection Daily No Sebum Sun Cream SPF50+ PA++ [30ml]	Солнцезащитный крем СПФ 50 для лица и тела	165008074	-	Кремы	Lebelage	Казахстан	4д 21ч	5	0	5	100	0	5	100	0	0	0	0	0
LEBELAGE - High Protection Daily No Sebum Sun Cream SPF50+ PA++ [30ml]	Солнцезащитный крем СПФ 50 для лица и тела	165008074	-	Кремы	Lebelage	Уральский	3д 8ч	5	0	5	100	0	5	100	0	0	0	0	0
LEBELAGE - High Protection Daily No Sebum Sun Cream SPF50+ PA++ [30ml]	Солнцезащитный крем СПФ 50 для лица и тела	165008074	-	Кремы	Lebelage	Южный и Северо-Кавказский	1д 16ч	17	12	5	29	12	5	29	0	0	0	0	0
dm7dm3-45	Дед Мороз под елку 45 см	555204573	-	Фигурки и статуэтки	Дед Мороз Фигурка	Беларусь	2д 11ч	17	0	17	100	0	17	100	0	0	0	0	0
dm7dm3-45	Дед Мороз под елку 45 см	555204573	-	Фигурки и статуэтки	Дед Мороз Фигурка	Приволжский	1д 19ч	32	17	15	47	17	15	47	0	0	0	0	0
dm7dm3-45	Дед Мороз под елку 45 см	555204573	-	Фигурки и статуэтки	Дед Мороз Фигурка	Дальневосточный и Сибирский	3д 4ч	14	2	12	86	2	12	86	0	0	0	0	0
dm7dm3-45	Дед Мороз под елку 45 см	555204573	-	Фигурки и статуэтки	Дед Мороз Фигурка	Северо-Западный	1д 18ч	9	0	9	100	0	9	100	0	0	0	0	0
dm7dm3-45	Дед Мороз под елку 45 см	555204573	-	Фигурки и статуэтки	Дед Мороз Фигурка	Южный и Северо-Кавказский	1д 14ч	37	28	9	24	28	9	24	0	0	0	0	0
dm7dm3-45	Дед Мороз под елку 45 см	555204573	-	Фигурки и статуэтки	Дед Мороз Фигурка	Уральский	2д 5ч	9	2	7	78	2	7	78	0	0	0	0	0
dm7dm3-45	Дед Мороз под елку 45 см	555204573	-	Фигурки и статуэтки	Дед Мороз Фигурка	Центральный	1д 6ч	58	52	6	10	52	6	10	0	0	0	0	0
dm7dm3-45	Дед Мороз под елку 45 см	555204573	-	Фигурки и статуэтки	Дед Мороз Фигурка	Армения	17д 1ч	2	0	2	100	0	2	100	0	0	0	0	0
ROUND LAB SOYBEAN CLEANSING OIL_200ml	Гидрофильное масло для лица для умывания Корея	437850261	-	Гидрофильные масла	round lab	Дальневосточный и Сибирский	6д 14ч	37	4	33	89	4	33	89	0	0	0	0	0
ROUND LAB SOYBEAN CLEANSING OIL_200ml	Гидрофильное масло для лица для умывания Корея	437850261	-	Гидрофильные масла	round lab	Северо-Западный	2д 14ч	18	0	18	100	0	18	100	0	0	0	0	0
ROUND LAB SOYBEAN CLEANSING OIL_200ml	Гидрофильное масло для лица для умывания Корея	437850261	-	Гидрофильные масла	round lab	Центральный	1д 3ч	43	37	6	14	37	6	14	0	0	0	24	0
ROUND LAB SOYBEAN CLEANSING OIL_200ml	Гидрофильное масло для лица для умывания Корея	437850261	-	Гидрофильные масла	round lab	Южный и Северо-Кавказский	1д 16ч	24	18	6	25	18	6	25	0	0	0	0	0
ROUND LAB SOYBEAN CLEANSING OIL_200ml	Гидрофильное масло для лица для умывания Корея	437850261	-	Гидрофильные масла	round lab	Беларусь	1д 23ч	4	0	4	100	0	4	100	0	0	0	0	0
ROUND LAB SOYBEAN CLEANSING OIL_200ml	Гидрофильное масло для лица для умывания Корея	437850261	-	Гидрофильные масла	round lab	Приволжский	1д 9ч	12	9	3	25	9	3	25	0	0	0	14	0
ROUND LAB SOYBEAN CLEANSING OIL_200ml	Гидрофильное масло для лица для умывания Корея	437850261	-	Гидрофильные масла	round lab	Казахстан	3д 15ч	3	1	2	67	1	2	67	0	0	0	0	0
ROUND LAB SOYBEAN CLEANSING OIL_200ml	Гидрофильное масло для лица для умывания Корея	437850261	-	Гидрофильные масла	round lab	Уральский	2д 14ч	6	4	2	33	4	2	33	0	0	0	0	0
ROUND LAB SOYBEAN CLEANSING OIL_200ml	Гидрофильное масло для лица для умывания Корея	437850261	-	Гидрофильные масла	round lab	Армения	22д 10ч	1	0	1	100	0	1	100	0	0	0	0	0
ROUND LAB SOYBEAN CLEANSING OIL_200ml	Гидрофильное масло для лица для умывания Корея	437850261	-	Гидрофильные масла	round lab	Кыргызстан	6д 16ч	1	0	1	100	0	1	100	0	0	0	0	0
dm7dm6	Дед Мороз под елку 35 см	48908708	-	Фигурки и статуэтки	Дед Мороз Фигурка	Центральный	1д 13ч	36	21	15	42	21	15	42	0	0	0	0	0
dm7dm6	Дед Мороз под елку 35 см	48908708	-	Фигурки и статуэтки	Дед Мороз Фигурка	Приволжский	2д 4ч	18	4	14	78	4	14	78	0	0	0	0	0
dm7dm6	Дед Мороз под елку 35 см	48908708	-	Фигурки и статуэтки	Дед Мороз Фигурка	Южный и Северо-Кавказский	2д 1ч	23	9	14	61	9	14	61	0	0	0	0	0
dm7dm6	Дед Мороз под елку 35 см	48908708	-	Фигурки и статуэтки	Дед Мороз Фигурка	Беларусь	2д 22ч	11	0	11	100	0	11	100	0	0	0	0	0
dm7dm6	Дед Мороз под елку 35 см	48908708	-	Фигурки и статуэтки	Дед Мороз Фигурка	Дальневосточный и Сибирский	5д 13ч	10	2	8	80	2	8	80	0	0	0	0	0
dm7dm6	Дед Мороз под елку 35 см	48908708	-	Фигурки и статуэтки	Дед Мороз Фигурка	Северо-Западный	2д 5ч	8	0	8	100	0	8	100	0	0	0	0	0
dm7dm6	Дед Мороз под елку 35 см	48908708	-	Фигурки и статуэтки	Дед Мороз Фигурка	Уральский	2д 22ч	4	1	3	75	1	3	75	0	0	0	0	0
dm7dm6	Дед Мороз под елку 35 см	48908708	-	Фигурки и статуэтки	Дед Мороз Фигурка	Кыргызстан	5д 1ч	1	0	1	100	0	1	100	0	0	0	0	0
LEBELAGE - Dr. Peptide Derma Eye Cream [40ml]	Увлажняющий крем для кожи вокруг глаз	210575566	-	Кремы	Lebelage	Дальневосточный и Сибирский	5д 1ч	29	0	29	100	0	29	100	0	0	0	0	0
LEBELAGE - Dr. Peptide Derma Eye Cream [40ml]	Увлажняющий крем для кожи вокруг глаз	210575566	-	Кремы	Lebelage	Северо-Западный	2д 10ч	15	2	13	87	2	13	87	0	0	0	5	0
LEBELAGE - Dr. Peptide Derma Eye Cream [40ml]	Увлажняющий крем для кожи вокруг глаз	210575566	-	Кремы	Lebelage	Центральный	1д 8ч	48	36	12	25	36	12	25	0	0	0	31	0
LEBELAGE - Dr. Peptide Derma Eye Cream [40ml]	Увлажняющий крем для кожи вокруг глаз	210575566	-	Кремы	Lebelage	Уральский	1д 21ч	15	8	7	47	8	7	47	0	0	0	0	0
LEBELAGE - Dr. Peptide Derma Eye Cream [40ml]	Увлажняющий крем для кожи вокруг глаз	210575566	-	Кремы	Lebelage	Беларусь	2д 2ч	5	0	5	100	0	5	100	0	0	0	0	0
LEBELAGE - Dr. Peptide Derma Eye Cream [40ml]	Увлажняющий крем для кожи вокруг глаз	210575566	-	Кремы	Lebelage	Казахстан	3д 3ч	3	0	3	100	0	3	100	0	0	0	0	0
LEBELAGE - Dr. Peptide Derma Eye Cream [40ml]	Увлажняющий крем для кожи вокруг глаз	210575566	-	Кремы	Lebelage	Южный и Северо-Кавказский	1д 14ч	24	22	2	8	22	2	8	0	0	0	5	0
LEBELAGE - Dr. Peptide Derma Eye Cream [40ml]	Увлажняющий крем для кожи вокруг глаз	210575566	-	Кремы	Lebelage	Армения	26д 16ч	1	0	1	100	0	1	100	0	0	0	0	0
LEBELAGE - Dr. Peptide Derma Eye Cream [40ml]	Увлажняющий крем для кожи вокруг глаз	210575566	-	Кремы	Lebelage	Приволжский	1д 7ч	21	20	1	5	20	1	5	0	0	0	16	0
THE ORDINARY - Argireline Solution 10% [30ml]	Антивозрастная сыворотка для лица с аргирелином 10%	214312385	-	Сыворотки	The ordinary	Дальневосточный и Сибирский	6д 2ч	19	0	19	100	0	19	100	0	0	0	0	0
THE ORDINARY - Argireline Solution 10% [30ml]	Антивозрастная сыворотка для лица с аргирелином 10%	214312385	-	Сыворотки	The ordinary	Северо-Западный	2д 10ч	18	1	17	94	1	16	89	0	1	6	0	0
THE ORDINARY - Argireline Solution 10% [30ml]	Антивозрастная сыворотка для лица с аргирелином 10%	214312385	-	Сыворотки	The ordinary	Южный и Северо-Кавказский	1д 20ч	18	9	9	50	9	9	50	0	0	0	0	0
THE ORDINARY - Argireline Solution 10% [30ml]	Антивозрастная сыворотка для лица с аргирелином 10%	214312385	-	Сыворотки	The ordinary	Уральский	2д 11ч	8	1	7	88	1	6	75	0	1	13	0	0
THE ORDINARY - Argireline Solution 10% [30ml]	Антивозрастная сыворотка для лица с аргирелином 10%	214312385	-	Сыворотки	The ordinary	Приволжский	1д 21ч	12	6	6	50	6	6	50	0	0	0	0	0
THE ORDINARY - Argireline Solution 10% [30ml]	Антивозрастная сыворотка для лица с аргирелином 10%	214312385	-	Сыворотки	The ordinary	Казахстан	4д 8ч	5	0	5	100	0	5	100	0	0	0	0	0
THE ORDINARY - Argireline Solution 10% [30ml]	Антивозрастная сыворотка для лица с аргирелином 10%	214312385	-	Сыворотки	The ordinary	Беларусь	2д 0ч	4	0	4	100	0	4	100	0	0	0	0	0
THE ORDINARY - Argireline Solution 10% [30ml]	Антивозрастная сыворотка для лица с аргирелином 10%	214312385	-	Сыворотки	The ordinary	Узбекистан	8д 11ч	4	0	4	100	0	3	75	0	1	25	0	0
THE ORDINARY - Argireline Solution 10% [30ml]	Антивозрастная сыворотка для лица с аргирелином 10%	214312385	-	Сыворотки	The ordinary	Грузия	8д 9ч	1	0	1	100	0	1	100	0	0	0	0	0
THE ORDINARY - Argireline Solution 10% [30ml]	Антивозрастная сыворотка для лица с аргирелином 10%	214312385	-	Сыворотки	The ordinary	Кыргызстан	8д 5ч	1	0	1	100	0	1	100	0	0	0	0	0
THE ORDINARY - Argireline Solution 10% [30ml]	Антивозрастная сыворотка для лица с аргирелином 10%	214312385	-	Сыворотки	The ordinary	Центральный	1д 4ч	54	54	0	0	54	0	0	0	0	0	18	0
DEOPROCE SHAMPOO - BLACK GARLIC[600ml] с колпачком	Шампунь для волос женский c черным	608624295	-	Шампуни	DEOPROCE	Дальневосточный и Сибирский	3д 1ч	38	0	38	100	0	38	100	0	0	0	0	0
DEOPROCE SHAMPOO - BLACK GARLIC[600ml] с колпачком	Шампунь для волос женский c черным	608624295	-	Шампуни	DEOPROCE	Северо-Западный	1д 19ч	13	0	13	100	0	13	100	0	0	0	25	0
DEOPROCE SHAMPOO - BLACK GARLIC[600ml] с колпачком	Шампунь для волос женский c черным	608624295	-	Шампуни	DEOPROCE	Беларусь	1д 10ч	7	0	7	100	0	7	100	0	0	0	0	0
DEOPROCE SHAMPOO - BLACK GARLIC[600ml] с колпачком	Шампунь для волос женский c черным	608624295	-	Шампуни	DEOPROCE	Южный и Северо-Кавказский	1д 17ч	38	32	6	16	32	6	16	0	0	0	12	0
DEOPROCE SHAMPOO - BLACK GARLIC[600ml] с колпачком	Шампунь для волос женский c черным	608624295	-	Шампуни	DEOPROCE	Приволжский	1д 7ч	16	14	2	13	14	2	13	0	0	0	44	0
DEOPROCE SHAMPOO - BLACK GARLIC[600ml] с колпачком	Шампунь для волос женский c черным	608624295	-	Шампуни	DEOPROCE	Уральский	1д 12ч	12	10	2	17	10	2	17	0	0	0	18	0
DEOPROCE SHAMPOO - BLACK GARLIC[600ml] с колпачком	Шампунь для волос женский c черным	608624295	-	Шампуни	DEOPROCE	Центральный	1д 5ч	73	71	2	3	71	2	3	0	0	0	7	0
DEOPROCE SHAMPOO - BLACK GARLIC[600ml] с колпачком	Шампунь для волос женский c черным	608624295	-	Шампуни	DEOPROCE	Армения	11д 13ч	1	0	1	100	0	1	100	0	0	0	0	0
DEOPROCE SHAMPOO - BLACK GARLIC[600ml] с колпачком	Шампунь для волос женский c черным	608624295	-	Шампуни	DEOPROCE	Узбекистан	-	1	0	1	100	0	1	100	0	0	0	0	0
Скалер белый v1	Скалер для чистки и отбеливания зубов	180852804	-	Скалеры	FETLAR	Дальневосточный и Сибирский	4д 8ч	27	0	27	100	0	27	100	0	0	0	0	0
Скалер белый v1	Скалер для чистки и отбеливания зубов	180852804	-	Скалеры	FETLAR	Приволжский	1д 17ч	17	2	15	88	2	15	88	0	0	0	1	0
Скалер белый v1	Скалер для чистки и отбеливания зубов	180852804	-	Скалеры	FETLAR	Уральский	1д 23ч	21	8	13	62	8	13	62	0	0	0	5	0
Скалер белый v1	Скалер для чистки и отбеливания зубов	180852804	-	Скалеры	FETLAR	Северо-Западный	1д 17ч	10	0	10	100	0	10	100	0	0	0	0	0
Скалер белый v1	Скалер для чистки и отбеливания зубов	180852804	-	Скалеры	FETLAR	Беларусь	1д 5ч	4	0	4	100	0	4	100	0	0	0	0	0
Скалер белый v1	Скалер для чистки и отбеливания зубов	180852804	-	Скалеры	FETLAR	Армения	9д 7ч	1	0	1	100	0	1	100	0	0	0	0	0
Скалер белый v1	Скалер для чистки и отбеливания зубов	180852804	-	Скалеры	FETLAR	Центральный	1д 1ч	47	46	1	2	46	1	2	0	0	0	40	0
Скалер белый v1	Скалер для чистки и отбеливания зубов	180852804	-	Скалеры	FETLAR	Южный и Северо-Кавказский	1д 8ч	26	26	0	0	26	0	0	0	0	0	42	0
DEOPROCE - SNAIL RECOVERY CREAM [100g]	Корейский крем для лица антивозрастной	214304883	-	Кремы	DEOPROCE	Дальневосточный и Сибирский	3д 22ч	28	0	28	100	0	28	100	0	0	0	0	0
DEOPROCE - SNAIL RECOVERY CREAM [100g]	Корейский крем для лица антивозрастной	214304883	-	Кремы	DEOPROCE	Северо-Западный	1д 16ч	18	1	17	94	1	17	94	0	0	0	4	0
DEOPROCE - SNAIL RECOVERY CREAM [100g]	Корейский крем для лица антивозрастной	214304883	-	Кремы	DEOPROCE	Южный и Северо-Кавказский	1д 17ч	32	19	13	41	19	13	41	0	0	0	2	0
DEOPROCE - SNAIL RECOVERY CREAM [100g]	Корейский крем для лица антивозрастной	214304883	-	Кремы	DEOPROCE	Беларусь	1д 18ч	6	0	6	100	0	6	100	0	0	0	0	0
DEOPROCE - SNAIL RECOVERY CREAM [100g]	Корейский крем для лица антивозрастной	214304883	-	Кремы	DEOPROCE	Уральский	1д 19ч	7	5	2	29	5	2	29	0	0	0	4	0
DEOPROCE - SNAIL RECOVERY CREAM [100g]	Корейский крем для лица антивозрастной	214304883	-	Кремы	DEOPROCE	Армения	9д 11ч	1	0	1	100	0	1	100	0	0	0	0	0
DEOPROCE - SNAIL RECOVERY CREAM [100g]	Корейский крем для лица антивозрастной	214304883	-	Кремы	DEOPROCE	Казахстан	9д 11ч	1	0	1	100	0	1	100	0	0	0	0	0
DEOPROCE - SNAIL RECOVERY CREAM [100g]	Корейский крем для лица антивозрастной	214304883	-	Кремы	DEOPROCE	Приволжский	3д 4ч	18	17	1	6	17	1	6	0	0	0	19	0
DEOPROCE - SNAIL RECOVERY CREAM [100g]	Корейский крем для лица антивозрастной	214304883	-	Кремы	DEOPROCE	Таджикистан	-	1	0	1	100	0	1	100	0	0	0	0	0
DEOPROCE - SNAIL RECOVERY CREAM [100g]	Корейский крем для лица антивозрастной	214304883	-	Кремы	DEOPROCE	Центральный	1д 1ч	85	85	0	0	85	0	0	0	0	0	17	0
Пистолет перкуссионный V1	Перкуссионный массажер для тела от целлюлита	174668134	-	Массажеры электрические	Перкуссионный массажер пистолет	Северо-Западный	1д 15ч	19	0	19	100	0	19	100	0	0	0	1	0
Пистолет перкуссионный V1	Перкуссионный массажер для тела от целлюлита	174668134	-	Массажеры электрические	Перкуссионный массажер пистолет	Беларусь	1д 14ч	13	0	13	100	0	13	100	0	0	0	0	0
Пистолет перкуссионный V1	Перкуссионный массажер для тела от целлюлита	174668134	-	Массажеры электрические	Перкуссионный массажер пистолет	Приволжский	1д 8ч	31	19	12	39	19	12	39	0	0	0	0	0
Пистолет перкуссионный V1	Перкуссионный массажер для тела от целлюлита	174668134	-	Массажеры электрические	Перкуссионный массажер пистолет	Южный и Северо-Кавказский	1д 14ч	22	10	12	55	10	12	55	0	0	0	1	0
Пистолет перкуссионный V1	Перкуссионный массажер для тела от целлюлита	174668134	-	Массажеры электрические	Перкуссионный массажер пистолет	Дальневосточный и Сибирский	5д 16ч	11	2	9	82	2	9	82	0	0	0	0	0
Пистолет перкуссионный V1	Перкуссионный массажер для тела от целлюлита	174668134	-	Массажеры электрические	Перкуссионный массажер пистолет	Уральский	2д 19ч	3	1	2	67	1	2	67	0	0	0	0	0
Пистолет перкуссионный V1	Перкуссионный массажер для тела от целлюлита	174668134	-	Массажеры электрические	Перкуссионный массажер пистолет	Центральный	1д 8ч	30	30	0	0	30	0	0	0	0	0	52	0
ISNTREE - Chestnut AHA 8% Clear Essence Sample [20ml]	Сыворотка для глубокого очищения лица	207818000	-	Сыворотки		Дальневосточный и Сибирский	4д 7ч	24	0	24	100	0	24	100	0	0	0	0	0
ISNTREE - Chestnut AHA 8% Clear Essence Sample [20ml]	Сыворотка для глубокого очищения лица	207818000	-	Сыворотки		Северо-Западный	1д 17ч	13	0	13	100	0	13	100	0	0	0	15	0
ISNTREE - Chestnut AHA 8% Clear Essence Sample [20ml]	Сыворотка для глубокого очищения лица	207818000	-	Сыворотки		Беларусь	1д 18ч	10	0	10	100	0	10	100	0	0	0	0	0
ISNTREE - Chestnut AHA 8% Clear Essence Sample [20ml]	Сыворотка для глубокого очищения лица	207818000	-	Сыворотки		Приволжский	1д 14ч	13	4	9	69	4	9	69	0	0	0	11	0
ISNTREE - Chestnut AHA 8% Clear Essence Sample [20ml]	Сыворотка для глубокого очищения лица	207818000	-	Сыворотки		Южный и Северо-Кавказский	1д 18ч	25	18	7	28	18	7	28	0	0	0	5	0
ISNTREE - Chestnut AHA 8% Clear Essence Sample [20ml]	Сыворотка для глубокого очищения лица	207818000	-	Сыворотки		Уральский	1д 20ч	4	1	3	75	1	3	75	0	0	0	0	0
ISNTREE - Chestnut AHA 8% Clear Essence Sample [20ml]	Сыворотка для глубокого очищения лица	207818000	-	Сыворотки		Казахстан	4д 16ч	1	0	1	100	0	1	100	0	0	0	0	0
ISNTREE - Chestnut AHA 8% Clear Essence Sample [20ml]	Сыворотка для глубокого очищения лица	207818000	-	Сыворотки		Центральный	1д 3ч	28	28	0	0	28	0	0	0	0	0	23	0
dm7dm12	Дед Мороз под елку 35 см	103441912	-	Фигурки и статуэтки	Дед Мороз Фигурка	Приволжский	2д 9ч	16	1	15	94	1	15	94	0	0	0	0	0
dm7dm12	Дед Мороз под елку 35 см	103441912	-	Фигурки и статуэтки	Дед Мороз Фигурка	Беларусь	2д 4ч	10	0	10	100	0	10	100	0	0	0	0	0
dm7dm12	Дед Мороз под елку 35 см	103441912	-	Фигурки и статуэтки	Дед Мороз Фигурка	Дальневосточный и Сибирский	3д 16ч	12	2	10	83	2	10	83	0	0	0	0	0
dm7dm12	Дед Мороз под елку 35 см	103441912	-	Фигурки и статуэтки	Дед Мороз Фигурка	Центральный	2д 3ч	37	27	10	27	27	10	27	0	0	0	0	0
dm7dm12	Дед Мороз под елку 35 см	103441912	-	Фигурки и статуэтки	Дед Мороз Фигурка	Южный и Северо-Кавказский	2д 7ч	15	6	9	60	6	9	60	0	0	0	0	0
dm7dm12	Дед Мороз под елку 35 см	103441912	-	Фигурки и статуэтки	Дед Мороз Фигурка	Уральский	2д 11ч	10	4	6	60	4	6	60	0	0	0	0	0
dm7dm12	Дед Мороз под елку 35 см	103441912	-	Фигурки и статуэтки	Дед Мороз Фигурка	Северо-Западный	2д 11ч	5	0	5	100	0	5	100	0	0	0	0	0
dm7dm12	Дед Мороз под елку 35 см	103441912	-	Фигурки и статуэтки	Дед Мороз Фигурка	Казахстан	7д 2ч	1	0	1	100	0	1	100	0	0	0	0	0
LEBELAGE - Dr. Hyaluronic Derma Eye Cream [40ml]	Увлажняющий крем для кожи вокруг глаз	207818642	-	Кремы	Lebelage	Дальневосточный и Сибирский	3д 20ч	27	0	27	100	0	27	100	0	0	0	0	0
LEBELAGE - Dr. Hyaluronic Derma Eye Cream [40ml]	Увлажняющий крем для кожи вокруг глаз	207818642	-	Кремы	Lebelage	Северо-Западный	2д 5ч	13	0	13	100	0	13	100	0	0	0	0	0
LEBELAGE - Dr. Hyaluronic Derma Eye Cream [40ml]	Увлажняющий крем для кожи вокруг глаз	207818642	-	Кремы	Lebelage	Уральский	2д 16ч	14	3	11	79	3	11	79	0	0	0	0	0
LEBELAGE - Dr. Hyaluronic Derma Eye Cream [40ml]	Увлажняющий крем для кожи вокруг глаз	207818642	-	Кремы	Lebelage	Беларусь	1д 15ч	10	0	10	100	0	10	100	0	0	0	0	0
LEBELAGE - Dr. Hyaluronic Derma Eye Cream [40ml]	Увлажняющий крем для кожи вокруг глаз	207818642	-	Кремы	Lebelage	Казахстан	3д 21ч	2	0	2	100	0	2	100	0	0	0	0	0
LEBELAGE - Dr. Hyaluronic Derma Eye Cream [40ml]	Увлажняющий крем для кожи вокруг глаз	207818642	-	Кремы	Lebelage	Армения	9д 9ч	1	0	1	100	0	1	100	0	0	0	0	0
LEBELAGE - Dr. Hyaluronic Derma Eye Cream [40ml]	Увлажняющий крем для кожи вокруг глаз	207818642	-	Кремы	Lebelage	Приволжский	1д 5ч	26	25	1	4	25	1	4	0	0	0	9	0
LEBELAGE - Dr. Hyaluronic Derma Eye Cream [40ml]	Увлажняющий крем для кожи вокруг глаз	207818642	-	Кремы	Lebelage	Центральный	1д 8ч	51	50	1	2	50	1	2	0	0	0	20	0
LEBELAGE - Dr. Hyaluronic Derma Eye Cream [40ml]	Увлажняющий крем для кожи вокруг глаз	207818642	-	Кремы	Lebelage	Южный и Северо-Кавказский	1д 8ч	18	18	0	0	18	0	0	0	0	0	11	0
JMSOLUTION - Mask Pack Black [8pcs]	Маски для лица тканевые	333259566	-	Маски тканевые косметические	JMSolution	Уральский	2д 10ч	20	6	14	70	6	14	70	0	0	0	0	0
JMSOLUTION - Mask Pack Black [8pcs]	Маски для лица тканевые	333259566	-	Маски тканевые косметические	JMSolution	Северо-Западный	1д 19ч	12	0	12	100	0	12	100	0	0	0	0	0
JMSOLUTION - Mask Pack Black [8pcs]	Маски для лица тканевые	333259566	-	Маски тканевые косметические	JMSolution	Беларусь	1д 18ч	9	0	9	100	0	9	100	0	0	0	0	0
JMSOLUTION - Mask Pack Black [8pcs]	Маски для лица тканевые	333259566	-	Маски тканевые косметические	JMSolution	Южный и Северо-Кавказский	1д 18ч	21	12	9	43	12	9	43	0	0	0	0	0
JMSOLUTION - Mask Pack Black [8pcs]	Маски для лица тканевые	333259566	-	Маски тканевые косметические	JMSolution	Приволжский	1д 18ч	9	1	8	89	1	8	89	0	0	0	0	0
JMSOLUTION - Mask Pack Black [8pcs]	Маски для лица тканевые	333259566	-	Маски тканевые косметические	JMSolution	Дальневосточный и Сибирский	3д 7ч	7	0	7	100	0	7	100	0	0	0	0	0
JMSOLUTION - Mask Pack Black [8pcs]	Маски для лица тканевые	333259566	-	Маски тканевые косметические	JMSolution	Центральный	1д 3ч	36	34	2	6	34	2	6	0	0	0	0	0
JMSOLUTION - Mask Pack Black [8pcs]	Маски для лица тканевые	333259566	-	Маски тканевые косметические	JMSolution	Казахстан	6д 12ч	1	0	1	100	0	1	100	0	0	0	0	0
LEBELAGE - High Protection Extreme Sun Cream SPF50+ PA++ [30ml]	Солнцезащитный крем СПФ 50 для лица и тела	165008162	-	Кремы	Lebelage	Приволжский	2д 11ч	17	0	17	100	0	17	100	0	0	0	0	0
LEBELAGE - High Protection Extreme Sun Cream SPF50+ PA++ [30ml]	Солнцезащитный крем СПФ 50 для лица и тела	165008162	-	Кремы	Lebelage	Южный и Северо-Кавказский	2д 5ч	17	0	17	100	0	17	100	0	0	0	0	0
LEBELAGE - High Protection Extreme Sun Cream SPF50+ PA++ [30ml]	Солнцезащитный крем СПФ 50 для лица и тела	165008162	-	Кремы	Lebelage	Дальневосточный и Сибирский	6д 0ч	12	0	12	100	0	12	100	0	0	0	0	0
LEBELAGE - High Protection Extreme Sun Cream SPF50+ PA++ [30ml]	Солнцезащитный крем СПФ 50 для лица и тела	165008162	-	Кремы	Lebelage	Беларусь	2д 1ч	7	0	7	100	0	7	100	0	0	0	0	0
LEBELAGE - High Protection Extreme Sun Cream SPF50+ PA++ [30ml]	Солнцезащитный крем СПФ 50 для лица и тела	165008162	-	Кремы	Lebelage	Уральский	2д 4ч	2	0	2	100	0	2	100	0	0	0	0	0
LEBELAGE - High Protection Extreme Sun Cream SPF50+ PA++ [30ml]	Солнцезащитный крем СПФ 50 для лица и тела	165008162	-	Кремы	Lebelage	Армения	13д 6ч	1	0	1	100	0	1	100	0	0	0	0	0
LEBELAGE - High Protection Extreme Sun Cream SPF50+ PA++ [30ml]	Солнцезащитный крем СПФ 50 для лица и тела	165008162	-	Кремы	Lebelage	Грузия	7д 21ч	1	0	1	100	0	1	100	0	0	0	0	0
LEBELAGE - High Protection Extreme Sun Cream SPF50+ PA++ [30ml]	Солнцезащитный крем СПФ 50 для лица и тела	165008162	-	Кремы	Lebelage	Казахстан	7д 4ч	1	0	1	100	0	1	100	0	0	0	0	0
LEBELAGE - High Protection Extreme Sun Cream SPF50+ PA++ [30ml]	Солнцезащитный крем СПФ 50 для лица и тела	165008162	-	Кремы	Lebelage	Северо-Западный	1д 6ч	1	0	1	100	0	1	100	0	0	0	0	0
LEBELAGE - High Protection Extreme Sun Cream SPF50+ PA++ [30ml]	Солнцезащитный крем СПФ 50 для лица и тела	165008162	-	Кремы	Lebelage	Узбекистан	9д 23ч	1	0	1	100	0	1	100	0	0	0	0	0
LEBELAGE - High Protection Extreme Sun Cream SPF50+ PA++ [30ml]	Солнцезащитный крем СПФ 50 для лица и тела	165008162	-	Кремы	Lebelage	Центральный	1д 17ч	24	24	0	0	24	0	0	0	0	0	0	0
Petitfee EGF	Антивозрастные гидрогелевые патчи с золотом и EGF	180711041	-	Патчи	Petitfee	Северо-Западный	2д 0ч	22	0	22	100	0	22	100	0	0	0	0	0
Petitfee EGF	Антивозрастные гидрогелевые патчи с золотом и EGF	180711041	-	Патчи	Petitfee	Дальневосточный и Сибирский	4д 20ч	20	0	20	100	0	20	100	0	0	0	0	0
Petitfee EGF	Антивозрастные гидрогелевые патчи с золотом и EGF	180711041	-	Патчи	Petitfee	Центральный	1д 5ч	51	45	6	12	45	6	12	0	0	0	0	0
Petitfee EGF	Антивозрастные гидрогелевые патчи с золотом и EGF	180711041	-	Патчи	Petitfee	Беларусь	1д 15ч	2	0	2	100	0	2	100	0	0	0	0	0
Petitfee EGF	Антивозрастные гидрогелевые патчи с золотом и EGF	180711041	-	Патчи	Petitfee	Армения	15д 17ч	1	0	1	100	0	1	100	0	0	0	0	0
Petitfee EGF	Антивозрастные гидрогелевые патчи с золотом и EGF	180711041	-	Патчи	Petitfee	Казахстан	3д 18ч	1	0	1	100	0	1	100	0	0	0	0	0
Petitfee EGF	Антивозрастные гидрогелевые патчи с золотом и EGF	180711041	-	Патчи	Petitfee	Приволжский	1д 4ч	10	9	1	10	9	1	10	0	0	0	38	0
Petitfee EGF	Антивозрастные гидрогелевые патчи с золотом и EGF	180711041	-	Патчи	Petitfee	Уральский	2д 0ч	1	0	1	100	0	1	100	0	0	0	4	0
Petitfee EGF	Антивозрастные гидрогелевые патчи с золотом и EGF	180711041	-	Патчи	Petitfee	Южный и Северо-Кавказский	1д 4ч	17	17	0	0	17	0	0	0	0	0	21	0
ELIZAVECCA - CER-100  [100ml]	Маска для волос увлажняющая с коллагеном	207796350	-	Маски косметические	Elizavecca	Дальневосточный и Сибирский	3д 16ч	17	0	17	100	0	17	100	0	0	0	0	0
ELIZAVECCA - CER-100  [100ml]	Маска для волос увлажняющая с коллагеном	207796350	-	Маски косметические	Elizavecca	Северо-Западный	1д 23ч	23	6	17	74	6	17	74	0	0	0	42	0
ELIZAVECCA - CER-100  [100ml]	Маска для волос увлажняющая с коллагеном	207796350	-	Маски косметические	Elizavecca	Беларусь	1д 11ч	9	0	9	100	0	9	100	0	0	0	0	0
ELIZAVECCA - CER-100  [100ml]	Маска для волос увлажняющая с коллагеном	207796350	-	Маски косметические	Elizavecca	Уральский	2д 0ч	7	0	7	100	0	7	100	0	0	0	0	0
ELIZAVECCA - CER-100  [100ml]	Маска для волос увлажняющая с коллагеном	207796350	-	Маски косметические	Elizavecca	Казахстан	3д 21ч	4	1	3	75	1	3	75	0	0	0	0	0
ELIZAVECCA - CER-100  [100ml]	Маска для волос увлажняющая с коллагеном	207796350	-	Маски косметические	Elizavecca	Армения	10д 16ч	1	0	1	100	0	1	100	0	0	0	0	0
ELIZAVECCA - CER-100  [100ml]	Маска для волос увлажняющая с коллагеном	207796350	-	Маски косметические	Elizavecca	Приволжский	1д 5ч	15	15	0	0	15	0	0	0	0	0	151	0
ELIZAVECCA - CER-100  [100ml]	Маска для волос увлажняющая с коллагеном	207796350	-	Маски косметические	Elizavecca	Центральный	1д 2ч	65	65	0	0	65	0	0	0	0	0	159	0
ELIZAVECCA - CER-100  [100ml]	Маска для волос увлажняющая с коллагеном	207796350	-	Маски косметические	Elizavecca	Южный и Северо-Кавказский	1д 6ч	20	20	0	0	20	0	0	0	0	0	31	0
dm7dm5	Дед Мороз под елку 35 см	48906952	-	Фигурки и статуэтки	Дед Мороз Фигурка	Приволжский	2д 6ч	16	3	13	81	3	13	81	0	0	0	0	0
dm7dm5	Дед Мороз под елку 35 см	48906952	-	Фигурки и статуэтки	Дед Мороз Фигурка	Центральный	1д 19ч	25	14	11	44	14	11	44	0	0	0	0	0
dm7dm5	Дед Мороз под елку 35 см	48906952	-	Фигурки и статуэтки	Дед Мороз Фигурка	Южный и Северо-Кавказский	2д 9ч	19	9	10	53	9	10	53	0	0	0	0	0
dm7dm5	Дед Мороз под елку 35 см	48906952	-	Фигурки и статуэтки	Дед Мороз Фигурка	Северо-Западный	2д 10ч	6	0	6	100	0	6	100	0	0	0	0	0
dm7dm5	Дед Мороз под елку 35 см	48906952	-	Фигурки и статуэтки	Дед Мороз Фигурка	Беларусь	2д 14ч	5	0	5	100	0	5	100	0	0	0	0	0
dm7dm5	Дед Мороз под елку 35 см	48906952	-	Фигурки и статуэтки	Дед Мороз Фигурка	Дальневосточный и Сибирский	4д 12ч	7	2	5	71	2	5	71	0	0	0	0	0
dm7dm5	Дед Мороз под елку 35 см	48906952	-	Фигурки и статуэтки	Дед Мороз Фигурка	Армения	6д 15ч	2	0	2	100	0	2	100	0	0	0	0	0
dm7dm5	Дед Мороз под елку 35 см	48906952	-	Фигурки и статуэтки	Дед Мороз Фигурка	Уральский	1д 14ч	2	1	1	50	1	1	50	0	0	0	0	0
dm7dm5	Дед Мороз под елку 35 см	48906952	-	Фигурки и статуэтки	Дед Мороз Фигурка	Казахстан	7д 23ч	1	1	0	0	1	0	0	0	0	0	0	0
PETITFEE - MASK 5	Гидрогелевые маски для лица набор 5 шт.	664171648	-	Маски гидрогелевые	Petitfee	Дальневосточный и Сибирский	5д 0ч	15	0	15	100	0	15	100	0	0	0	0	0
PETITFEE - MASK 5	Гидрогелевые маски для лица набор 5 шт.	664171648	-	Маски гидрогелевые	Petitfee	Центральный	1д 17ч	33	19	14	42	19	14	42	0	0	0	0	0
PETITFEE - MASK 5	Гидрогелевые маски для лица набор 5 шт.	664171648	-	Маски гидрогелевые	Petitfee	Северо-Западный	2д 10ч	13	0	13	100	0	13	100	0	0	0	0	0
PETITFEE - MASK 5	Гидрогелевые маски для лица набор 5 шт.	664171648	-	Маски гидрогелевые	Petitfee	Беларусь	3д 6ч	3	0	3	100	0	3	100	0	0	0	0	0
PETITFEE - MASK 5	Гидрогелевые маски для лица набор 5 шт.	664171648	-	Маски гидрогелевые	Petitfee	Казахстан	3д 15ч	3	0	3	100	0	3	100	0	0	0	0	0
PETITFEE - MASK 5	Гидрогелевые маски для лица набор 5 шт.	664171648	-	Маски гидрогелевые	Petitfee	Приволжский	1д 10ч	5	3	2	40	3	2	40	0	0	0	0	0
PETITFEE - MASK 5	Гидрогелевые маски для лица набор 5 шт.	664171648	-	Маски гидрогелевые	Petitfee	Южный и Северо-Кавказский	1д 14ч	19	17	2	11	17	2	11	0	0	0	0	0
PETITFEE - MASK 5	Гидрогелевые маски для лица набор 5 шт.	664171648	-	Маски гидрогелевые	Petitfee	Уральский	1д 10ч	10	10	0	0	10	0	0	0	0	0	0	0
MISSHA - M Perfect Cover BB Cream SPF42+ PA+++ (Tone 21) [50ml]	Корейский bb крем для лица увлажняющий тон 21	212825852	-	BB-кремы	MISSHA	Приволжский	2д 16ч	14	1	13	93	1	13	93	0	0	0	0	0
MISSHA - M Perfect Cover BB Cream SPF42+ PA+++ (Tone 21) [50ml]	Корейский bb крем для лица увлажняющий тон 21	212825852	-	BB-кремы	MISSHA	Центральный	1д 20ч	18	8	10	56	8	10	56	0	0	0	0	0
MISSHA - M Perfect Cover BB Cream SPF42+ PA+++ (Tone 21) [50ml]	Корейский bb крем для лица увлажняющий тон 21	212825852	-	BB-кремы	MISSHA	Дальневосточный и Сибирский	7д 12ч	8	0	8	100	0	8	100	0	0	0	0	0
MISSHA - M Perfect Cover BB Cream SPF42+ PA+++ (Tone 21) [50ml]	Корейский bb крем для лица увлажняющий тон 21	212825852	-	BB-кремы	MISSHA	Северо-Западный	2д 17ч	6	0	6	100	0	6	100	0	0	0	0	0
MISSHA - M Perfect Cover BB Cream SPF42+ PA+++ (Tone 21) [50ml]	Корейский bb крем для лица увлажняющий тон 21	212825852	-	BB-кремы	MISSHA	Уральский	3д 8ч	6	0	6	100	0	6	100	0	0	0	0	0
MISSHA - M Perfect Cover BB Cream SPF42+ PA+++ (Tone 21) [50ml]	Корейский bb крем для лица увлажняющий тон 21	212825852	-	BB-кремы	MISSHA	Беларусь	2д 12ч	3	0	3	100	0	3	100	0	0	0	0	0
MISSHA - M Perfect Cover BB Cream SPF42+ PA+++ (Tone 21) [50ml]	Корейский bb крем для лица увлажняющий тон 21	212825852	-	BB-кремы	MISSHA	Южный и Северо-Кавказский	1д 20ч	24	21	3	13	21	3	13	0	0	0	0	0
MISSHA - M Perfect Cover BB Cream SPF42+ PA+++ (Tone 21) [50ml]	Корейский bb крем для лица увлажняющий тон 21	212825852	-	BB-кремы	MISSHA	Казахстан	6д 14ч	1	0	1	100	0	1	100	0	0	0	0	0
Petitfee Cacao Energizing Hydrogel Eye Patch	Тонизирующие патчи для глаз гидрогелевые с какао	179611304	-	Патчи	Petitfee	Дальневосточный и Сибирский	4д 23ч	14	0	14	100	0	14	100	0	0	0	0	0
Petitfee Cacao Energizing Hydrogel Eye Patch	Тонизирующие патчи для глаз гидрогелевые с какао	179611304	-	Патчи	Petitfee	Центральный	1д 11ч	35	23	12	34	23	12	34	0	0	0	39	0
Petitfee Cacao Energizing Hydrogel Eye Patch	Тонизирующие патчи для глаз гидрогелевые с какао	179611304	-	Патчи	Petitfee	Южный и Северо-Кавказский	2д 4ч	18	10	8	44	10	8	44	0	0	0	53	0
Petitfee Cacao Energizing Hydrogel Eye Patch	Тонизирующие патчи для глаз гидрогелевые с какао	179611304	-	Патчи	Petitfee	Северо-Западный	2д 0ч	10	4	6	60	4	6	60	0	0	0	6	0
Petitfee Cacao Energizing Hydrogel Eye Patch	Тонизирующие патчи для глаз гидрогелевые с какао	179611304	-	Патчи	Petitfee	Приволжский	1д 4ч	21	18	3	14	18	3	14	0	0	0	26	0
Petitfee Cacao Energizing Hydrogel Eye Patch	Тонизирующие патчи для глаз гидрогелевые с какао	179611304	-	Патчи	Petitfee	Беларусь	1д 18ч	2	0	2	100	0	2	100	0	0	0	0	0
Petitfee Cacao Energizing Hydrogel Eye Patch	Тонизирующие патчи для глаз гидрогелевые с какао	179611304	-	Патчи	Petitfee	Уральский	1д 12ч	8	6	2	25	6	2	25	0	0	0	23	0
SOME BY MI - AHA-BHA-PHA 30 Days Miracle Acne Clear Body Cleanser [400g]	Гель для душа против прыщей	248928555	-	Пенки	Some by mi	Дальневосточный и Сибирский	5д 20ч	15	1	14	93	1	14	93	0	0	0	0	0
SOME BY MI - AHA-BHA-PHA 30 Days Miracle Acne Clear Body Cleanser [400g]	Гель для душа против прыщей	248928555	-	Пенки	Some by mi	Северо-Западный	2д 16ч	14	0	14	100	0	14	100	0	0	0	0	0
SOME BY MI - AHA-BHA-PHA 30 Days Miracle Acne Clear Body Cleanser [400g]	Гель для душа против прыщей	248928555	-	Пенки	Some by mi	Центральный	1д 20ч	15	9	6	40	9	6	40	0	0	0	0	0
SOME BY MI - AHA-BHA-PHA 30 Days Miracle Acne Clear Body Cleanser [400g]	Гель для душа против прыщей	248928555	-	Пенки	Some by mi	Казахстан	3д 16ч	5	0	5	100	0	5	100	0	0	0	0	0
SOME BY MI - AHA-BHA-PHA 30 Days Miracle Acne Clear Body Cleanser [400g]	Гель для душа против прыщей	248928555	-	Пенки	Some by mi	Уральский	2д 18ч	6	2	4	67	2	4	67	0	0	0	0	0
SOME BY MI - AHA-BHA-PHA 30 Days Miracle Acne Clear Body Cleanser [400g]	Гель для душа против прыщей	248928555	-	Пенки	Some by mi	Кыргызстан	7д 20ч	2	0	2	100	0	2	100	0	0	0	0	0
SOME BY MI - AHA-BHA-PHA 30 Days Miracle Acne Clear Body Cleanser [400g]	Гель для душа против прыщей	248928555	-	Пенки	Some by mi	Приволжский	1д 4ч	2	1	1	50	1	1	50	0	0	0	0	0
SOME BY MI - AHA-BHA-PHA 30 Days Miracle Acne Clear Body Cleanser [400g]	Гель для душа против прыщей	248928555	-	Пенки	Some by mi	Южный и Северо-Кавказский	1д 15ч	7	6	1	14	6	1	14	0	0	0	0	0
PETITFEE Aura Quartz Hydrogel Eye Mask Pure Opal	Охлаждающие гидрогелевые патчи для области вокруг глаз	180992464	-	Патчи	Petitfee	Дальневосточный и Сибирский	4д 11ч	14	0	14	100	0	14	100	0	0	0	0	0
PETITFEE Aura Quartz Hydrogel Eye Mask Pure Opal	Охлаждающие гидрогелевые патчи для области вокруг глаз	180992464	-	Патчи	Petitfee	Северо-Западный	2д 3ч	14	0	14	100	0	14	100	0	0	0	0	0
PETITFEE Aura Quartz Hydrogel Eye Mask Pure Opal	Охлаждающие гидрогелевые патчи для области вокруг глаз	180992464	-	Патчи	Petitfee	Уральский	1д 13ч	14	7	7	50	7	7	50	0	0	0	0	0
PETITFEE Aura Quartz Hydrogel Eye Mask Pure Opal	Охлаждающие гидрогелевые патчи для области вокруг глаз	180992464	-	Патчи	Petitfee	Беларусь	1д 13ч	4	0	4	100	0	4	100	0	0	0	0	0
PETITFEE Aura Quartz Hydrogel Eye Mask Pure Opal	Охлаждающие гидрогелевые патчи для области вокруг глаз	180992464	-	Патчи	Petitfee	Казахстан	3д 7ч	3	0	3	100	0	3	100	0	0	0	0	0
PETITFEE Aura Quartz Hydrogel Eye Mask Pure Opal	Охлаждающие гидрогелевые патчи для области вокруг глаз	180992464	-	Патчи	Petitfee	Приволжский	1д 11ч	6	4	2	33	4	2	33	0	0	0	1	0
PETITFEE Aura Quartz Hydrogel Eye Mask Pure Opal	Охлаждающие гидрогелевые патчи для области вокруг глаз	180992464	-	Патчи	Petitfee	Узбекистан	9д 1ч	1	0	1	100	0	1	100	0	0	0	0	0
PETITFEE Aura Quartz Hydrogel Eye Mask Pure Opal	Охлаждающие гидрогелевые патчи для области вокруг глаз	180992464	-	Патчи	Petitfee	Центральный	1д 1ч	60	59	1	2	59	1	2	0	0	0	12	0
PETITFEE Aura Quartz Hydrogel Eye Mask Pure Opal	Охлаждающие гидрогелевые патчи для области вокруг глаз	180992464	-	Патчи	Petitfee	Южный и Северо-Кавказский	1д 4ч	13	13	0	0	13	0	0	0	0	0	13	0
Elizavecca Milky Piggy Carbonated Bubble Clay Mask N	Маска для лица пузырьковая глиняная	307071318	-	Маски косметические	Elizavecca	Дальневосточный и Сибирский	3д 5ч	18	0	18	100	0	18	100	0	0	0	0	0
Elizavecca Milky Piggy Carbonated Bubble Clay Mask N	Маска для лица пузырьковая глиняная	307071318	-	Маски косметические	Elizavecca	Центральный	1д 16ч	29	15	14	48	15	14	48	0	0	0	0	0
Elizavecca Milky Piggy Carbonated Bubble Clay Mask N	Маска для лица пузырьковая глиняная	307071318	-	Маски косметические	Elizavecca	Северо-Западный	2д 15ч	5	0	5	100	0	5	100	0	0	0	0	0
Elizavecca Milky Piggy Carbonated Bubble Clay Mask N	Маска для лица пузырьковая глиняная	307071318	-	Маски косметические	Elizavecca	Беларусь	1д 21ч	3	0	3	100	0	3	100	0	0	0	0	0
Elizavecca Milky Piggy Carbonated Bubble Clay Mask N	Маска для лица пузырьковая глиняная	307071318	-	Маски косметические	Elizavecca	Приволжский	1д 10ч	7	5	2	29	5	2	29	0	0	0	0	0
Elizavecca Milky Piggy Carbonated Bubble Clay Mask N	Маска для лица пузырьковая глиняная	307071318	-	Маски косметические	Elizavecca	Южный и Северо-Кавказский	1д 10ч	19	17	2	11	17	2	11	0	0	0	0	0
Elizavecca Milky Piggy Carbonated Bubble Clay Mask N	Маска для лица пузырьковая глиняная	307071318	-	Маски косметические	Elizavecca	Казахстан	3д 6ч	1	0	1	100	0	1	100	0	0	0	0	0
Elizavecca Milky Piggy Carbonated Bubble Clay Mask N	Маска для лица пузырьковая глиняная	307071318	-	Маски косметические	Elizavecca	Уральский	2д 2ч	1	0	1	100	0	1	100	0	0	0	0	0
dm7dm3-50	Дед Мороз под елку 50 см	555208894	-	Фигурки и статуэтки	Дед Мороз Фигурка	Приволжский	1д 17ч	18	3	15	83	3	15	83	0	0	0	0	0
dm7dm3-50	Дед Мороз под елку 50 см	555208894	-	Фигурки и статуэтки	Дед Мороз Фигурка	Центральный	1д 16ч	20	11	9	45	11	9	45	0	0	0	0	0
dm7dm3-50	Дед Мороз под елку 50 см	555208894	-	Фигурки и статуэтки	Дед Мороз Фигурка	Южный и Северо-Кавказский	1д 23ч	19	10	9	47	10	9	47	0	0	0	0	0
dm7dm3-50	Дед Мороз под елку 50 см	555208894	-	Фигурки и статуэтки	Дед Мороз Фигурка	Беларусь	1д 20ч	5	0	5	100	0	5	100	0	0	0	0	0
dm7dm3-50	Дед Мороз под елку 50 см	555208894	-	Фигурки и статуэтки	Дед Мороз Фигурка	Уральский	2д 12ч	6	2	4	67	2	4	67	0	0	0	0	0
dm7dm3-50	Дед Мороз под елку 50 см	555208894	-	Фигурки и статуэтки	Дед Мороз Фигурка	Дальневосточный и Сибирский	4д 5ч	5	3	2	40	3	2	40	0	0	0	0	0
dm7dm3-50	Дед Мороз под елку 50 см	555208894	-	Фигурки и статуэтки	Дед Мороз Фигурка	Казахстан	3д 18ч	2	1	1	50	1	1	50	0	0	0	0	0
Petitfee Pink Vita Brightening Eye Mask	Тканевые патчи под глаза от темных кругов	180987509	-	Патчи	Petitfee	Дальневосточный и Сибирский	5д 4ч	16	0	16	100	0	16	100	0	0	0	0	0
Petitfee Pink Vita Brightening Eye Mask	Тканевые патчи под глаза от темных кругов	180987509	-	Патчи	Petitfee	Северо-Западный	1д 17ч	13	0	13	100	0	13	100	0	0	0	0	0
Petitfee Pink Vita Brightening Eye Mask	Тканевые патчи под глаза от темных кругов	180987509	-	Патчи	Petitfee	Центральный	1д 3ч	63	57	6	10	57	6	10	0	0	0	0	0
Petitfee Pink Vita Brightening Eye Mask	Тканевые патчи под глаза от темных кругов	180987509	-	Патчи	Petitfee	Уральский	1д 15ч	12	7	5	42	7	5	42	0	0	0	0	0
Petitfee Pink Vita Brightening Eye Mask	Тканевые патчи под глаза от темных кругов	180987509	-	Патчи	Petitfee	Приволжский	1д 10ч	7	5	2	29	5	2	29	0	0	0	2	0
Petitfee Pink Vita Brightening Eye Mask	Тканевые патчи под глаза от темных кругов	180987509	-	Патчи	Petitfee	Беларусь	1д 17ч	1	0	1	100	0	1	100	0	0	0	0	0
Petitfee Pink Vita Brightening Eye Mask	Тканевые патчи под глаза от темных кругов	180987509	-	Патчи	Petitfee	Южный и Северо-Кавказский	1д 11ч	21	21	0	0	21	0	0	0	0	0	4	0
HairSet/350/8*2	Masil набор для волос	183030830	-	Маски косметические	MASIL	Дальневосточный и Сибирский	3д 5ч	16	0	16	100	0	16	100	0	0	0	0	0
HairSet/350/8*2	Masil набор для волос	183030830	-	Маски косметические	MASIL	Центральный	1д 6ч	40	34	6	15	34	6	15	0	0	0	0	0
HairSet/350/8*2	Masil набор для волос	183030830	-	Маски косметические	MASIL	Беларусь	1д 20ч	5	0	5	100	0	5	100	0	0	0	0	0
HairSet/350/8*2	Masil набор для волос	183030830	-	Маски косметические	MASIL	Северо-Западный	2д 17ч	5	0	5	100	0	5	100	0	0	0	0	0
HairSet/350/8*2	Masil набор для волос	183030830	-	Маски косметические	MASIL	Уральский	1д 16ч	6	2	4	67	2	4	67	0	0	0	0	0
HairSet/350/8*2	Masil набор для волос	183030830	-	Маски косметические	MASIL	Южный и Северо-Кавказский	1д 9ч	34	30	4	12	30	4	12	0	0	0	1	0
HairSet/350/8*2	Masil набор для волос	183030830	-	Маски косметические	MASIL	Приволжский	1д 10ч	11	8	3	27	8	3	27	0	0	0	3	0
MANYO BIFIDA INFUSION SHOT AMPOULE 1DX [50ml]	Сыворотка с микроиглами 1Dx для интенсивного ухода	868700077	-	Сыворотки	manyo	Дальневосточный и Сибирский	5д 6ч	24	0	24	100	0	24	100	0	0	0	0	0
MANYO BIFIDA INFUSION SHOT AMPOULE 1DX [50ml]	Сыворотка с микроиглами 1Dx для интенсивного ухода	868700077	-	Сыворотки	manyo	Северо-Западный	2д 2ч	15	3	12	80	3	12	80	0	0	0	18	0
MANYO BIFIDA INFUSION SHOT AMPOULE 1DX [50ml]	Сыворотка с микроиглами 1Dx для интенсивного ухода	868700077	-	Сыворотки	manyo	Приволжский	1д 8ч	13	10	3	23	10	3	23	0	0	0	26	0
MANYO BIFIDA INFUSION SHOT AMPOULE 1DX [50ml]	Сыворотка с микроиглами 1Dx для интенсивного ухода	868700077	-	Сыворотки	manyo	Беларусь	1д 9ч	2	0	2	100	0	2	100	0	0	0	0	0
MANYO BIFIDA INFUSION SHOT AMPOULE 1DX [50ml]	Сыворотка с микроиглами 1Dx для интенсивного ухода	868700077	-	Сыворотки	manyo	Уральский	1д 7ч	12	10	2	17	10	2	17	0	0	0	15	0
MANYO BIFIDA INFUSION SHOT AMPOULE 1DX [50ml]	Сыворотка с микроиглами 1Dx для интенсивного ухода	868700077	-	Сыворотки	manyo	Центральный	0д 23ч	64	64	0	0	64	0	0	0	0	0	32	0
MANYO BIFIDA INFUSION SHOT AMPOULE 1DX [50ml]	Сыворотка с микроиглами 1Dx для интенсивного ухода	868700077	-	Сыворотки	manyo	Южный и Северо-Кавказский	1д 9ч	20	20	0	0	20	0	0	0	0	0	14	0
СГ-Красная	Снегурочка под елку 33 см на Новый Год	190314349	-	Фигурки и статуэтки	Дед Мороз Фигурка	Дальневосточный и Сибирский	6д 13ч	13	1	12	92	1	12	92	0	0	0	0	0
СГ-Красная	Снегурочка под елку 33 см на Новый Год	190314349	-	Фигурки и статуэтки	Дед Мороз Фигурка	Приволжский	2д 5ч	11	3	8	73	3	8	73	0	0	0	0	0
СГ-Красная	Снегурочка под елку 33 см на Новый Год	190314349	-	Фигурки и статуэтки	Дед Мороз Фигурка	Беларусь	2д 11ч	6	0	6	100	0	6	100	0	0	0	0	0
СГ-Красная	Снегурочка под елку 33 см на Новый Год	190314349	-	Фигурки и статуэтки	Дед Мороз Фигурка	Центральный	1д 18ч	15	11	4	27	11	4	27	0	0	0	0	0
СГ-Красная	Снегурочка под елку 33 см на Новый Год	190314349	-	Фигурки и статуэтки	Дед Мороз Фигурка	Южный и Северо-Кавказский	1д 18ч	5	1	4	80	1	4	80	0	0	0	0	0
СГ-Красная	Снегурочка под елку 33 см на Новый Год	190314349	-	Фигурки и статуэтки	Дед Мороз Фигурка	Уральский	3д 7ч	3	0	3	100	0	3	100	0	0	0	0	0
СГ-Красная	Снегурочка под елку 33 см на Новый Год	190314349	-	Фигурки и статуэтки	Дед Мороз Фигурка	Северо-Западный	2д 11ч	2	0	2	100	0	2	100	0	0	0	0	0
СГ-Красная	Снегурочка под елку 33 см на Новый Год	190314349	-	Фигурки и статуэтки	Дед Мороз Фигурка	Армения	7д 13ч	1	0	1	100	0	1	100	0	0	0	0	0
СГ-Красная	Снегурочка под елку 33 см на Новый Год	190314349	-	Фигурки и статуэтки	Дед Мороз Фигурка	Казахстан	7д 13ч	1	0	1	100	0	1	100	0	0	0	0	0
СГ-Красная	Снегурочка под елку 33 см на Новый Год	190314349	-	Фигурки и статуэтки	Дед Мороз Фигурка	Узбекистан	9д 23ч	1	0	1	100	0	1	100	0	0	0	0	0
JMSOLUTION - Black Cocoon Home Esthetic Eye Patch [60ea]	Увлажняющие патчи для глаз от отеков	212713617	-	Патчи	JMSolution	Центральный	1д 18ч	22	7	15	68	7	15	68	0	0	0	0	0
JMSOLUTION - Black Cocoon Home Esthetic Eye Patch [60ea]	Увлажняющие патчи для глаз от отеков	212713617	-	Патчи	JMSolution	Северо-Западный	2д 0ч	9	0	9	100	0	9	100	0	0	0	0	0
JMSOLUTION - Black Cocoon Home Esthetic Eye Patch [60ea]	Увлажняющие патчи для глаз от отеков	212713617	-	Патчи	JMSolution	Южный и Северо-Кавказский	2д 20ч	9	0	9	100	0	9	100	0	0	0	0	0
JMSOLUTION - Black Cocoon Home Esthetic Eye Patch [60ea]	Увлажняющие патчи для глаз от отеков	212713617	-	Патчи	JMSolution	Дальневосточный и Сибирский	5д 15ч	7	0	7	100	0	7	100	0	0	0	0	0
JMSOLUTION - Black Cocoon Home Esthetic Eye Patch [60ea]	Увлажняющие патчи для глаз от отеков	212713617	-	Патчи	JMSolution	Беларусь	2д 10ч	1	0	1	100	0	1	100	0	0	0	0	0
JMSOLUTION - Black Cocoon Home Esthetic Eye Patch [60ea]	Увлажняющие патчи для глаз от отеков	212713617	-	Патчи	JMSolution	Казахстан	5д 23ч	1	0	1	100	0	1	100	0	0	0	0	0
JMSOLUTION - Black Cocoon Home Esthetic Eye Patch [60ea]	Увлажняющие патчи для глаз от отеков	212713617	-	Патчи	JMSolution	Приволжский	1д 7ч	5	5	0	0	5	0	0	0	0	0	0	0
JMSOLUTION - Black Cocoon Home Esthetic Eye Patch [60ea]	Увлажняющие патчи для глаз от отеков	212713617	-	Патчи	JMSolution	Уральский	1д 18ч	1	1	0	0	1	0	0	0	0	0	0	0
DR. JART - Cicapair Tiger Grass Color Correcting Treatment [50ml]	Корректирующий СС крем для лица тональный	212719009	-	CC-кремы	dr.Jart+	Южный и Северо-Кавказский	2д 0ч	18	2	16	89	2	16	89	0	0	0	0	0
DR. JART - Cicapair Tiger Grass Color Correcting Treatment [50ml]	Корректирующий СС крем для лица тональный	212719009	-	CC-кремы	dr.Jart+	Дальневосточный и Сибирский	6д 2ч	14	1	13	93	1	13	93	0	0	0	0	0
DR. JART - Cicapair Tiger Grass Color Correcting Treatment [50ml]	Корректирующий СС крем для лица тональный	212719009	-	CC-кремы	dr.Jart+	Северо-Западный	1д 15ч	7	0	7	100	0	7	100	0	0	0	0	0
DR. JART - Cicapair Tiger Grass Color Correcting Treatment [50ml]	Корректирующий СС крем для лица тональный	212719009	-	CC-кремы	dr.Jart+	Уральский	1д 14ч	3	0	3	100	0	3	100	0	0	0	0	0
DR. JART - Cicapair Tiger Grass Color Correcting Treatment [50ml]	Корректирующий СС крем для лица тональный	212719009	-	CC-кремы	dr.Jart+	Беларусь	2д 1ч	2	0	2	100	0	2	100	0	0	0	0	0
DR. JART - Cicapair Tiger Grass Color Correcting Treatment [50ml]	Корректирующий СС крем для лица тональный	212719009	-	CC-кремы	dr.Jart+	Армения	5д 3ч	1	0	1	100	0	1	100	0	0	0	0	0
DR. JART - Cicapair Tiger Grass Color Correcting Treatment [50ml]	Корректирующий СС крем для лица тональный	212719009	-	CC-кремы	dr.Jart+	Приволжский	1д 4ч	6	6	0	0	6	0	0	0	0	0	28	0
DR. JART - Cicapair Tiger Grass Color Correcting Treatment [50ml]	Корректирующий СС крем для лица тональный	212719009	-	CC-кремы	dr.Jart+	Центральный	1д 3ч	34	34	0	0	34	0	0	0	0	0	2	0
dm7dm11-50	Дед Мороз под елку 50 см	555135716	-	Фигурки и статуэтки	Дед Мороз Фигурка	Дальневосточный и Сибирский	4д 18ч	10	1	9	90	1	9	90	0	0	0	0	0
dm7dm11-50	Дед Мороз под елку 50 см	555135716	-	Фигурки и статуэтки	Дед Мороз Фигурка	Центральный	2д 1ч	12	4	8	67	4	8	67	0	0	0	0	0
dm7dm11-50	Дед Мороз под елку 50 см	555135716	-	Фигурки и статуэтки	Дед Мороз Фигурка	Беларусь	2д 3ч	6	0	6	100	0	6	100	0	0	0	0	0
dm7dm11-50	Дед Мороз под елку 50 см	555135716	-	Фигурки и статуэтки	Дед Мороз Фигурка	Приволжский	1д 18ч	6	0	6	100	0	6	100	0	0	0	0	0
dm7dm11-50	Дед Мороз под елку 50 см	555135716	-	Фигурки и статуэтки	Дед Мороз Фигурка	Южный и Северо-Кавказский	1д 17ч	5	1	4	80	1	4	80	0	0	0	0	0
dm7dm11-50	Дед Мороз под елку 50 см	555135716	-	Фигурки и статуэтки	Дед Мороз Фигурка	Северо-Западный	1д 16ч	2	0	2	100	0	2	100	0	0	0	0	0
dm7dm11-50	Дед Мороз под елку 50 см	555135716	-	Фигурки и статуэтки	Дед Мороз Фигурка	Уральский	2д 10ч	2	0	2	100	0	2	100	0	0	0	0	0
JMSOLUTION-Marine Luminous Pearl Deep Moisture Mask Pearl [1/2/3]*[10ea]	Трехшаговый набор тканевых масок для лица 10 шт.	236825103	-	Маски тканевые косметические	JMSolution	Дальневосточный и Сибирский	5д 13ч	16	0	16	100	0	16	100	0	0	0	0	0
JMSOLUTION-Marine Luminous Pearl Deep Moisture Mask Pearl [1/2/3]*[10ea]	Трехшаговый набор тканевых масок для лица 10 шт.	236825103	-	Маски тканевые косметические	JMSolution	Северо-Западный	2д 2ч	13	0	13	100	0	13	100	0	0	0	0	0
JMSOLUTION-Marine Luminous Pearl Deep Moisture Mask Pearl [1/2/3]*[10ea]	Трехшаговый набор тканевых масок для лица 10 шт.	236825103	-	Маски тканевые косметические	JMSolution	Казахстан	3д 5ч	2	0	2	100	0	2	100	0	0	0	0	0
JMSOLUTION-Marine Luminous Pearl Deep Moisture Mask Pearl [1/2/3]*[10ea]	Трехшаговый набор тканевых масок для лица 10 шт.	236825103	-	Маски тканевые косметические	JMSolution	Приволжский	1д 2ч	5	3	2	40	3	2	40	0	0	0	1	0
JMSOLUTION-Marine Luminous Pearl Deep Moisture Mask Pearl [1/2/3]*[10ea]	Трехшаговый набор тканевых масок для лица 10 шт.	236825103	-	Маски тканевые косметические	JMSolution	Беларусь	0д 22ч	1	0	1	100	0	1	100	0	0	0	0	0
JMSOLUTION-Marine Luminous Pearl Deep Moisture Mask Pearl [1/2/3]*[10ea]	Трехшаговый набор тканевых масок для лица 10 шт.	236825103	-	Маски тканевые косметические	JMSolution	Уральский	1д 7ч	3	2	1	33	2	1	33	0	0	0	27	0
JMSOLUTION-Marine Luminous Pearl Deep Moisture Mask Pearl [1/2/3]*[10ea]	Трехшаговый набор тканевых масок для лица 10 шт.	236825103	-	Маски тканевые косметические	JMSolution	Центральный	1д 3ч	25	25	0	0	25	0	0	0	0	0	14	0
JMSOLUTION-Marine Luminous Pearl Deep Moisture Mask Pearl [1/2/3]*[10ea]	Трехшаговый набор тканевых масок для лица 10 шт.	236825103	-	Маски тканевые косметические	JMSolution	Южный и Северо-Кавказский	1д 2ч	20	20	0	0	20	0	0	0	0	0	29	0
CELIMAX PORE+DARK SPOT BRIGHTENING SERUM_10ml [10ml]	Сыворотка для лица осветляющая	551490295	-	Сыворотки	Celimax	Дальневосточный и Сибирский	4д 5ч	9	0	9	100	0	9	100	0	0	0	0	0
CELIMAX PORE+DARK SPOT BRIGHTENING SERUM_10ml [10ml]	Сыворотка для лица осветляющая	551490295	-	Сыворотки	Celimax	Южный и Северо-Кавказский	2д 2ч	10	2	8	80	2	8	80	0	0	0	0	0
CELIMAX PORE+DARK SPOT BRIGHTENING SERUM_10ml [10ml]	Сыворотка для лица осветляющая	551490295	-	Сыворотки	Celimax	Северо-Западный	1д 18ч	7	0	7	100	0	7	100	0	0	0	0	0
CELIMAX PORE+DARK SPOT BRIGHTENING SERUM_10ml [10ml]	Сыворотка для лица осветляющая	551490295	-	Сыворотки	Celimax	Уральский	2д 8ч	4	0	4	100	0	4	100	0	0	0	0	0
CELIMAX PORE+DARK SPOT BRIGHTENING SERUM_10ml [10ml]	Сыворотка для лица осветляющая	551490295	-	Сыворотки	Celimax	Беларусь	1д 1ч	1	0	1	100	0	1	100	0	0	0	0	0
CELIMAX PORE+DARK SPOT BRIGHTENING SERUM_10ml [10ml]	Сыворотка для лица осветляющая	551490295	-	Сыворотки	Celimax	Узбекистан	4д 18ч	2	1	1	50	1	1	50	0	0	0	0	0
CELIMAX PORE+DARK SPOT BRIGHTENING SERUM_10ml [10ml]	Сыворотка для лица осветляющая	551490295	-	Сыворотки	Celimax	Приволжский	1д 5ч	11	11	0	0	11	0	0	0	0	0	63	0
CELIMAX PORE+DARK SPOT BRIGHTENING SERUM_10ml [10ml]	Сыворотка для лица осветляющая	551490295	-	Сыворотки	Celimax	Центральный	1д 3ч	28	28	0	0	28	0	0	0	0	0	38	0
Рация_UV-82 (1 шт)	Рация UV-82 Баофенг	208208674	-	Радиостанции	Baofeng	Южный и Северо-Кавказский	2д 8ч	24	11	13	54	11	13	54	0	0	0	0	0
Рация_UV-82 (1 шт)	Рация UV-82 Баофенг	208208674	-	Радиостанции	Baofeng	Дальневосточный и Сибирский	5д 15ч	8	0	8	100	0	8	100	0	0	0	0	0
Рация_UV-82 (1 шт)	Рация UV-82 Баофенг	208208674	-	Радиостанции	Baofeng	Беларусь	1д 17ч	3	0	3	100	0	3	100	0	0	0	0	0
Рация_UV-82 (1 шт)	Рация UV-82 Баофенг	208208674	-	Радиостанции	Baofeng	Северо-Западный	1д 8ч	7	4	3	43	4	3	43	0	0	0	7	0
Рация_UV-82 (1 шт)	Рация UV-82 Баофенг	208208674	-	Радиостанции	Baofeng	Армения	8д 9ч	2	1	1	50	1	1	50	0	0	0	0	0
Рация_UV-82 (1 шт)	Рация UV-82 Баофенг	208208674	-	Радиостанции	Baofeng	Уральский	1д 12ч	3	2	1	33	2	1	33	0	0	0	0	0
Рация_UV-82 (1 шт)	Рация UV-82 Баофенг	208208674	-	Радиостанции	Baofeng	Приволжский	1д 7ч	9	9	0	0	9	0	0	0	0	0	41	0
Рация_UV-82 (1 шт)	Рация UV-82 Баофенг	208208674	-	Радиостанции	Baofeng	Центральный	1д 3ч	29	29	0	0	29	0	0	0	0	0	95	0
JMSOLUTION - Prime Gold Eye Patch [60ea]	Гидрогелевые патчи под глаза с золотом	212717820	-	Патчи	JMSolution	Дальневосточный и Сибирский	4д 18ч	9	0	9	100	0	9	100	0	0	0	0	0
JMSOLUTION - Prime Gold Eye Patch [60ea]	Гидрогелевые патчи под глаза с золотом	212717820	-	Патчи	JMSolution	Приволжский	1д 17ч	8	1	7	88	1	7	88	0	0	0	0	0
JMSOLUTION - Prime Gold Eye Patch [60ea]	Гидрогелевые патчи под глаза с золотом	212717820	-	Патчи	JMSolution	Северо-Западный	1д 16ч	4	0	4	100	0	4	100	0	0	0	0	0
JMSOLUTION - Prime Gold Eye Patch [60ea]	Гидрогелевые патчи под глаза с золотом	212717820	-	Патчи	JMSolution	Южный и Северо-Кавказский	1д 17ч	14	10	4	29	10	4	29	0	0	0	0	0
JMSOLUTION - Prime Gold Eye Patch [60ea]	Гидрогелевые патчи под глаза с золотом	212717820	-	Патчи	JMSolution	Центральный	1д 2ч	34	32	2	6	32	2	6	0	0	0	0	0
JMSOLUTION - Prime Gold Eye Patch [60ea]	Гидрогелевые патчи под глаза с золотом	212717820	-	Патчи	JMSolution	Беларусь	2д 8ч	1	0	1	100	0	1	100	0	0	0	0	0
JMSOLUTION - Prime Gold Eye Patch [60ea]	Гидрогелевые патчи под глаза с золотом	212717820	-	Патчи	JMSolution	Казахстан	3д 22ч	1	0	1	100	0	1	100	0	0	0	0	0
CELIMAX DUAL BARRIER SKIN WEARABLE CREAM [50ml]	Крем для восстановления барьера лица	551392965	-	Кремы	Celimax	Дальневосточный и Сибирский	4д 22ч	13	0	13	100	0	13	100	0	0	0	0	0
CELIMAX DUAL BARRIER SKIN WEARABLE CREAM [50ml]	Крем для восстановления барьера лица	551392965	-	Кремы	Celimax	Северо-Западный	2д 12ч	10	1	9	90	1	9	90	0	0	0	4	0
CELIMAX DUAL BARRIER SKIN WEARABLE CREAM [50ml]	Крем для восстановления барьера лица	551392965	-	Кремы	Celimax	Беларусь	1д 12ч	2	0	2	100	0	2	100	0	0	0	0	0
CELIMAX DUAL BARRIER SKIN WEARABLE CREAM [50ml]	Крем для восстановления барьера лица	551392965	-	Кремы	Celimax	Южный и Северо-Кавказский	1д 8ч	4	3	1	25	3	1	25	0	0	0	16	0
CELIMAX DUAL BARRIER SKIN WEARABLE CREAM [50ml]	Крем для восстановления барьера лица	551392965	-	Кремы	Celimax	Приволжский	1д 2ч	5	5	0	0	5	0	0	0	0	0	77	0
CELIMAX DUAL BARRIER SKIN WEARABLE CREAM [50ml]	Крем для восстановления барьера лица	551392965	-	Кремы	Celimax	Уральский	1д 6ч	8	8	0	0	8	0	0	0	0	0	0	0
CELIMAX DUAL BARRIER SKIN WEARABLE CREAM [50ml]	Крем для восстановления барьера лица	551392965	-	Кремы	Celimax	Центральный	1д 5ч	16	16	0	0	16	0	0	0	0	0	68	0
CELIMAX PORE+DARK SPOT BRIGHTENING CREAM [35ml]	Отбеливающий крем для выравнивания тона и микрорельефа	551447345	-	Кремы	Celimax	Дальневосточный и Сибирский	5д 19ч	17	0	17	100	0	17	100	0	0	0	0	0
CELIMAX PORE+DARK SPOT BRIGHTENING CREAM [35ml]	Отбеливающий крем для выравнивания тона и микрорельефа	551447345	-	Кремы	Celimax	Беларусь	1д 14ч	4	0	4	100	0	4	100	0	0	0	0	0
CELIMAX PORE+DARK SPOT BRIGHTENING CREAM [35ml]	Отбеливающий крем для выравнивания тона и микрорельефа	551447345	-	Кремы	Celimax	Северо-Западный	2д 6ч	4	1	3	75	1	3	75	0	0	0	8	0
CELIMAX PORE+DARK SPOT BRIGHTENING CREAM [35ml]	Отбеливающий крем для выравнивания тона и микрорельефа	551447345	-	Кремы	Celimax	Казахстан	3д 14ч	1	0	1	100	0	1	100	0	0	0	0	0
CELIMAX PORE+DARK SPOT BRIGHTENING CREAM [35ml]	Отбеливающий крем для выравнивания тона и микрорельефа	551447345	-	Кремы	Celimax	Приволжский	1д 3ч	4	4	0	0	4	0	0	0	0	0	69	0
CELIMAX PORE+DARK SPOT BRIGHTENING CREAM [35ml]	Отбеливающий крем для выравнивания тона и микрорельефа	551447345	-	Кремы	Celimax	Уральский	1д 17ч	17	17	0	0	17	0	0	0	0	0	21	0
CELIMAX PORE+DARK SPOT BRIGHTENING CREAM [35ml]	Отбеливающий крем для выравнивания тона и микрорельефа	551447345	-	Кремы	Celimax	Центральный	1д 4ч	7	7	0	0	7	0	0	0	0	0	58	0
CELIMAX PORE+DARK SPOT BRIGHTENING CREAM [35ml]	Отбеливающий крем для выравнивания тона и микрорельефа	551447345	-	Кремы	Celimax	Южный и Северо-Кавказский	1д 11ч	24	24	0	0	24	0	0	0	0	0	36	0
DEOPROCE - REAL FRESH VEGAN CALMING TONER [200ml]	Успокаивающий тоник для лица 200 мл	214304289	-	Тоники	DEOPROCE	Южный и Северо-Кавказский	2д 7ч	7	0	7	100	0	7	100	0	0	0	0	0
DEOPROCE - REAL FRESH VEGAN CALMING TONER [200ml]	Успокаивающий тоник для лица 200 мл	214304289	-	Тоники	DEOPROCE	Приволжский	2д 4ч	6	0	6	100	0	6	100	0	0	0	0	0
DEOPROCE - REAL FRESH VEGAN CALMING TONER [200ml]	Успокаивающий тоник для лица 200 мл	214304289	-	Тоники	DEOPROCE	Северо-Западный	1д 19ч	5	0	5	100	0	5	100	0	0	0	0	0
DEOPROCE - REAL FRESH VEGAN CALMING TONER [200ml]	Успокаивающий тоник для лица 200 мл	214304289	-	Тоники	DEOPROCE	Беларусь	1д 19ч	2	0	2	100	0	2	100	0	0	0	0	0
DEOPROCE - REAL FRESH VEGAN CALMING TONER [200ml]	Успокаивающий тоник для лица 200 мл	214304289	-	Тоники	DEOPROCE	Дальневосточный и Сибирский	5д 5ч	2	0	2	100	0	2	100	0	0	0	0	0
DEOPROCE - REAL FRESH VEGAN CALMING TONER [200ml]	Успокаивающий тоник для лица 200 мл	214304289	-	Тоники	DEOPROCE	Уральский	2д 20ч	3	1	2	67	1	2	67	0	0	0	0	0
DEOPROCE - REAL FRESH VEGAN CALMING TONER [200ml]	Успокаивающий тоник для лица 200 мл	214304289	-	Тоники	DEOPROCE	Центральный	1д 4ч	11	11	0	0	11	0	0	0	0	0	0	0
Триммер черный v1	Универсальный триммер для бороды и волос с насадками	180852837	-	Триммеры	Триммер для бороды	Дальневосточный и Сибирский	4д 17ч	8	0	8	100	0	8	100	0	0	0	0	0
Триммер черный v1	Универсальный триммер для бороды и волос с насадками	180852837	-	Триммеры	Триммер для бороды	Уральский	3д 1ч	8	0	8	100	0	8	100	0	0	0	0	0
Триммер черный v1	Универсальный триммер для бороды и волос с насадками	180852837	-	Триммеры	Триммер для бороды	Беларусь	1д 21ч	5	0	5	100	0	5	100	0	0	0	0	0
Триммер черный v1	Универсальный триммер для бороды и волос с насадками	180852837	-	Триммеры	Триммер для бороды	Северо-Западный	1д 14ч	5	3	2	40	3	2	40	0	0	0	5	0
Триммер черный v1	Универсальный триммер для бороды и волос с насадками	180852837	-	Триммеры	Триммер для бороды	Приволжский	1д 5ч	10	10	0	0	10	0	0	0	0	0	0	0
Триммер черный v1	Универсальный триммер для бороды и волос с насадками	180852837	-	Триммеры	Триммер для бороды	Центральный	1д 8ч	9	9	0	0	9	0	0	0	0	0	9	0
Триммер черный v1	Универсальный триммер для бороды и волос с насадками	180852837	-	Триммеры	Триммер для бороды	Южный и Северо-Кавказский	1д 14ч	9	9	0	0	9	0	0	0	0	0	1	0
PETITFEE Black Pearl & Gold Hydrogel Eye Patch/Gold Hydrogel Eye Patch	Патчи для глаз Корея комплект	340752919	-	Патчи	Petitfee	Дальневосточный и Сибирский	7д 13ч	13	0	13	100	0	9	69	0	4	31	0	0
PETITFEE Black Pearl & Gold Hydrogel Eye Patch/Gold Hydrogel Eye Patch	Патчи для глаз Корея комплект	340752919	-	Патчи	Petitfee	Северо-Западный	3д 17ч	5	0	5	100	0	1	20	0	4	80	0	0
PETITFEE Black Pearl & Gold Hydrogel Eye Patch/Gold Hydrogel Eye Patch	Патчи для глаз Корея комплект	340752919	-	Патчи	Petitfee	Беларусь	1д 14ч	2	0	2	100	0	2	100	0	0	0	0	0
PETITFEE Black Pearl & Gold Hydrogel Eye Patch/Gold Hydrogel Eye Patch	Патчи для глаз Корея комплект	340752919	-	Патчи	Petitfee	Приволжский	1д 12ч	5	4	1	20	4	1	20	0	0	0	6	0
PETITFEE Black Pearl & Gold Hydrogel Eye Patch/Gold Hydrogel Eye Patch	Патчи для глаз Корея комплект	340752919	-	Патчи	Petitfee	Уральский	1д 11ч	2	1	1	50	1	1	50	0	0	0	5	0
PETITFEE Black Pearl & Gold Hydrogel Eye Patch/Gold Hydrogel Eye Patch	Патчи для глаз Корея комплект	340752919	-	Патчи	Petitfee	Южный и Северо-Кавказский	4д 19ч	1	0	1	100	0	0	0	0	1	100	0	0
PETITFEE Black Pearl & Gold Hydrogel Eye Patch/Gold Hydrogel Eye Patch	Патчи для глаз Корея комплект	340752919	-	Патчи	Petitfee	Центральный	1д 3ч	12	12	0	0	11	0	0	1	0	0	20	0
Dr.Jart_Teatreatment_Toner	Тоник для лица увлажняющий Teatreatment Toner	199427475	-	Тоники	dr.Jart+	Приволжский	1д 14ч	7	2	5	71	2	5	71	0	0	0	24	0
Dr.Jart_Teatreatment_Toner	Тоник для лица увлажняющий Teatreatment Toner	199427475	-	Тоники	dr.Jart+	Южный и Северо-Кавказский	1д 20ч	11	6	5	45	6	5	45	0	0	0	0	0
Dr.Jart_Teatreatment_Toner	Тоник для лица увлажняющий Teatreatment Toner	199427475	-	Тоники	dr.Jart+	Уральский	1д 22ч	4	0	4	100	0	4	100	0	0	0	24	0
Dr.Jart_Teatreatment_Toner	Тоник для лица увлажняющий Teatreatment Toner	199427475	-	Тоники	dr.Jart+	Дальневосточный и Сибирский	6д 6ч	3	0	3	100	0	3	100	0	0	0	0	0
Dr.Jart_Teatreatment_Toner	Тоник для лица увлажняющий Teatreatment Toner	199427475	-	Тоники	dr.Jart+	Северо-Западный	1д 13ч	7	4	3	43	4	3	43	0	0	0	0	0
Dr.Jart_Teatreatment_Toner	Тоник для лица увлажняющий Teatreatment Toner	199427475	-	Тоники	dr.Jart+	Казахстан	5д 2ч	2	0	2	100	0	2	100	0	0	0	0	0
Dr.Jart_Teatreatment_Toner	Тоник для лица увлажняющий Teatreatment Toner	199427475	-	Тоники	dr.Jart+	Центральный	1д 1ч	25	25	0	0	25	0	0	0	0	0	36	0
SKIN1004 - Madagascar Centella Ampoule [30ml]	Сыворотка Корея увлажняющая против морщин	214311963	-	Сыворотки	SKIN1004	Дальневосточный и Сибирский	5д 12ч	11	1	10	91	1	10	91	0	0	0	0	0
SKIN1004 - Madagascar Centella Ampoule [30ml]	Сыворотка Корея увлажняющая против морщин	214311963	-	Сыворотки	SKIN1004	Северо-Западный	2д 0ч	5	0	5	100	0	5	100	0	0	0	30	0
SKIN1004 - Madagascar Centella Ampoule [30ml]	Сыворотка Корея увлажняющая против морщин	214311963	-	Сыворотки	SKIN1004	Приволжский	1д 5ч	9	7	2	22	7	2	22	0	0	0	28	0
SKIN1004 - Madagascar Centella Ampoule [30ml]	Сыворотка Корея увлажняющая против морщин	214311963	-	Сыворотки	SKIN1004	Уральский	1д 4ч	7	5	2	29	5	2	29	0	0	0	1	0
SKIN1004 - Madagascar Centella Ampoule [30ml]	Сыворотка Корея увлажняющая против морщин	214311963	-	Сыворотки	SKIN1004	Армения	-	1	0	1	100	0	1	100	0	0	0	0	0
SKIN1004 - Madagascar Centella Ampoule [30ml]	Сыворотка Корея увлажняющая против морщин	214311963	-	Сыворотки	SKIN1004	Беларусь	1д 18ч	1	0	1	100	0	1	100	0	0	0	0	0
SKIN1004 - Madagascar Centella Ampoule [30ml]	Сыворотка Корея увлажняющая против морщин	214311963	-	Сыворотки	SKIN1004	Казахстан	2д 4ч	1	0	1	100	0	1	100	0	0	0	0	0
SKIN1004 - Madagascar Centella Ampoule [30ml]	Сыворотка Корея увлажняющая против морщин	214311963	-	Сыворотки	SKIN1004	Центральный	1д 2ч	33	33	0	0	33	0	0	0	0	0	13	0
SKIN1004 - Madagascar Centella Ampoule [30ml]	Сыворотка Корея увлажняющая против морщин	214311963	-	Сыворотки	SKIN1004	Южный и Северо-Кавказский	1д 12ч	23	23	0	0	23	0	0	0	0	0	17	0
CELIMAX THE REAL NONI ENERGY AMPOULE_30ML (NEW) [30ml]	Сыворотка для лица с экстрактом нони	551472457	-	Сыворотки	Celimax	Дальневосточный и Сибирский	5д 13ч	11	0	11	100	0	11	100	0	0	0	0	0
CELIMAX THE REAL NONI ENERGY AMPOULE_30ML (NEW) [30ml]	Сыворотка для лица с экстрактом нони	551472457	-	Сыворотки	Celimax	Северо-Западный	1д 15ч	4	0	4	100	0	4	100	0	0	0	0	0
CELIMAX THE REAL NONI ENERGY AMPOULE_30ML (NEW) [30ml]	Сыворотка для лица с экстрактом нони	551472457	-	Сыворотки	Celimax	Казахстан	3д 9ч	2	0	2	100	0	2	100	0	0	0	0	0
CELIMAX THE REAL NONI ENERGY AMPOULE_30ML (NEW) [30ml]	Сыворотка для лица с экстрактом нони	551472457	-	Сыворотки	Celimax	Беларусь	1д 15ч	1	0	1	100	0	1	100	0	0	0	0	0
CELIMAX THE REAL NONI ENERGY AMPOULE_30ML (NEW) [30ml]	Сыворотка для лица с экстрактом нони	551472457	-	Сыворотки	Celimax	Приволжский	1д 10ч	15	14	1	7	14	1	7	0	0	0	49	0
CELIMAX THE REAL NONI ENERGY AMPOULE_30ML (NEW) [30ml]	Сыворотка для лица с экстрактом нони	551472457	-	Сыворотки	Celimax	Южный и Северо-Кавказский	1д 19ч	12	11	1	8	11	1	8	0	0	0	8	0
CELIMAX THE REAL NONI ENERGY AMPOULE_30ML (NEW) [30ml]	Сыворотка для лица с экстрактом нони	551472457	-	Сыворотки	Celimax	Уральский	1д 7ч	6	6	0	0	6	0	0	0	0	0	57	0
CELIMAX THE REAL NONI ENERGY AMPOULE_30ML (NEW) [30ml]	Сыворотка для лица с экстрактом нони	551472457	-	Сыворотки	Celimax	Центральный	1д 5ч	22	22	0	0	22	0	0	0	0	0	42	0
dm7dm5-45	Дед Мороз под елку 45 см	555212357	-	Фигурки и статуэтки	Дед Мороз Фигурка	Приволжский	1д 15ч	5	0	5	100	0	5	100	0	0	0	0	0
dm7dm5-45	Дед Мороз под елку 45 см	555212357	-	Фигурки и статуэтки	Дед Мороз Фигурка	Беларусь	2д 20ч	4	0	4	100	0	4	100	0	0	0	0	0
dm7dm5-45	Дед Мороз под елку 45 см	555212357	-	Фигурки и статуэтки	Дед Мороз Фигурка	Уральский	2д 14ч	4	0	4	100	0	4	100	0	0	0	0	0
dm7dm5-45	Дед Мороз под елку 45 см	555212357	-	Фигурки и статуэтки	Дед Мороз Фигурка	Центральный	1д 16ч	12	8	4	33	8	4	33	0	0	0	0	0
dm7dm5-45	Дед Мороз под елку 45 см	555212357	-	Фигурки и статуэтки	Дед Мороз Фигурка	Южный и Северо-Кавказский	1д 19ч	3	1	2	67	1	2	67	0	0	0	0	0
dm7dm5-45	Дед Мороз под елку 45 см	555212357	-	Фигурки и статуэтки	Дед Мороз Фигурка	Дальневосточный и Сибирский	4д 7ч	1	0	1	100	0	1	100	0	0	0	0	0
dm7dm5-50	Дед Мороз под елку 50 см	555213580	-	Фигурки и статуэтки	Дед Мороз Фигурка	Южный и Северо-Кавказский	2д 1ч	9	3	6	67	3	6	67	0	0	0	0	0
dm7dm5-50	Дед Мороз под елку 50 см	555213580	-	Фигурки и статуэтки	Дед Мороз Фигурка	Приволжский	1д 11ч	4	1	3	75	1	3	75	0	0	0	0	0
dm7dm5-50	Дед Мороз под елку 50 см	555213580	-	Фигурки и статуэтки	Дед Мороз Фигурка	Северо-Западный	1д 15ч	4	1	3	75	1	3	75	0	0	0	0	0
dm7dm5-50	Дед Мороз под елку 50 см	555213580	-	Фигурки и статуэтки	Дед Мороз Фигурка	Беларусь	4д 11ч	2	0	2	100	0	2	100	0	0	0	0	0
dm7dm5-50	Дед Мороз под елку 50 см	555213580	-	Фигурки и статуэтки	Дед Мороз Фигурка	Дальневосточный и Сибирский	2д 21ч	2	0	2	100	0	2	100	0	0	0	0	0
dm7dm5-50	Дед Мороз под елку 50 см	555213580	-	Фигурки и статуэтки	Дед Мороз Фигурка	Уральский	2д 22ч	3	1	2	67	1	2	67	0	0	0	0	0
dm7dm5-50	Дед Мороз под елку 50 см	555213580	-	Фигурки и статуэтки	Дед Мороз Фигурка	Центральный	1д 13ч	8	6	2	25	6	2	25	0	0	0	0	0
SOME BY MI - AHA-BHA-PHA 30 Days Miracle Cream [60g]	Крем для лица от прыщей для проблемной кожи	248929125	-	Кремы	Some by mi	Дальневосточный и Сибирский	3д 16ч	7	0	7	100	0	7	100	0	0	0	0	0
SOME BY MI - AHA-BHA-PHA 30 Days Miracle Cream [60g]	Крем для лица от прыщей для проблемной кожи	248929125	-	Кремы	Some by mi	Беларусь	1д 12ч	4	0	4	100	0	4	100	0	0	0	0	0
SOME BY MI - AHA-BHA-PHA 30 Days Miracle Cream [60g]	Крем для лица от прыщей для проблемной кожи	248929125	-	Кремы	Some by mi	Северо-Западный	2д 7ч	4	0	4	100	0	4	100	0	0	0	0	0
SOME BY MI - AHA-BHA-PHA 30 Days Miracle Cream [60g]	Крем для лица от прыщей для проблемной кожи	248929125	-	Кремы	Some by mi	Южный и Северо-Кавказский	1д 12ч	9	5	4	44	5	4	44	0	0	0	0	0
SOME BY MI - AHA-BHA-PHA 30 Days Miracle Cream [60g]	Крем для лица от прыщей для проблемной кожи	248929125	-	Кремы	Some by mi	Приволжский	1д 1ч	12	12	0	0	12	0	0	0	0	0	14	0
SOME BY MI - AHA-BHA-PHA 30 Days Miracle Cream [60g]	Крем для лица от прыщей для проблемной кожи	248929125	-	Кремы	Some by mi	Центральный	1д 0ч	15	15	0	0	15	0	0	0	0	0	18	0
Elizavecca Milky Piggy EGF elastic retinol [100ml]	Крем для лица с ретинолом антивозрастной	190160008	-	Кремы	Elizavecca	Дальневосточный и Сибирский	4д 3ч	9	0	9	100	0	9	100	0	0	0	0	0
Elizavecca Milky Piggy EGF elastic retinol [100ml]	Крем для лица с ретинолом антивозрастной	190160008	-	Кремы	Elizavecca	Северо-Западный	1д 10ч	3	0	3	100	0	3	100	0	0	0	30	0
Elizavecca Milky Piggy EGF elastic retinol [100ml]	Крем для лица с ретинолом антивозрастной	190160008	-	Кремы	Elizavecca	Южный и Северо-Кавказский	1д 12ч	10	8	2	20	8	2	20	0	0	0	27	0
Elizavecca Milky Piggy EGF elastic retinol [100ml]	Крем для лица с ретинолом антивозрастной	190160008	-	Кремы	Elizavecca	Армения	9д 17ч	1	0	1	100	0	1	100	0	0	0	0	0
Elizavecca Milky Piggy EGF elastic retinol [100ml]	Крем для лица с ретинолом антивозрастной	190160008	-	Кремы	Elizavecca	Казахстан	4д 19ч	1	0	1	100	0	1	100	0	0	0	1	0
Elizavecca Milky Piggy EGF elastic retinol [100ml]	Крем для лица с ретинолом антивозрастной	190160008	-	Кремы	Elizavecca	Уральский	2д 4ч	3	2	1	33	2	1	33	0	0	0	4	0
Elizavecca Milky Piggy EGF elastic retinol [100ml]	Крем для лица с ретинолом антивозрастной	190160008	-	Кремы	Elizavecca	Приволжский	1д 4ч	4	4	0	0	4	0	0	0	0	0	76	0
Elizavecca Milky Piggy EGF elastic retinol [100ml]	Крем для лица с ретинолом антивозрастной	190160008	-	Кремы	Elizavecca	Центральный	1д 2ч	17	17	0	0	17	0	0	0	0	0	73	0
DEOPROCE - AC CICA CALMING BOOSTING TONER [150ml]	Увлажняющий тонер для лица Корея с центеллой азиатской	214301052	-	Тоники	DEOPROCE	Южный и Северо-Кавказский	2д 6ч	8	0	8	100	0	8	100	0	0	0	0	0
DEOPROCE - AC CICA CALMING BOOSTING TONER [150ml]	Увлажняющий тонер для лица Корея с центеллой азиатской	214301052	-	Тоники	DEOPROCE	Приволжский	1д 15ч	4	0	4	100	0	4	100	0	0	0	0	0
DEOPROCE - AC CICA CALMING BOOSTING TONER [150ml]	Увлажняющий тонер для лица Корея с центеллой азиатской	214301052	-	Тоники	DEOPROCE	Дальневосточный и Сибирский	3д 8ч	2	0	2	100	0	2	100	0	0	0	0	0
DEOPROCE - AC CICA CALMING BOOSTING TONER [150ml]	Увлажняющий тонер для лица Корея с центеллой азиатской	214301052	-	Тоники	DEOPROCE	Северо-Западный	1д 21ч	2	0	2	100	0	2	100	0	0	0	0	0
DEOPROCE - AC CICA CALMING BOOSTING TONER [150ml]	Увлажняющий тонер для лица Корея с центеллой азиатской	214301052	-	Тоники	DEOPROCE	Уральский	3д 20ч	1	0	1	100	0	1	100	0	0	0	0	0
DEOPROCE - AC CICA CALMING BOOSTING TONER [150ml]	Увлажняющий тонер для лица Корея с центеллой азиатской	214301052	-	Тоники	DEOPROCE	Центральный	1д 10ч	6	6	0	0	6	0	0	0	0	0	0	0
THE ORDINARY - Glycolic Acid 7% Toning Solution[KOR] [240ml]	Кислотный тоник для лица от прыщей Glycolic Acid 7%	247275092	-	Тоники	The ordinary	Дальневосточный и Сибирский	5д 20ч	6	0	6	100	0	6	100	0	0	0	0	0
THE ORDINARY - Glycolic Acid 7% Toning Solution[KOR] [240ml]	Кислотный тоник для лица от прыщей Glycolic Acid 7%	247275092	-	Тоники	The ordinary	Северо-Западный	1д 9ч	4	0	4	100	0	4	100	0	0	0	0	0
THE ORDINARY - Glycolic Acid 7% Toning Solution[KOR] [240ml]	Кислотный тоник для лица от прыщей Glycolic Acid 7%	247275092	-	Тоники	The ordinary	Армения	6д 10ч	1	0	1	100	0	1	100	0	0	0	0	0
THE ORDINARY - Glycolic Acid 7% Toning Solution[KOR] [240ml]	Кислотный тоник для лица от прыщей Glycolic Acid 7%	247275092	-	Тоники	The ordinary	Беларусь	1д 18ч	1	0	1	100	0	1	100	0	0	0	0	0
THE ORDINARY - Glycolic Acid 7% Toning Solution[KOR] [240ml]	Кислотный тоник для лица от прыщей Glycolic Acid 7%	247275092	-	Тоники	The ordinary	Казахстан	1д 19ч	1	0	1	100	0	1	100	0	0	0	0	0
THE ORDINARY - Glycolic Acid 7% Toning Solution[KOR] [240ml]	Кислотный тоник для лица от прыщей Glycolic Acid 7%	247275092	-	Тоники	The ordinary	Кыргызстан	5д 6ч	1	0	1	100	0	1	100	0	0	0	0	0
THE ORDINARY - Glycolic Acid 7% Toning Solution[KOR] [240ml]	Кислотный тоник для лица от прыщей Glycolic Acid 7%	247275092	-	Тоники	The ordinary	Уральский	1д 22ч	1	0	1	100	0	1	100	0	0	0	5	0
THE ORDINARY - Glycolic Acid 7% Toning Solution[KOR] [240ml]	Кислотный тоник для лица от прыщей Glycolic Acid 7%	247275092	-	Тоники	The ordinary	Южный и Северо-Кавказский	1д 12ч	12	11	1	8	11	1	8	0	0	0	5	0
THE ORDINARY - Glycolic Acid 7% Toning Solution[KOR] [240ml]	Кислотный тоник для лица от прыщей Glycolic Acid 7%	247275092	-	Тоники	The ordinary	Приволжский	1д 8ч	3	3	0	0	3	0	0	0	0	0	6	0
THE ORDINARY - Glycolic Acid 7% Toning Solution[KOR] [240ml]	Кислотный тоник для лица от прыщей Glycolic Acid 7%	247275092	-	Тоники	The ordinary	Центральный	0д 23ч	12	12	0	0	12	0	0	0	0	0	19	0
CELIMAX DUAL BARRIER TRIAL KIT [20ml+10ml]	Набор уходовых средств для лица для защиты барьера	551626041	-	Косметические наборы для ухода	Celimax	Приволжский	2д 4ч	8	1	7	88	1	7	88	0	0	0	0	0
CELIMAX DUAL BARRIER TRIAL KIT [20ml+10ml]	Набор уходовых средств для лица для защиты барьера	551626041	-	Косметические наборы для ухода	Celimax	Северо-Западный	3д 3ч	3	0	3	100	0	3	100	0	0	0	0	0
CELIMAX DUAL BARRIER TRIAL KIT [20ml+10ml]	Набор уходовых средств для лица для защиты барьера	551626041	-	Косметические наборы для ухода	Celimax	Центральный	1д 15ч	6	3	3	50	3	3	50	0	0	0	0	0
CELIMAX DUAL BARRIER TRIAL KIT [20ml+10ml]	Набор уходовых средств для лица для защиты барьера	551626041	-	Косметические наборы для ухода	Celimax	Дальневосточный и Сибирский	5д 10ч	4	2	2	50	2	2	50	0	0	0	0	0
CELIMAX DUAL BARRIER TRIAL KIT [20ml+10ml]	Набор уходовых средств для лица для защиты барьера	551626041	-	Косметические наборы для ухода	Celimax	Беларусь	1д 6ч	1	0	1	100	0	1	100	0	0	0	0	0
CELIMAX DUAL BARRIER TRIAL KIT [20ml+10ml]	Набор уходовых средств для лица для защиты барьера	551626041	-	Косметические наборы для ухода	Celimax	Южный и Северо-Кавказский	10д 12ч	1	1	0	0	1	0	0	0	0	0	0	0
dm7dm11-45	Дед Мороз под елку 45 см	555134309	-	Фигурки и статуэтки	Дед Мороз Фигурка	Северо-Западный	6д 14ч	3	0	3	100	0	3	100	0	0	0	0	0
dm7dm11-45	Дед Мороз под елку 45 см	555134309	-	Фигурки и статуэтки	Дед Мороз Фигурка	Уральский	3д 0ч	3	0	3	100	0	3	100	0	0	0	0	0
dm7dm11-45	Дед Мороз под елку 45 см	555134309	-	Фигурки и статуэтки	Дед Мороз Фигурка	Беларусь	2д 0ч	2	0	2	100	0	2	100	0	0	0	0	0
dm7dm11-45	Дед Мороз под елку 45 см	555134309	-	Фигурки и статуэтки	Дед Мороз Фигурка	Дальневосточный и Сибирский	3д 19ч	2	0	2	100	0	2	100	0	0	0	0	0
dm7dm11-45	Дед Мороз под елку 45 см	555134309	-	Фигурки и статуэтки	Дед Мороз Фигурка	Приволжский	2д 10ч	3	1	2	67	1	2	67	0	0	0	0	0
dm7dm11-45	Дед Мороз под елку 45 см	555134309	-	Фигурки и статуэтки	Дед Мороз Фигурка	Южный и Северо-Кавказский	3д 11ч	2	0	2	100	0	2	100	0	0	0	0	0
dm7dm11-45	Дед Мороз под елку 45 см	555134309	-	Фигурки и статуэтки	Дед Мороз Фигурка	Казахстан	4д 16ч	1	0	1	100	0	1	100	0	0	0	0	0
dm7dm11-45	Дед Мороз под елку 45 см	555134309	-	Фигурки и статуэтки	Дед Мороз Фигурка	Центральный	1д 7ч	12	11	1	8	11	1	8	0	0	0	0	0
ENOUGH Collagen whitening cover tip concealer #01	Консилер для лица плотный 01, корректор светлый	611717011	-	Корректоры	ENOUGH	Дальневосточный и Сибирский	7д 21ч	9	0	9	100	0	9	100	0	0	0	0	0
ENOUGH Collagen whitening cover tip concealer #01	Консилер для лица плотный 01, корректор светлый	611717011	-	Корректоры	ENOUGH	Северо-Западный	1д 20ч	3	0	3	100	0	3	100	0	0	0	0	0
ENOUGH Collagen whitening cover tip concealer #01	Консилер для лица плотный 01, корректор светлый	611717011	-	Корректоры	ENOUGH	Беларусь	11д 19ч	3	1	2	67	1	2	67	0	0	0	0	0
ENOUGH Collagen whitening cover tip concealer #01	Консилер для лица плотный 01, корректор светлый	611717011	-	Корректоры	ENOUGH	Армения	13д 3ч	1	0	1	100	0	1	100	0	0	0	0	0
ENOUGH Collagen whitening cover tip concealer #01	Консилер для лица плотный 01, корректор светлый	611717011	-	Корректоры	ENOUGH	Центральный	2д 6ч	9	8	1	11	8	1	11	0	0	0	0	0
ENOUGH Collagen whitening cover tip concealer #01	Консилер для лица плотный 01, корректор светлый	611717011	-	Корректоры	ENOUGH	Южный и Северо-Кавказский	1д 8ч	11	11	0	0	11	0	0	0	0	0	0	0
SKIN1004 - Madagascar Centella Hyalu-Cica Sleeping Pack [30ml]	Увлажняющая ночная маска для сухой кожи	214312149	-	Кремы	SKIN1004	Северо-Западный	1д 12ч	5	0	5	100	0	5	100	0	0	0	20	0
SKIN1004 - Madagascar Centella Hyalu-Cica Sleeping Pack [30ml]	Увлажняющая ночная маска для сухой кожи	214312149	-	Кремы	SKIN1004	Дальневосточный и Сибирский	7д 18ч	2	0	2	100	0	2	100	0	0	0	0	0
SKIN1004 - Madagascar Centella Hyalu-Cica Sleeping Pack [30ml]	Увлажняющая ночная маска для сухой кожи	214312149	-	Кремы	SKIN1004	Приволжский	1д 4ч	7	5	2	29	5	2	29	0	0	0	25	0
SKIN1004 - Madagascar Centella Hyalu-Cica Sleeping Pack [30ml]	Увлажняющая ночная маска для сухой кожи	214312149	-	Кремы	SKIN1004	Беларусь	1д 15ч	1	0	1	100	0	1	100	0	0	0	0	0
SKIN1004 - Madagascar Centella Hyalu-Cica Sleeping Pack [30ml]	Увлажняющая ночная маска для сухой кожи	214312149	-	Кремы	SKIN1004	Грузия	6д 4ч	1	0	1	100	0	1	100	0	0	0	0	0
SKIN1004 - Madagascar Centella Hyalu-Cica Sleeping Pack [30ml]	Увлажняющая ночная маска для сухой кожи	214312149	-	Кремы	SKIN1004	Казахстан	2д 13ч	1	0	1	100	0	1	100	0	0	0	0	0
SKIN1004 - Madagascar Centella Hyalu-Cica Sleeping Pack [30ml]	Увлажняющая ночная маска для сухой кожи	214312149	-	Кремы	SKIN1004	Уральский	1д 15ч	2	1	1	50	1	1	50	0	0	0	9	0
SKIN1004 - Madagascar Centella Hyalu-Cica Sleeping Pack [30ml]	Увлажняющая ночная маска для сухой кожи	214312149	-	Кремы	SKIN1004	Южный и Северо-Кавказский	1д 8ч	9	8	1	11	8	1	11	0	0	0	4	0
SKIN1004 - Madagascar Centella Hyalu-Cica Sleeping Pack [30ml]	Увлажняющая ночная маска для сухой кожи	214312149	-	Кремы	SKIN1004	Центральный	0д 23ч	10	10	0	0	10	0	0	0	0	0	42	0
ENOUGH Collagen whitening cover tip concealer #02	Консилер для лица плотный 02, корректор светлый	611744611	-	Корректоры	ENOUGH	Дальневосточный и Сибирский	5д 5ч	6	0	6	100	0	6	100	0	0	0	0	0
ENOUGH Collagen whitening cover tip concealer #02	Консилер для лица плотный 02, корректор светлый	611744611	-	Корректоры	ENOUGH	Приволжский	2д 7ч	3	0	3	100	0	3	100	0	0	0	0	0
ENOUGH Collagen whitening cover tip concealer #02	Консилер для лица плотный 02, корректор светлый	611744611	-	Корректоры	ENOUGH	Северо-Западный	2д 5ч	2	0	2	100	0	2	100	0	0	0	0	0
ENOUGH Collagen whitening cover tip concealer #02	Консилер для лица плотный 02, корректор светлый	611744611	-	Корректоры	ENOUGH	Беларусь	1д 15ч	1	0	1	100	0	1	100	0	0	0	0	0
ENOUGH Collagen whitening cover tip concealer #02	Консилер для лица плотный 02, корректор светлый	611744611	-	Корректоры	ENOUGH	Узбекистан	10д 1ч	1	0	1	100	0	1	100	0	0	0	0	0
ENOUGH Collagen whitening cover tip concealer #02	Консилер для лица плотный 02, корректор светлый	611744611	-	Корректоры	ENOUGH	Уральский	2д 3ч	1	0	1	100	0	1	100	0	0	0	0	0
ENOUGH Collagen whitening cover tip concealer #02	Консилер для лица плотный 02, корректор светлый	611744611	-	Корректоры	ENOUGH	Центральный	1д 6ч	10	10	0	0	10	0	0	0	0	0	0	0
ENOUGH Collagen whitening cover tip concealer #02	Консилер для лица плотный 02, корректор светлый	611744611	-	Корректоры	ENOUGH	Южный и Северо-Кавказский	1д 14ч	7	7	0	0	7	0	0	0	0	0	5	0
ELIZAVECCA_galactomyces_Ample	Увлажняющая сыворотка для лица Корея	206058262	-	Сыворотки	Elizavecca	Дальневосточный и Сибирский	4д 4ч	6	0	6	100	0	6	100	0	0	0	0	0
ELIZAVECCA_galactomyces_Ample	Увлажняющая сыворотка для лица Корея	206058262	-	Сыворотки	Elizavecca	Беларусь	2д 5ч	3	0	3	100	0	3	100	0	0	0	0	0
ELIZAVECCA_galactomyces_Ample	Увлажняющая сыворотка для лица Корея	206058262	-	Сыворотки	Elizavecca	Северо-Западный	1д 13ч	2	0	2	100	0	2	100	0	0	0	0	0
ELIZAVECCA_galactomyces_Ample	Увлажняющая сыворотка для лица Корея	206058262	-	Сыворотки	Elizavecca	Уральский	3д 8ч	2	0	2	100	0	2	100	0	0	0	5	0
ELIZAVECCA_galactomyces_Ample	Увлажняющая сыворотка для лица Корея	206058262	-	Сыворотки	Elizavecca	Приволжский	1д 8ч	5	5	0	0	5	0	0	0	0	0	93	0
ELIZAVECCA_galactomyces_Ample	Увлажняющая сыворотка для лица Корея	206058262	-	Сыворотки	Elizavecca	Центральный	1д 4ч	5	5	0	0	5	0	0	0	0	0	28	0
ELIZAVECCA_galactomyces_Ample	Увлажняющая сыворотка для лица Корея	206058262	-	Сыворотки	Elizavecca	Южный и Северо-Кавказский	1д 7ч	3	3	0	0	3	0	0	0	0	0	4	0
Manyo_Concentrate_Cream	Корейский крем для лица с бифидобактериями	198148122	-	Кремы	manyo	Центральный	3д 1ч	7	2	5	71	2	5	71	0	0	0	0	0
Manyo_Concentrate_Cream	Корейский крем для лица с бифидобактериями	198148122	-	Кремы	manyo	Дальневосточный и Сибирский	6д 9ч	2	0	2	100	0	2	100	0	0	0	0	0
Manyo_Concentrate_Cream	Корейский крем для лица с бифидобактериями	198148122	-	Кремы	manyo	Приволжский	2д 18ч	2	0	2	100	0	2	100	0	0	0	0	0
Manyo_Concentrate_Cream	Корейский крем для лица с бифидобактериями	198148122	-	Кремы	manyo	Северо-Западный	1д 14ч	1	0	1	100	0	1	100	0	0	0	0	0
Manyo_Concentrate_Cream	Корейский крем для лица с бифидобактериями	198148122	-	Кремы	manyo	Уральский	2д 20ч	1	0	1	100	0	1	100	0	0	0	0	0
Manyo_Concentrate_Cream	Корейский крем для лица с бифидобактериями	198148122	-	Кремы	manyo	Южный и Северо-Кавказский	1д 23ч	3	2	1	33	2	1	33	0	0	0	0	0
SOME BY MI - AHA-BHA-PHA 30 Days Miracle Cleansing Bar [106g]	Корейское мыло для лица от прыщей	248928046	-	Мыло косметическое	Some by mi	Уральский	5д 18ч	3	0	3	100	0	3	100	0	0	0	0	0
SOME BY MI - AHA-BHA-PHA 30 Days Miracle Cleansing Bar [106g]	Корейское мыло для лица от прыщей	248928046	-	Мыло косметическое	Some by mi	Дальневосточный и Сибирский	3д 18ч	2	0	2	100	0	2	100	0	0	0	0	0
SOME BY MI - AHA-BHA-PHA 30 Days Miracle Cleansing Bar [106g]	Корейское мыло для лица от прыщей	248928046	-	Мыло косметическое	Some by mi	Приволжский	1д 15ч	3	1	2	67	1	2	67	0	0	0	1	0
SOME BY MI - AHA-BHA-PHA 30 Days Miracle Cleansing Bar [106g]	Корейское мыло для лица от прыщей	248928046	-	Мыло косметическое	Some by mi	Северо-Западный	1д 15ч	2	0	2	100	0	2	100	0	0	0	0	0
SOME BY MI - AHA-BHA-PHA 30 Days Miracle Cleansing Bar [106g]	Корейское мыло для лица от прыщей	248928046	-	Мыло косметическое	Some by mi	Армения	11д 19ч	1	0	1	100	0	1	100	0	0	0	1	0
SOME BY MI - AHA-BHA-PHA 30 Days Miracle Cleansing Bar [106g]	Корейское мыло для лица от прыщей	248928046	-	Мыло косметическое	Some by mi	Беларусь	1д 11ч	1	0	1	100	0	1	100	0	0	0	0	0
SOME BY MI - AHA-BHA-PHA 30 Days Miracle Cleansing Bar [106g]	Корейское мыло для лица от прыщей	248928046	-	Мыло косметическое	Some by mi	Южный и Северо-Кавказский	1д 19ч	1	0	1	100	0	1	100	0	0	0	3	0
SOME BY MI - AHA-BHA-PHA 30 Days Miracle Cleansing Bar [106g]	Корейское мыло для лица от прыщей	248928046	-	Мыло косметическое	Some by mi	Центральный	1д 3ч	7	7	0	0	7	0	0	0	0	0	29	0
ISNTREE - Chestnut AHA 8% Clear Essence [100ml]	Сыворотка для глубокого очищения лица	207817787	-	Сыворотки		Дальневосточный и Сибирский	3д 21ч	5	0	5	100	0	5	100	0	0	0	0	0
ISNTREE - Chestnut AHA 8% Clear Essence [100ml]	Сыворотка для глубокого очищения лица	207817787	-	Сыворотки		Приволжский	1д 18ч	2	0	2	100	0	2	100	0	0	0	0	0
ISNTREE - Chestnut AHA 8% Clear Essence [100ml]	Сыворотка для глубокого очищения лица	207817787	-	Сыворотки		Уральский	2д 6ч	2	0	2	100	0	2	100	0	0	0	0	0
ISNTREE - Chestnut AHA 8% Clear Essence [100ml]	Сыворотка для глубокого очищения лица	207817787	-	Сыворотки		Северо-Западный	2д 12ч	1	0	1	100	0	1	100	0	0	0	0	0
ISNTREE - Chestnut AHA 8% Clear Essence [100ml]	Сыворотка для глубокого очищения лица	207817787	-	Сыворотки		Южный и Северо-Кавказский	1д 15ч	1	0	1	100	0	1	100	0	0	0	0	0
ISNTREE - Chestnut AHA 8% Clear Essence [100ml]	Сыворотка для глубокого очищения лица	207817787	-	Сыворотки		Центральный	1д 0ч	10	10	0	0	10	0	0	0	0	0	6	0
ISNTREE - Onion Newpair Gel Cream [50ml]	Успокаивающий крем-гель для лица	212720615	-	Кремы	Isntree	Приволжский	1д 6ч	4	0	4	100	0	4	100	0	0	0	0	0
ISNTREE - Onion Newpair Gel Cream [50ml]	Успокаивающий крем-гель для лица	212720615	-	Кремы	Isntree	Уральский	1д 23ч	4	0	4	100	0	4	100	0	0	0	0	0
ISNTREE - Onion Newpair Gel Cream [50ml]	Успокаивающий крем-гель для лица	212720615	-	Кремы	Isntree	Дальневосточный и Сибирский	3д 8ч	2	0	2	100	0	2	100	0	0	0	0	0
ISNTREE - Onion Newpair Gel Cream [50ml]	Успокаивающий крем-гель для лица	212720615	-	Кремы	Isntree	Северо-Западный	1д 1ч	1	0	1	100	0	1	100	0	0	0	0	0
ISNTREE - Onion Newpair Gel Cream [50ml]	Успокаивающий крем-гель для лица	212720615	-	Кремы	Isntree	Центральный	0д 21ч	9	9	0	0	9	0	0	0	0	0	38	0
Koelf Royal Jelly	Патчи гидрогелевые c золотом и маточным молочком	180709801	-	Патчи	Koelf	Центральный	1д 21ч	6	1	5	83	1	5	83	0	0	0	0	0
Koelf Royal Jelly	Патчи гидрогелевые c золотом и маточным молочком	180709801	-	Патчи	Koelf	Дальневосточный и Сибирский	5д 2ч	3	0	3	100	0	3	100	0	0	0	0	0
Koelf Royal Jelly	Патчи гидрогелевые c золотом и маточным молочком	180709801	-	Патчи	Koelf	Приволжский	1д 20ч	2	0	2	100	0	2	100	0	0	0	0	0
Koelf Royal Jelly	Патчи гидрогелевые c золотом и маточным молочком	180709801	-	Патчи	Koelf	Южный и Северо-Кавказский	1д 9ч	1	1	0	0	1	0	0	0	0	0	0	0
СГ-Белая	Снегурочка под елку 33 см на Новый Год	190314011	-	Фигурки и статуэтки	Дед Мороз Фигурка	Дальневосточный и Сибирский	4д 16ч	2	0	2	100	0	2	100	0	0	0	0	0
СГ-Белая	Снегурочка под елку 33 см на Новый Год	190314011	-	Фигурки и статуэтки	Дед Мороз Фигурка	Уральский	3д 9ч	2	0	2	100	0	2	100	0	0	0	0	0
СГ-Белая	Снегурочка под елку 33 см на Новый Год	190314011	-	Фигурки и статуэтки	Дед Мороз Фигурка	Южный и Северо-Кавказский	1д 11ч	3	1	2	67	1	2	67	0	0	0	0	0
СГ-Белая	Снегурочка под елку 33 см на Новый Год	190314011	-	Фигурки и статуэтки	Дед Мороз Фигурка	Приволжский	1д 14ч	2	1	1	50	1	1	50	0	0	0	0	0
СГ-Белая	Снегурочка под елку 33 см на Новый Год	190314011	-	Фигурки и статуэтки	Дед Мороз Фигурка	Центральный	1д 5ч	4	3	1	25	3	1	25	0	0	0	0	0
Camera_4G_v1	Камера видеонаблюдения уличная от сим карты 4G	199864239	-	Камеры видеонаблюдения	Камера видеонаблюдения IP Wi-Fi	Дальневосточный и Сибирский	6д 12ч	5	0	5	100	0	3	60	0	2	40	0	0
Camera_4G_v1	Камера видеонаблюдения уличная от сим карты 4G	199864239	-	Камеры видеонаблюдения	Камера видеонаблюдения IP Wi-Fi	Приволжский	4д 9ч	2	0	2	100	0	0	0	0	2	100	0	0
Camera_4G_v1	Камера видеонаблюдения уличная от сим карты 4G	199864239	-	Камеры видеонаблюдения	Камера видеонаблюдения IP Wi-Fi	Центральный	1д 10ч	3	2	1	33	2	1	33	0	0	0	0	0
CELIMAX PORE+DARK SPOT BRIGHTENING SERUM_30ml [30ml]	Сыворотка для лица отбеливающая	551482493	-	Сыворотки	Celimax	Дальневосточный и Сибирский	5д 14ч	7	0	7	100	0	7	100	0	0	0	0	0
CELIMAX PORE+DARK SPOT BRIGHTENING SERUM_30ml [30ml]	Сыворотка для лица отбеливающая	551482493	-	Сыворотки	Celimax	Северо-Западный	1д 10ч	1	0	1	100	0	1	100	0	0	0	0	0
CELIMAX PORE+DARK SPOT BRIGHTENING SERUM_30ml [30ml]	Сыворотка для лица отбеливающая	551482493	-	Сыворотки	Celimax	Приволжский	1д 3ч	7	7	0	0	7	0	0	0	0	0	42	0
CELIMAX PORE+DARK SPOT BRIGHTENING SERUM_30ml [30ml]	Сыворотка для лица отбеливающая	551482493	-	Сыворотки	Celimax	Уральский	1д 0ч	5	5	0	0	5	0	0	0	0	0	34	0
CELIMAX PORE+DARK SPOT BRIGHTENING SERUM_30ml [30ml]	Сыворотка для лица отбеливающая	551482493	-	Сыворотки	Celimax	Центральный	1д 9ч	11	11	0	0	11	0	0	0	0	0	35	0
CELIMAX PORE+DARK SPOT BRIGHTENING SERUM_30ml [30ml]	Сыворотка для лица отбеливающая	551482493	-	Сыворотки	Celimax	Южный и Северо-Кавказский	1д 6ч	10	10	0	0	10	0	0	0	0	0	1	0
CELIMAX THE REAL NONI MOISTURE BALANCING TONER (NEW) [150ml]	Увлажняющий тонер для лица с экстрактом нони	551518955	-	Тоники	Celimax	Дальневосточный и Сибирский	2д 19ч	7	0	7	100	0	7	100	0	0	0	0	0
CELIMAX THE REAL NONI MOISTURE BALANCING TONER (NEW) [150ml]	Увлажняющий тонер для лица с экстрактом нони	551518955	-	Тоники	Celimax	Казахстан	4д 11ч	1	0	1	100	0	1	100	0	0	0	0	0
CELIMAX THE REAL NONI MOISTURE BALANCING TONER (NEW) [150ml]	Увлажняющий тонер для лица с экстрактом нони	551518955	-	Тоники	Celimax	Приволжский	3д 20ч	1	1	0	0	1	0	0	0	0	0	13	0
CELIMAX THE REAL NONI MOISTURE BALANCING TONER (NEW) [150ml]	Увлажняющий тонер для лица с экстрактом нони	551518955	-	Тоники	Celimax	Северо-Западный	0д 11ч	1	1	0	0	1	0	0	0	0	0	0	0
CELIMAX THE REAL NONI MOISTURE BALANCING TONER (NEW) [150ml]	Увлажняющий тонер для лица с экстрактом нони	551518955	-	Тоники	Celimax	Уральский	0д 23ч	1	1	0	0	1	0	0	0	0	0	13	0
CELIMAX THE REAL NONI MOISTURE BALANCING TONER (NEW) [150ml]	Увлажняющий тонер для лица с экстрактом нони	551518955	-	Тоники	Celimax	Центральный	1д 3ч	13	13	0	0	13	0	0	0	0	0	19	0
CELIMAX THE REAL NONI MOISTURE BALANCING TONER (NEW) [150ml]	Увлажняющий тонер для лица с экстрактом нони	551518955	-	Тоники	Celimax	Южный и Северо-Кавказский	1д 13ч	4	4	0	0	4	0	0	0	0	0	19	0
PETITFEE MASK 6	Гидрогелевые маски для лица набор увлажняющие корейские 6 шт	1175175447	-	Маски косметические	Petitfee	Дальневосточный и Сибирский	2д 22ч	2	0	2	100	0	2	100	0	0	0	0	0
PETITFEE MASK 6	Гидрогелевые маски для лица набор увлажняющие корейские 6 шт	1175175447	-	Маски косметические	Petitfee	Уральский	2д 16ч	2	0	2	100	0	2	100	0	0	0	0	0
PETITFEE MASK 6	Гидрогелевые маски для лица набор увлажняющие корейские 6 шт	1175175447	-	Маски косметические	Petitfee	Южный и Северо-Кавказский	1д 21ч	2	0	2	100	0	2	100	0	0	0	0	0
PETITFEE MASK 6	Гидрогелевые маски для лица набор увлажняющие корейские 6 шт	1175175447	-	Маски косметические	Petitfee	Центральный	0д 23ч	7	7	0	0	7	0	0	0	0	0	31	0
FARMSTAY ALOEVERA PERFECT SUN CREAM 70g	Солнцезащитный крем СПФ 50 для лица и тела	165009038	-	Кремы	Farm Stay	Дальневосточный и Сибирский	3д 18ч	2	0	2	100	0	2	100	0	0	0	0	0
FARMSTAY ALOEVERA PERFECT SUN CREAM 70g	Солнцезащитный крем СПФ 50 для лица и тела	165009038	-	Кремы	Farm Stay	Центральный	1д 15ч	3	1	2	67	1	2	67	0	0	0	0	0
FARMSTAY ALOEVERA PERFECT SUN CREAM 70g	Солнцезащитный крем СПФ 50 для лица и тела	165009038	-	Кремы	Farm Stay	Казахстан	2д 9ч	1	0	1	100	0	1	100	0	0	0	0	0
FARMSTAY ALOEVERA PERFECT SUN CREAM 70g	Солнцезащитный крем СПФ 50 для лица и тела	165009038	-	Кремы	Farm Stay	Южный и Северо-Кавказский	1д 16ч	1	1	0	0	1	0	0	0	0	0	0	0
videokamera4gneww	Камера видеонаблюдения уличная от сим карты 4G	663654300	-	Камеры видеонаблюдения	Камера видеонаблюдения IP Wi-Fi	Дальневосточный и Сибирский	3д 18ч	2	0	2	100	0	2	100	0	0	0	0	0
videokamera4gneww	Камера видеонаблюдения уличная от сим карты 4G	663654300	-	Камеры видеонаблюдения	Камера видеонаблюдения IP Wi-Fi	Уральский	2д 7ч	2	0	2	100	0	2	100	0	0	0	0	0
videokamera4gneww	Камера видеонаблюдения уличная от сим карты 4G	663654300	-	Камеры видеонаблюдения	Камера видеонаблюдения IP Wi-Fi	Приволжский	1д 9ч	5	4	1	20	4	1	20	0	0	0	7	0
videokamera4gneww	Камера видеонаблюдения уличная от сим карты 4G	663654300	-	Камеры видеонаблюдения	Камера видеонаблюдения IP Wi-Fi	Северо-Западный	-	0	0	0	0	0	0	0	0	0	0	10	0
videokamera4gneww	Камера видеонаблюдения уличная от сим карты 4G	663654300	-	Камеры видеонаблюдения	Камера видеонаблюдения IP Wi-Fi	Центральный	1д 10ч	18	18	0	0	18	0	0	0	0	0	43	0
videokamera4gneww	Камера видеонаблюдения уличная от сим карты 4G	663654300	-	Камеры видеонаблюдения	Камера видеонаблюдения IP Wi-Fi	Южный и Северо-Кавказский	0д 17ч	1	1	0	0	1	0	0	0	0	0	6	0
СГ-Синяя	Снегурочка под елку 33 см на Новый Год	190314522	-	Фигурки и статуэтки	Дед Мороз Фигурка	Южный и Северо-Кавказский	2д 18ч	2	0	2	100	0	2	100	0	0	0	0	0
СГ-Синяя	Снегурочка под елку 33 см на Новый Год	190314522	-	Фигурки и статуэтки	Дед Мороз Фигурка	Дальневосточный и Сибирский	5д 22ч	1	0	1	100	0	1	100	0	0	0	0	0
СГ-Синяя	Снегурочка под елку 33 см на Новый Год	190314522	-	Фигурки и статуэтки	Дед Мороз Фигурка	Приволжский	2д 14ч	1	0	1	100	0	1	100	0	0	0	0	0
СГ-Синяя	Снегурочка под елку 33 см на Новый Год	190314522	-	Фигурки и статуэтки	Дед Мороз Фигурка	Центральный	1д 19ч	1	1	0	0	1	0	0	0	0	0	0	0
Триммер Золото	Триммер для бритья бороды мужской	315688951	-	Триммеры	Триммер для бороды	Дальневосточный и Сибирский	5д 8ч	2	0	2	100	0	2	100	0	0	0	0	0
Триммер Золото	Триммер для бритья бороды мужской	315688951	-	Триммеры	Триммер для бороды	Уральский	4д 17ч	1	0	1	100	0	1	100	0	0	0	0	0
Триммер Золото	Триммер для бритья бороды мужской	315688951	-	Триммеры	Триммер для бороды	Южный и Северо-Кавказский	4д 0ч	1	0	1	100	0	1	100	0	0	0	3	0
Триммер Золото	Триммер для бритья бороды мужской	315688951	-	Триммеры	Триммер для бороды	Приволжский	-	0	0	0	0	0	0	0	0	0	0	2	0
Триммер Золото	Триммер для бритья бороды мужской	315688951	-	Триммеры	Триммер для бороды	Северо-Западный	-	0	0	0	0	0	0	0	0	0	0	5	0
Триммер Золото	Триммер для бритья бороды мужской	315688951	-	Триммеры	Триммер для бороды	Центральный	1д 0ч	1	1	0	0	1	0	0	0	0	0	2	0
ENOUGH Collagen whitening cover tip concealer #03	Консилер для лица плотный 03	611745490	-	Корректоры	ENOUGH	Приволжский	4д 8ч	2	0	2	100	0	2	100	0	0	0	0	0
ENOUGH Collagen whitening cover tip concealer #03	Консилер для лица плотный 03	611745490	-	Корректоры	ENOUGH	Беларусь	1д 14ч	1	0	1	100	0	1	100	0	0	0	0	0
ENOUGH Collagen whitening cover tip concealer #03	Консилер для лица плотный 03	611745490	-	Корректоры	ENOUGH	Дальневосточный и Сибирский	4д 8ч	1	0	1	100	0	1	100	0	0	0	0	0
ENOUGH Collagen whitening cover tip concealer #03	Консилер для лица плотный 03	611745490	-	Корректоры	ENOUGH	Центральный	1д 3ч	3	3	0	0	3	0	0	0	0	0	13	0
ENOUGH Collagen whitening cover tip concealer #03	Консилер для лица плотный 03	611745490	-	Корректоры	ENOUGH	Южный и Северо-Кавказский	2д 9ч	1	1	0	0	1	0	0	0	0	0	10	0
white /3х3/	Гирлянда штора 3х3 на Новый Год белая	102259020	-	Гирлянды интерьерные	Новогодняя гирлянда светодиодная	Южный и Северо-Кавказский	2д 7ч	2	0	2	100	0	2	100	0	0	0	0	0
white /3х3/	Гирлянда штора 3х3 на Новый Год белая	102259020	-	Гирлянды интерьерные	Новогодняя гирлянда светодиодная	Дальневосточный и Сибирский	1д 23ч	1	0	1	100	0	1	100	0	0	0	0	0
multi  /3х3/	Гирлянда штора 3х3 разноцветная	102264744	-	Гирлянды интерьерные	Новогодняя гирлянда светодиодная	Дальневосточный и Сибирский	4д 9ч	1	0	1	100	0	1	100	0	0	0	0	0
multi  /3х3/	Гирлянда штора 3х3 разноцветная	102264744	-	Гирлянды интерьерные	Новогодняя гирлянда светодиодная	Кыргызстан	8д 15ч	1	0	1	100	0	1	100	0	0	0	0	0
multi  /3х3/	Гирлянда штора 3х3 разноцветная	102264744	-	Гирлянды интерьерные	Новогодняя гирлянда светодиодная	Южный и Северо-Кавказский	2д 12ч	2	1	1	50	1	1	50	0	0	0	0	0
multi  /3х3/	Гирлянда штора 3х3 разноцветная	102264744	-	Гирлянды интерьерные	Новогодняя гирлянда светодиодная	Центральный	1д 2ч	1	1	0	0	1	0	0	0	0	0	0	0
CELIMAX THE VITA-A RETINAL SHOT TIGHTENING BOOSTER	Крем-бустер для лица с ретинолом и микроиглами от морщин	1152680017	-	Кремы	Celimax	Армения	-	1	0	1	100	0	1	100	0	0	0	0	0
CELIMAX THE VITA-A RETINAL SHOT TIGHTENING BOOSTER	Крем-бустер для лица с ретинолом и микроиглами от морщин	1152680017	-	Кремы	Celimax	Дальневосточный и Сибирский	4д 18ч	1	0	1	100	0	1	100	0	0	0	0	0
CELIMAX THE VITA-A RETINAL SHOT TIGHTENING BOOSTER	Крем-бустер для лица с ретинолом и микроиглами от морщин	1152680017	-	Кремы	Celimax	Приволжский	1д 20ч	1	0	1	100	0	1	100	0	0	0	0	0
CELIMAX THE VITA-A RETINAL SHOT TIGHTENING BOOSTER	Крем-бустер для лица с ретинолом и микроиглами от морщин	1152680017	-	Кремы	Celimax	Центральный	1д 9ч	3	3	0	0	3	0	0	0	0	0	191	0
PETITFEE MASK 7	Гидрогелевые маски для лица набор увлажняющие корейские 7 шт	1177994945	-	Маски косметические	Petitfee	Южный и Северо-Кавказский	2д 6ч	2	0	2	100	0	2	100	0	0	0	0	0
PETITFEE MASK 7	Гидрогелевые маски для лица набор увлажняющие корейские 7 шт	1177994945	-	Маски косметические	Petitfee	Северо-Западный	3д 14ч	1	0	1	100	0	1	100	0	0	0	0	0
PETITFEE MASK 7	Гидрогелевые маски для лица набор увлажняющие корейские 7 шт	1177994945	-	Маски косметические	Petitfee	Центральный	1д 11ч	2	2	0	0	2	0	0	0	0	0	35	0
GAMEstick64	Игровая приставка консоль для детей и взрослых портативная	147602778	-	Игровые консоли	Игровая приставка	Армения	4д 0ч	1	0	1	100	0	1	100	0	0	0	0	0
GAMEstick64	Игровая приставка консоль для детей и взрослых портативная	147602778	-	Игровые консоли	Игровая приставка	Приволжский	1д 19ч	1	0	1	100	0	1	100	0	0	0	0	0
Koelf Pearl & Shea Butter Hydrogel Eye Patch	Гидрогелевые патчи под глаза от отеков и темных кругов	179611284	-	Патчи	Koelf	Центральный	1д 10ч	4	3	1	25	3	1	25	0	0	0	0	0
Koelf Pearl & Shea Butter Hydrogel Eye Patch	Гидрогелевые патчи под глаза от отеков и темных кругов	179611284	-	Патчи	Koelf	Южный и Северо-Кавказский	1д 23ч	1	0	1	100	0	1	100	0	0	0	0	0
I'm Sorry for My Skin Крем Age Capture Skin Relief	Крем для лица антивозрастной	206125905	-	Кремы	I'm Sorry for My Skin	Дальневосточный и Сибирский	6д 14ч	1	0	1	100	0	1	100	0	0	0	0	0
I'm Sorry for My Skin Крем Age Capture Skin Relief	Крем для лица антивозрастной	206125905	-	Кремы	I'm Sorry for My Skin	Центральный	6д 22ч	1	0	1	100	0	1	100	0	0	0	0	0
ELIZAVECCA - Milky Piggy Hell-Pore Clean Up Enzyme Powder Wash2	Пенка для умывания лица очищающая энзимная	333321028	-	Пудры	Elizavecca	Дальневосточный и Сибирский	6д 19ч	1	0	1	100	0	1	100	0	0	0	0	0
ELIZAVECCA - Milky Piggy Hell-Pore Clean Up Enzyme Powder Wash2	Пенка для умывания лица очищающая энзимная	333321028	-	Пудры	Elizavecca	Южный и Северо-Кавказский	3д 2ч	1	0	1	100	0	1	100	0	0	0	0	0
ELIZAVECCA - Milky Piggy Hell-Pore Clean Up Enzyme Powder Wash2	Пенка для умывания лица очищающая энзимная	333321028	-	Пудры	Elizavecca	Приволжский	0д 21ч	1	1	0	0	1	0	0	0	0	0	0	0
Round Lab 1025 Dokdo Toner	Тонер с морской водой Dokdo Toner 1025, 200 мл	1123574113	-	Тоники	round lab	Дальневосточный и Сибирский	3д 0ч	1	0	1	100	0	1	100	0	0	0	0	0
Round Lab 1025 Dokdo Toner	Тонер с морской водой Dokdo Toner 1025, 200 мл	1123574113	-	Тоники	round lab	Приволжский	1д 4ч	2	1	1	50	1	1	50	0	0	0	3	0
Round Lab 1025 Dokdo Toner	Тонер с морской водой Dokdo Toner 1025, 200 мл	1123574113	-	Тоники	round lab	Центральный	1д 9ч	2	2	0	0	2	0	0	0	0	0	16	0
NAUSHNIK/DETY/MENTOL/	Наушники с ушками и микрофоном беспроводные детские	59758723	-	Наушники	Наушники с ушками CAT	Центральный	1д 2ч	1	0	1	100	0	1	100	0	0	0	0	0
white /3х2/	Новогодняя гирлянда штора 3х2 белая	102258636	-	Гирлянды интерьерные	Новогодняя гирлянда светодиодная	Приволжский	1д 9ч	1	0	1	100	0	1	100	0	0	0	0	0
white /3х2/	Новогодняя гирлянда штора 3х2 белая	102258636	-	Гирлянды интерьерные	Новогодняя гирлянда светодиодная	Центральный	0д 16ч	1	1	0	0	1	0	0	0	0	0	0	0
8 Seconds Salon Hair Mask Stick Pouch 8 ml 20шт	Маска для волос с кератином увлажняющая восстанавливающая	165299885	-	Маски косметические	MASIL	Южный и Северо-Кавказский	1д 1ч	1	0	1	100	0	1	100	0	0	0	0	0
KN95/white/без клапана	Медицинская маска защитная без клапана 10 шт.	182558648	-	Маски медицинские	KN95	Приволжский	1д 11ч	1	0	1	100	0	1	100	0	0	0	0	0
Rosa 2m hot	Новогодняя гирлянда роса 2 метра желтая	195286358	-	Гирлянды интерьерные	Новогодняя гирлянда светодиодная	Приволжский	1д 3ч	1	0	1	100	0	1	100	0	0	0	0	0
Rosa 10m white	Новогодняя гирлянда роса 10 метров белая	195286367	-	Гирлянды интерьерные	Новогодняя гирлянда светодиодная	Беларусь	1д 16ч	1	0	1	100	0	1	100	0	0	0	0	0
Camera_WiFi_v1	Wi Fi камера видеонаблюдения умный дом	198940045	-	Камеры видеонаблюдения	Камера видеонаблюдения IP Wi-Fi	Южный и Северо-Кавказский	2д 0ч	2	1	1	50	1	1	50	0	0	0	0	0
JMSOLUTION - Marine Luminous Black Pearl Balancing Mask [1/2/3]*[10ea]	Набор 3в1 маски и уход за лицом 10 шт.	236822518	-	Маски тканевые косметические	JMSolution	Центральный	2д 20ч	1	0	1	100	0	1	100	0	0	0	0	0
hot /3х3/	Гирлянда штора на Новый Год 3х3 желтая	102256288	-	Гирлянды интерьерные	Новогодняя гирлянда светодиодная	Центральный	0д 22ч	1	1	0	0	1	0	0	0	0	0	0	0
Rosa 10m multi	Новогодняя гирлянда роса 10 метров разноцветная	195286369	-	Гирлянды интерьерные	Новогодняя гирлянда светодиодная	Центральный	1д 2ч	1	1	0	0	1	0	0	0	0	0	0	0
ELIZAVECCA - (х2) Witch Piggy hell pore blemish spot patch	Патчи от прыщей Корея прозрачные 88 шт.	226322576	-	Пластыри косметические	Elizavecca	Центральный	0д 19ч	1	1	0	0	1	0	0	0	0	0	0	0
dm7dm11-65	Дед Мороз под елку 65 см	555151552	-	Фигурки и статуэтки	Дед Мороз Фигурка	Центральный	1д 14ч	1	1	0	0	1	0	0	0	0	0	0	0
VT PDRN Essence 100	PDRN сыворотка для лица VT Essence 100, 30 мл	1119249556	-	Сыворотки	VT COSMETICS	Приволжский	-	0	0	0	0	0	0	0	0	0	0	6	0
VT PDRN Essence 100	PDRN сыворотка для лица VT Essence 100, 30 мл	1119249556	-	Сыворотки	VT COSMETICS	Центральный	-	0	0	0	0	0	0	0	0	0	0	13	0
VT Reedle Shot	Бустер-сыворотка с микроиглами VT Reedle Shot 100	1123494802	-	Сыворотки	VT COSMETICS	Приволжский	-	0	0	0	0	0	0	0	0	0	0	7	0
VT Reedle Shot	Бустер-сыворотка с микроиглами VT Reedle Shot 100	1123494802	-	Сыворотки	VT COSMETICS	Центральный	-	0	0	0	0	0	0	0	0	0	0	20	0
PETITFEE MASK 5	Гидрогелевые маски для лица набор увлажняющие корейские 5 шт	1177994944	-	Маски косметические	Petitfee	Центральный	1д 1ч	1	1	0	0	1	0	0	0	0	0	49	0
