Артикул WB,Артикул продавца,Предмет,Бренд,Склад,Способ расчёта,Хранение_период,ШК_сумма
333318356,ENOUGH - Collagen Moisture Sun Cream SPF50+ PA++++ [50ml] N2,Кремы,ENOUGH,Казань,короба: товары ниже базы,6623.148,37648
176944957,sBotW300,Роботы-стеклоочистители,SKL TECH,Краснодар,короба: товары свыше базы,3593.1001788,2110
176944957,sBotW300,Роботы-стеклоочистители,SKL TECH,Коледино,короба: товары свыше базы,3227.03019936,1567
437154709,ROUND LAB 1025 DOKDO CLEANSER_150ml,Пенки,round lab,Казань,короба: товары свыше базы,2568.5883144,11263
150925321,Collagen_Enough_Moisture_Foundation_13,Тональные кремы,ENOUGH,Краснодар,короба: товары ниже базы,2565.103,19446
868516027,Celimax Dual Barrier Creamy Toner,Тоники,Celimax,Коледино,короба: товары свыше базы,2513.495374236,13961
207472742,FARMSTAY - Black Garlic Nourishing Shampoo [530ml],Шампуни,Farm Stay,Казань,короба: товары свыше базы,2503.1407653,8435
168956391,FARMSTAY COLLAGEN&HYALURONIC ACID ALL-IN ONE AMPOULE,Сыворотки,Farm Stay,Тула,короба: товары ниже базы,2495.304,19393
240311751,Робот мойщик окон sBot w250,Роботы-стеклоочистители,SKL TECH,Коледино,короба: товары свыше базы,2331.0626238719997,1581
238415286,ENOUGH - Collagen Moisture Essential Cream [50ml] N,Кремы,ENOUGH,Казань,короба: товары ниже базы,2288.276,13021
176944957,sBotW300,Роботы-стеклоочистители,SKL TECH,СПБ Шушары,короба: товары свыше базы,2186.5121467199997,963
207472742,FARMSTAY - Black Garlic Nourishing Shampoo [530ml],Шампуни,Farm Stay,Коледино,короба: товары свыше базы,2101.847895,6943
150925322,Collagen_Enough_Moisture_Foundation_21,Тональные кремы,ENOUGH,Тула,короба: товары ниже базы,2016.676,15794
151132052, ENOUGH COLLAGEN 3IN1 21,Тональные кремы,ENOUGH,Электросталь,короба: товары ниже базы,1954.124,14418
238415286,ENOUGH - Collagen Moisture Essential Cream [50ml] N,Кремы,ENOUGH,Екатеринбург - Перспективная 14,короба: товары ниже базы,1913.734,12589
208208674,Рация_UV-82 (1 шт),Радиостанции,Baofeng,Электросталь,короба: товары свыше базы,1816.62264,6554
238415286,ENOUGH - Collagen Moisture Essential Cream [50ml] N,Кремы,ENOUGH,Коледино,короба: товары ниже базы,1816.0,11350
151313163,Etude Baking Powder Crunch Pore Scrub,Скрабы,Etude house,Екатеринбург - Перспективная 14,короба: товары ниже базы,1800.5795,11844
206057411,ELIZAVECCA_fruit_toner,Тоники,Elizavecca,Казань,короба: товары ниже базы,1780.064,10114
207796350,ELIZAVECCA - CER-100  [100ml],Маски косметические,Elizavecca,Коледино,короба: товары ниже базы,1766.24,11039
437154709,ROUND LAB 1025 DOKDO CLEANSER_150ml,Пенки,round lab,Екатеринбург - Перспективная 14,короба: товары свыше базы,1722.5512314,8731
238358954,ENOUGH - Collagen 3in1 Sun Cream SPF50 PA++ [50ml] N,Кремы,ENOUGH,Коледино,короба: товары ниже базы,1712.751,10726
207472742,FARMSTAY - Black Garlic Nourishing Shampoo [530ml],Шампуни,Farm Stay,Екатеринбург - Перспективная 14,короба: товары свыше базы,1642.84750728,5705
100680843,sBotW120_100680843,Роботы-стеклоочистители,SKL TECH,Коледино,короба: товары свыше базы,1624.63329,1052
551465879,CELIMAX THE VITA-A RETINOL SHOT TIGHTENING SERUM [30ml],Сыворотки,Celimax,Тула,короба: товары ниже базы,1615.776,12589
207796350,ELIZAVECCA - CER-100  [100ml],Маски косметические,Elizavecca,Казань,короба: товары ниже базы,1610.7520000000002,9152
151313163,Etude Baking Powder Crunch Pore Scrub,Скрабы,Etude house,Казань,короба: товары ниже базы,1584.224,9025
168956391,FARMSTAY COLLAGEN&HYALURONIC ACID ALL-IN ONE AMPOULE,Сыворотки,Farm Stay,Коледино,короба: товары ниже базы,1504.441,9411
207482718,JIGOTT - Snail Lifting Cream [70ml],Кремы,Jigott,Екатеринбург - Перспективная 14,короба: товары ниже базы,1499.6770000000001,9860
151132052, ENOUGH COLLAGEN 3IN1 21,Тональные кремы,ENOUGH,Казань,короба: товары ниже базы,1496.704,8504
168956391,FARMSTAY COLLAGEN&HYALURONIC ACID ALL-IN ONE AMPOULE,Сыворотки,Farm Stay,Казань,короба: товары ниже базы,1404.876,8001
238358954,ENOUGH - Collagen 3in1 Sun Cream SPF50 PA++ [50ml] N,Кремы,ENOUGH,Тула,короба: товары ниже базы,1393.34,10905
333318356,ENOUGH - Collagen Moisture Sun Cream SPF50+ PA++++ [50ml] N2,Кремы,ENOUGH,Тула,короба: товары ниже базы,1388.496,11547
170198876,Enough Collagen Foundation Cover Up Ultra X10 21 тон,Тональные кремы,ENOUGH,Казань,короба: товары ниже базы,1388.392,7904
437154709,ROUND LAB 1025 DOKDO CLEANSER_150ml,Пенки,round lab,СПБ Шушары,короба: товары свыше базы,1326.6931392,5811
151313163,Etude Baking Powder Crunch Pore Scrub,Скрабы,Etude house,Коледино,короба: товары ниже базы,1316.1715,8239
170198109,Enough Rich Gold Double Wea Radiance Foundation 21 тон,Тональные кремы,ENOUGH,Казань,короба: товары ниже базы,1295.536,7361
437154709,ROUND LAB 1025 DOKDO CLEANSER_150ml,Пенки,round lab,Коледино,короба: товары свыше базы,1293.464064,6232
551387355,CELIMAX THE VITA-A RETINAL SHOT TIGHTENING BOOSTER [15ml],Кремы,Celimax,Екатеринбург - Перспективная 14,короба: товары ниже базы,1279.888,8420
174668134,Пистолет перкуссионный V1,Массажеры электрические,Перкуссионный массажер пистолет,Коледино,короба: товары свыше базы,1241.69852313,2667
176945700,sBotW400,Роботы-стеклоочистители,SKL TECH,Коледино,короба: товары свыше базы,1227.2268096,930
150925321,Collagen_Enough_Moisture_Foundation_13,Тональные кремы,ENOUGH,Коледино,короба: товары ниже базы,1224.8,7655
240311751,Робот мойщик окон sBot w250,Роботы-стеклоочистители,SKL TECH,Краснодар,короба: товары свыше базы,1206.137918304,991
151313163,Etude Baking Powder Crunch Pore Scrub,Скрабы,Etude house,Тула,короба: товары ниже базы,1193.685,9291
238413828,ENOUGH collagen moisture BB Cream SPF47 PA+++ N,Кремы,ENOUGH,Казань,короба: товары ниже базы,1188.432,9432
255574453,JIGOTT - MASK 15,Маски тканевые косметические,Jigott,Казань,короба: товары свыше базы,1180.61328,5637
551387355,CELIMAX THE VITA-A RETINAL SHOT TIGHTENING BOOSTER [15ml],Кремы,Celimax,Казань,короба: товары ниже базы,1154.208,6558
238358954,ENOUGH - Collagen 3in1 Sun Cream SPF50 PA++ [50ml] N,Кремы,ENOUGH,СПБ Шушары,короба: товары ниже базы,1122.0,6375
207482718,JIGOTT - Snail Lifting Cream [70ml],Кремы,Jigott,Коледино,короба: товары ниже базы,1094.952,6843
207476309,FARMSTAY Argan Oil Complete Volume Up Shampoo & Conditioner [530ml],Шампуни,Farm Stay,Тула,короба: товары свыше базы,1088.22078,4326
190159348,Elizavecca 24k gold snail Cleansing Foam 180ml,Скрабы,Elizavecca,Тула,короба: товары ниже базы,1081.472,8440
208208674,Рация_UV-82 (1 шт),Радиостанции,Baofeng,Казань,короба: товары свыше базы,1080.41472,2842
168956391,FARMSTAY COLLAGEN&HYALURONIC ACID ALL-IN ONE AMPOULE,Сыворотки,Farm Stay,Екатеринбург - Перспективная 14,короба: товары ниже базы,1076.696,7083
238413828,ENOUGH collagen moisture BB Cream SPF47 PA+++ N,Кремы,ENOUGH,Краснодар,короба: товары ниже базы,1074.816,11196
198620596,Lamp_white_26cm,Кольцевые лампы,SKL TECH,Коледино,короба: товары свыше базы,1059.3482054400001,291
238358954,ENOUGH - Collagen 3in1 Sun Cream SPF50 PA++ [50ml] N,Кремы,ENOUGH,Казань,короба: товары ниже базы,1053.216,6016
170198337,Enough 8 Peptide Full Cover Perfect Foundation 21 тон,Тональные кремы,ENOUGH,Тула,короба: товары ниже базы,1027.74,8534
207472742,FARMSTAY - Black Garlic Nourishing Shampoo [530ml],Шампуни,Farm Stay,Краснодар,короба: товары свыше базы,1026.289987065,4298
437154709,ROUND LAB 1025 DOKDO CLEANSER_150ml,Пенки,round lab,Краснодар,короба: товары свыше базы,1013.5698144,5911
238413828,ENOUGH collagen moisture BB Cream SPF47 PA+++ N,Кремы,ENOUGH,Электросталь,короба: товары ниже базы,996.898,12425
198156472,Manyo_Galac_Vita_Serum,Сыворотки,manyo,Казань,короба: товары ниже базы,988.592,5617
238358009,ENOUGH - Collagen Moisture Sun Cream SPF50+ PA++++ [50ml] N,Кремы,ENOUGH,Тула,короба: товары ниже базы,978.0559999999999,7670
151313163,Etude Baking Powder Crunch Pore Scrub,Скрабы,Etude house,Краснодар,короба: товары ниже базы,977.46,7405
551465879,CELIMAX THE VITA-A RETINOL SHOT TIGHTENING SERUM [30ml],Сыворотки,Celimax,Казань,короба: товары ниже базы,965.5360000000001,5486
551387355,CELIMAX THE VITA-A RETINAL SHOT TIGHTENING BOOSTER [15ml],Кремы,Celimax,СПБ Шушары,короба: товары ниже базы,960.96,5460
208202076,EKEL Ampule Сream Сollagen [70ml],Кремы,EKEL,Казань,короба: товары ниже базы,953.568,5418
238415286,ENOUGH - Collagen Moisture Essential Cream [50ml] N,Кремы,ENOUGH,Краснодар,короба: товары ниже базы,951.588,7209
551465879,CELIMAX THE VITA-A RETINOL SHOT TIGHTENING SERUM [30ml],Сыворотки,Celimax,Краснодар,короба: товары ниже базы,939.444,7117
207482718,JIGOTT - Snail Lifting Cream [70ml],Кремы,Jigott,Казань,короба: товары ниже базы,936.684,5349
154159632,Baking Powder BB Deep Cleansing Foam 3в1 30,Скрабы,Etude house,Коледино,короба: товары ниже базы,921.328,5767
214977901,JMSOLUTION - Mask Pack Black,Маски тканевые косметические,JMSolution,Коледино,короба: товары свыше базы,919.902541824,4593
240311751,Робот мойщик окон sBot w250,Роботы-стеклоочистители,SKL TECH,СПБ Шушары,короба: товары свыше базы,915.2529914879999,564
165002270,ENOUGH collagen moisture BB Cream SPF47 PA+++ BB,Кремы,ENOUGH,Невинномысск,короба: товары ниже базы,911.736,9648
238415286,ENOUGH - Collagen Moisture Essential Cream [50ml] N,Кремы,ENOUGH,СПБ Шушары,короба: товары ниже базы,909.68,5169
207465786,HEIMISH - All Clean Balm Mandarin [120ml],Гидрофильные масла,Heimish,Коледино,короба: товары ниже базы,903.67,5700
169076150,FARMSTAY ESCARGOT NOBLESSE INTENSIVE CREAM,Кремы,farmstay,Тула,короба: товары ниже базы,900.64,7029
551387355,CELIMAX THE VITA-A RETINAL SHOT TIGHTENING BOOSTER [15ml],Кремы,Celimax,Тула,короба: товары ниже базы,888.832,6944
238413828,ENOUGH collagen moisture BB Cream SPF47 PA+++ N,Кремы,ENOUGH,Тула,короба: товары ниже базы,880.76,11434
207465786,HEIMISH - All Clean Balm Mandarin [120ml],Гидрофильные масла,Heimish,Казань,короба: товары ниже базы,867.328,4928
206058262,ELIZAVECCA_galactomyces_Ample,Сыворотки,Elizavecca,Казань,короба: товары ниже базы,842.082,5537
168956391,FARMSTAY COLLAGEN&HYALURONIC ACID ALL-IN ONE AMPOULE,Сыворотки,Farm Stay,СПБ Шушары,короба: товары ниже базы,829.664,4714
207476309,FARMSTAY Argan Oil Complete Volume Up Shampoo & Conditioner [530ml],Шампуни,Farm Stay,Казань,короба: товары свыше базы,818.36568,2403
100680843,sBotW120_100680843,Роботы-стеклоочистители,SKL TECH,Краснодар,короба: товары свыше базы,810.97632,636
551392965,CELIMAX DUAL BARRIER SKIN WEARABLE CREAM [50ml],Кремы,Celimax,Казань,короба: товары ниже базы,806.624,4591
238416010,Enough Collagen Whitening Moisture Cream 3in1 50 N,Кремы,ENOUGH,Коледино,короба: товары ниже базы,802.88,5018
151313163,Etude Baking Powder Crunch Pore Scrub,Скрабы,Etude house,СПБ Шушары,короба: товары ниже базы,787.2959999999999,4486
207483780,JIGOTT - Birds Nest Firming Cream [70ml],Кремы,Jigott,Казань,короба: товары ниже базы,773.168,4393
168956391,FARMSTAY COLLAGEN&HYALURONIC ACID ALL-IN ONE AMPOULE,Сыворотки,Farm Stay,Краснодар,короба: товары ниже базы,767.3965000000001,5818
663654300,videokamera4gneww,Камеры видеонаблюдения,Камера видеонаблюдения IP Wi-Fi,Коледино,короба: товары свыше базы,765.2584217599999,1102
198147185,Manyo_Complex_Ampoule,Сыворотки,manyo,Тула,короба: товары ниже базы,760.064,5905
419630142,FARMSTAY ESCARGOT NOBLESSE INTENSIVE AMPOULE,Сыворотки,Farm Stay,Тула,короба: товары ниже базы,743.712,5777
150925322,Collagen_Enough_Moisture_Foundation_21,Тональные кремы,ENOUGH,Казань,короба: товары ниже базы,739.468,4218
169198316,Etude House Baking Powder Pore Cleansing Foam 160 ml белая,Скрабы,Etude house,Казань,короба: товары ниже базы,734.624,4174
151132052, ENOUGH COLLAGEN 3IN1 21,Тональные кремы,ENOUGH,Екатеринбург - Перспективная 14,короба: товары ниже базы,726.408,4779
207472742,FARMSTAY - Black Garlic Nourishing Shampoo [530ml],Шампуни,Farm Stay,СПБ Шушары,короба: товары свыше базы,725.1043716,2175
551465879,CELIMAX THE VITA-A RETINOL SHOT TIGHTENING SERUM [30ml],Сыворотки,Celimax,СПБ Шушары,короба: товары ниже базы,722.48,4105
207472742,FARMSTAY - Black Garlic Nourishing Shampoo [530ml],Шампуни,Farm Stay,Тула,короба: товары свыше базы,708.9639984,2904
198147185,Manyo_Complex_Ampoule,Сыворотки,manyo,Казань,короба: товары ниже базы,707.696,4021
551465879,CELIMAX THE VITA-A RETINOL SHOT TIGHTENING SERUM [30ml],Сыворотки,Celimax,Екатеринбург - Перспективная 14,короба: товары ниже базы,705.3765,4640
551447345,CELIMAX PORE+DARK SPOT BRIGHTENING CREAM [35ml],Кремы,Celimax,Казань,короба: товары ниже базы,704.352,4002
240311751,Робот мойщик окон sBot w250,Роботы-стеклоочистители,SKL TECH,Казань,короба: товары свыше базы,704.290422528,434
551490295,CELIMAX PORE+DARK SPOT BRIGHTENING SERUM_10ml [10ml],Сыворотки,Celimax,Казань,короба: товары ниже базы,699.072,3972
170198876,Enough Collagen Foundation Cover Up Ultra X10 21 тон,Тональные кремы,ENOUGH,Электросталь,короба: товары ниже базы,695.808,5077
190159348,Elizavecca 24k gold snail Cleansing Foam 180ml,Скрабы,Elizavecca,Краснодар,короба: товары ниже базы,692.736,5248
238416010,Enough Collagen Whitening Moisture Cream 3in1 50 N,Кремы,ENOUGH,Казань,короба: товары ниже базы,691.948,3948
214305722,DEOPROCE SHAMPOO+BALSAM - BLACK GARLIC[2000ml],Шампуни,DEOPROCE,Казань,короба: товары свыше базы,683.13168,606
207469760,FARMSTAY - Gold Snail Premium Cream [50ml],Кремы,farmstay,Коледино,короба: товары ниже базы,676.3199999999999,4227
212760119,JIGOTT - Ultimate Real Collagen Toner [300ml],Тоники,Jigott,Казань,короба: товары ниже базы,675.4879999999999,3838
207482718,JIGOTT - Snail Lifting Cream [70ml],Кремы,Jigott,Краснодар,короба: товары ниже базы,675.18,5115
212757456,JIGOTT - Daily Real Cica Toner [300ml],Тоники,Jigott,Казань,короба: товары свыше базы,673.69875584,2980
551387355,CELIMAX THE VITA-A RETINAL SHOT TIGHTENING BOOSTER [15ml],Кремы,Celimax,Краснодар,короба: товары ниже базы,667.656,5058
150925321,Collagen_Enough_Moisture_Foundation_13,Тональные кремы,ENOUGH,Казань,короба: товары ниже базы,666.168,3818
207476309,FARMSTAY Argan Oil Complete Volume Up Shampoo & Conditioner [530ml],Шампуни,Farm Stay,Краснодар,короба: товары свыше базы,664.85826,2603
437797551,ROUND LAB VITA NIACINAMIDE DARK SPOT SERUM 30ml,Сыворотки,round lab,Краснодар,короба: товары ниже базы,660.924,5007
152115510,sBotW200,Роботы-стеклоочистители,SKL TECH,Коледино,короба: товары свыше базы,652.7952,414
437797551,ROUND LAB VITA NIACINAMIDE DARK SPOT SERUM 30ml,Сыворотки,round lab,Коледино,короба: товары ниже базы,650.528,4089
551392965,CELIMAX DUAL BARRIER SKIN WEARABLE CREAM [50ml],Кремы,Celimax,Коледино,короба: товары ниже базы,646.0799999999999,4038
150925322,Collagen_Enough_Moisture_Foundation_21,Тональные кремы,ENOUGH,Электросталь,короба: товары ниже базы,639.784,4704
151175880,Petitfee Black Pearl & Gold hydrogel Eye Patch,Патчи,Petitfee,Казань,короба: товары ниже базы,635.008,3608
207476777,FARMSTAY - Collagen Pure Cleansing Foam [180ml],Скрабы,Farm Stay,Краснодар,короба: товары ниже базы,628.056,4758
207475898,FARMSTAY - Collagen Water Full Shampoo & Conditioner [530ml],Шампуни,Farm Stay,Коледино,короба: товары свыше базы,619.1136,3071
208202076,EKEL Ampule Сream Сollagen [70ml],Кремы,EKEL,Краснодар,короба: товары ниже базы,613.14,4645
212757456,JIGOTT - Daily Real Cica Toner [300ml],Тоники,Jigott,Екатеринбург - Перспективная 14,короба: товары свыше базы,610.727035648,3128
551465879,CELIMAX THE VITA-A RETINOL SHOT TIGHTENING SERUM [30ml],Сыворотки,Celimax,Коледино,короба: товары ниже базы,605.6,3785
551472457,CELIMAX THE REAL NONI ENERGY AMPOULE_30ML (NEW) [30ml],Сыворотки,Celimax,Екатеринбург - Перспективная 14,короба: товары ниже базы,595.3665,3791
208202076,EKEL Ampule Сream Сollagen [70ml],Кремы,EKEL,Электросталь,короба: товары ниже базы,589.832,4337
207476777,FARMSTAY - Collagen Pure Cleansing Foam [180ml],Скрабы,Farm Stay,Коледино,короба: товары ниже базы,586.4,3665
198156472,Manyo_Galac_Vita_Serum,Сыворотки,manyo,Коледино,короба: товары ниже базы,585.872,3662
214305722,DEOPROCE SHAMPOO+BALSAM - BLACK GARLIC[2000ml],Шампуни,DEOPROCE,Коледино,короба: товары свыше базы,579.012,565
212760119,JIGOTT - Ultimate Real Collagen Toner [300ml],Тоники,Jigott,Тула,короба: товары ниже базы,578.688,4510
207476309,FARMSTAY Argan Oil Complete Volume Up Shampoo & Conditioner [530ml],Шампуни,Farm Stay,Коледино,короба: товары свыше базы,575.3712825,1859
206126372,I'm Sorry for My Skin Крем Age Capture Vitalizer,Кремы,I'm Sorry for My Skin,Коледино,короба: товары ниже базы,571.04,3569
207483179,JIGOTT - Snail Reparing Cream [100ml],Кремы,Jigott,Коледино,короба: товары ниже базы,552.928,3456
207479264,EKEL Ampoule Cream Collagen [50ml],Кремы,EKEL,Коледино,короба: товары ниже базы,551.2,3445
170198876,Enough Collagen Foundation Cover Up Ultra X10 21 тон,Тональные кремы,ENOUGH,Коледино,короба: товары ниже базы,549.064,3474
154160085,Etude Baking Powder Crunch Pore Scrub треугольники 30,Скрабы,Etude house,Коледино,короба: товары свыше базы,546.69221808,2505
207483780,JIGOTT - Birds Nest Firming Cream [70ml],Кремы,Jigott,Коледино,короба: товары ниже базы,545.595,3984
151175877,Petitfee Agave Cooling Hydrogel Eye Mask,Патчи,Petitfee,Казань,короба: товары ниже базы,541.904,3079
437190353,ROUND LAB BIRCH JUICE MOISTURIZING CREAM_80ml,Кремы,round lab,Казань,короба: товары ниже базы,539.088,3063
238416010,Enough Collagen Whitening Moisture Cream 3in1 50 N,Кремы,ENOUGH,Краснодар,короба: товары ниже базы,536.448,4064
238358954,ENOUGH - Collagen 3in1 Sun Cream SPF50 PA++ [50ml] N,Кремы,ENOUGH,Краснодар,короба: товары ниже базы,533.148,4039
207469760,FARMSTAY - Gold Snail Premium Cream [50ml],Кремы,farmstay,Тула,короба: товары ниже базы,532.448,4139
214977901,JMSOLUTION - Mask Pack Black,Маски тканевые косметические,JMSolution,Тула,короба: товары свыше базы,528.497270784,3298
551490295,CELIMAX PORE+DARK SPOT BRIGHTENING SERUM_10ml [10ml],Сыворотки,Celimax,Коледино,короба: товары ниже базы,524.8,3280
663654300,videokamera4gneww,Камеры видеонаблюдения,Камера видеонаблюдения IP Wi-Fi,Электросталь,короба: товары свыше базы,513.5286777599999,870
207479264,EKEL Ampoule Cream Collagen [50ml],Кремы,EKEL,Екатеринбург - Перспективная 14,короба: товары ниже базы,511.875,3250
214977901,JMSOLUTION - Mask Pack Black,Маски тканевые косметические,JMSolution,Краснодар,короба: товары свыше базы,504.525200256,3053
437190353,ROUND LAB BIRCH JUICE MOISTURIZING CREAM_80ml,Кремы,round lab,Коледино,короба: товары ниже базы,502.08,3138
179611278,Petitfee Artichoke Soothing Hydrogel Eye Mask,Патчи,Petitfee,Краснодар,короба: товары ниже базы,500.28,3790
180852804,Скалер белый v1,Скалеры,FETLAR,Коледино,короба: товары свыше базы,497.64,2262
207796439,ELIZAVECCA - Natural 90% Olive Cleansing Oil,Гидрофильные масла,Elizavecca,Казань,короба: товары ниже базы,496.496,2821
608624295,DEOPROCE SHAMPOO - BLACK GARLIC[600ml] с колпачком,Шампуни,DEOPROCE,Екатеринбург - Перспективная 14,короба: товары свыше базы,486.91796807400004,1779
179611304,Petitfee Cacao Energizing Hydrogel Eye Patch,Патчи,Petitfee,Коледино,короба: товары ниже базы,486.40000000000003,3040
150925322,Collagen_Enough_Moisture_Foundation_21,Тональные кремы,ENOUGH,Краснодар,короба: товары ниже базы,485.311,3690
212883090,JIGOTT - Aura Secret Hyaluronec Acid Toner [300ml],Тоники,Jigott,Краснодар,короба: товары ниже базы,483.152,3662
179611278,Petitfee Artichoke Soothing Hydrogel Eye Mask,Патчи,Petitfee,Казань,короба: товары ниже базы,480.304,2729
180852804,Скалер белый v1,Скалеры,FETLAR,Краснодар,короба: товары свыше базы,474.3550625,2623
212757456,JIGOTT - Daily Real Cica Toner [300ml],Тоники,Jigott,Коледино,короба: товары свыше базы,472.698944,2300
190160008,Elizavecca Milky Piggy EGF elastic retinol [100ml],Кремы,Elizavecca,Казань,короба: товары ниже базы,469.568,2668
255574453,JIGOTT - MASK 15,Маски тканевые косметические,Jigott,Екатеринбург - Перспективная 14,короба: товары свыше базы,469.3836,2595
170198738,Enough 8 Peptide Full Cover Perfect Foundation 13 тон,Тональные кремы,ENOUGH,Коледино,короба: товары ниже базы,461.18399999999997,2895
551447345,CELIMAX PORE+DARK SPOT BRIGHTENING CREAM [35ml],Кремы,Celimax,Коледино,короба: товары ниже базы,454.71999999999997,2842
868516027,Celimax Dual Barrier Creamy Toner,Тоники,Celimax,Казань,короба: товары свыше базы,450.109775808,2273
179611304,Petitfee Cacao Energizing Hydrogel Eye Patch,Патчи,Petitfee,Краснодар,короба: товары ниже базы,446.952,3386
663654300,videokamera4gneww,Камеры видеонаблюдения,Камера видеонаблюдения IP Wi-Fi,СПБ Шушары,короба: товары свыше базы,443.04434943999996,580
608624295,DEOPROCE SHAMPOO - BLACK GARLIC[600ml] с колпачком,Шампуни,DEOPROCE,Казань,короба: товары свыше базы,441.312253992,1404
663654300,videokamera4gneww,Камеры видеонаблюдения,Камера видеонаблюдения IP Wi-Fi,Казань,короба: товары свыше базы,439.988871168,576
179611207,Petitfee GOLD & SNAIL HYDROGEL EYE PATCH,Патчи,Petitfee,Казань,короба: товары ниже базы,437.71200000000005,2487
551482493,CELIMAX PORE+DARK SPOT BRIGHTENING SERUM_30ml [30ml],Сыворотки,Celimax,Казань,короба: товары ниже базы,434.71999999999997,2470
207476777,FARMSTAY - Collagen Pure Cleansing Foam [180ml],Скрабы,Farm Stay,Электросталь,короба: товары ниже базы,434.384,3194
100680843,sBotW120_100680843,Роботы-стеклоочистители,SKL TECH,СПБ Шушары,короба: товары свыше базы,431.84064,254
207465786,HEIMISH - All Clean Balm Mandarin [120ml],Гидрофильные масла,Heimish,Краснодар,короба: товары ниже базы,431.059,3279
212883090,JIGOTT - Aura Secret Hyaluronec Acid Toner [300ml],Тоники,Jigott,Казань,короба: товары ниже базы,430.144,2444
207796789,ENOUGH - Gold Snail Moisture Foundation [Tone 13],Тональные кремы,ENOUGH,Коледино,короба: товары ниже базы,429.896,2687
207465786,HEIMISH - All Clean Balm Mandarin [120ml],Гидрофильные масла,Heimish,Электросталь,короба: товары ниже базы,426.728,3137
214305722,DEOPROCE SHAMPOO+BALSAM - BLACK GARLIC[2000ml],Шампуни,DEOPROCE,Краснодар,короба: товары свыше базы,419.70684,496
179611318,Petitfee Chamomile Lightening Hydrogel Eye Mask,Патчи,Petitfee,Екатеринбург - Перспективная 14,короба: товары ниже базы,417.24,2745
238358954,ENOUGH - Collagen 3in1 Sun Cream SPF50 PA++ [50ml] N,Кремы,ENOUGH,Екатеринбург - Перспективная 14,короба: товары ниже базы,416.624,2741
154159632,Baking Powder BB Deep Cleansing Foam 3в1 30,Скрабы,Etude house,Электросталь,короба: товары ниже базы,416.296,3061
169076150,FARMSTAY ESCARGOT NOBLESSE INTENSIVE CREAM,Кремы,farmstay,Коледино,короба: товары ниже базы,413.92,2587
198156472,Manyo_Galac_Vita_Serum,Сыворотки,manyo,Тула,короба: товары ниже базы,411.84,3152
180988755,Petitfee B-Glucan Deep Firming Eye Mask,Патчи,Petitfee,Казань,короба: товары ниже базы,411.664,2339
154160085,Etude Baking Powder Crunch Pore Scrub треугольники 30,Скрабы,Etude house,Казань,короба: товары свыше базы,410.948926608,1739
180711041,Petitfee EGF,Патчи,Petitfee,Казань,короба: товары ниже базы,409.904,2329
419630142,FARMSTAY ESCARGOT NOBLESSE INTENSIVE AMPOULE,Сыворотки,Farm Stay,Екатеринбург - Перспективная 14,короба: товары ниже базы,408.752,2689
208202076,EKEL Ampule Сream Сollagen [70ml],Кремы,EKEL,Коледино,короба: товары ниже базы,406.56,2541
238359400,LEBELAGE - High Protection Extreme Sun Cream SPF50+ PA++ [30ml] N,Кремы,Lebelage,Коледино,короба: товары ниже базы,404.6245,2530
236825103,JMSOLUTION-Marine Luminous Pearl Deep Moisture Mask Pearl [1/2/3]*[10ea],Маски тканевые косметические,JMSolution,Екатеринбург - Перспективная 14,короба: товары свыше базы,404.219025,1636
207796898,ENOUGH - Gold Snail Moisture Foundation [Tone 21],Тональные кремы,ENOUGH,Екатеринбург - Перспективная 14,короба: товары ниже базы,403.536,2655
170198337,Enough 8 Peptide Full Cover Perfect Foundation 21 тон,Тональные кремы,ENOUGH,Краснодар,короба: товары ниже базы,403.31,3060
238359757,LEBELAGE - High Protection Long Lasting Sun Cream SPF50+ PA+++ [30ml] N,Кремы,Lebelage,Краснодар,короба: товары ниже базы,401.28,3040
151175880,Petitfee Black Pearl & Gold hydrogel Eye Patch,Патчи,Petitfee,Коледино,короба: товары ниже базы,400.064,2502
214964091,JMSOLUTION - Mask Pack Disney,Маски тканевые косметические,JMSolution,Коледино,короба: товары свыше базы,398.6568256,1975
207483780,JIGOTT - Birds Nest Firming Cream [70ml],Кремы,Jigott,Краснодар,короба: товары ниже базы,398.456,3026
255574453,JIGOTT - MASK 15,Маски тканевые косметические,Jigott,Тула,короба: товары свыше базы,398.24064,2611
176944957,sBotW300,Роботы-стеклоочистители,SKL TECH,Казань,короба: товары свыше базы,397.341252,175
214305722,DEOPROCE SHAMPOO+BALSAM - BLACK GARLIC[2000ml],Шампуни,DEOPROCE,Екатеринбург - Перспективная 14,короба: товары свыше базы,394.2918,405
207796789,ENOUGH - Gold Snail Moisture Foundation [Tone 13],Тональные кремы,ENOUGH,Тула,короба: товары ниже базы,393.506,3081
169198316,Etude House Baking Powder Pore Cleansing Foam 160 ml белая,Скрабы,Etude house,Тула,короба: товары ниже базы,391.52,3030
868516027,Celimax Dual Barrier Creamy Toner,Тоники,Celimax,Краснодар,короба: товары свыше базы,390.02971392,2622
255574453,JIGOTT - MASK 15,Маски тканевые косметические,Jigott,Краснодар,короба: товары свыше базы,389.71548,2481
206057411,ELIZAVECCA_fruit_toner,Тоники,Elizavecca,Краснодар,короба: товары ниже базы,389.004,2947
551472457,CELIMAX THE REAL NONI ENERGY AMPOULE_30ML (NEW) [30ml],Сыворотки,Celimax,Коледино,короба: товары ниже базы,388.32,2427
551472457,CELIMAX THE REAL NONI ENERGY AMPOULE_30ML (NEW) [30ml],Сыворотки,Celimax,Казань,короба: товары ниже базы,388.08,2205
207469760,FARMSTAY - Gold Snail Premium Cream [50ml],Кремы,farmstay,Казань,короба: товары ниже базы,384.032,2182
419630142,FARMSTAY ESCARGOT NOBLESSE INTENSIVE AMPOULE,Сыворотки,Farm Stay,Коледино,короба: товары ниже базы,378.496,2366
151175880,Petitfee Black Pearl & Gold hydrogel Eye Patch,Патчи,Petitfee,Тула,короба: товары ниже базы,377.728,2951
170198738,Enough 8 Peptide Full Cover Perfect Foundation 13 тон,Тональные кремы,ENOUGH,Казань,короба: товары ниже базы,376.848,2157
170198738,Enough 8 Peptide Full Cover Perfect Foundation 13 тон,Тональные кремы,ENOUGH,Электросталь,короба: товары ниже базы,376.256,2598
236825103,JMSOLUTION-Marine Luminous Pearl Deep Moisture Mask Pearl [1/2/3]*[10ea],Маски тканевые косметические,JMSolution,Краснодар,короба: товары свыше базы,376.007625,1822
180852837,Триммер черный v1,Триммеры,Триммер для бороды,Коледино,короба: товары свыше базы,375.78816,659
207482718,JIGOTT - Snail Lifting Cream [70ml],Кремы,Jigott,Тула,короба: товары ниже базы,370.368,2845
169076150,FARMSTAY ESCARGOT NOBLESSE INTENSIVE CREAM,Кремы,farmstay,Краснодар,короба: товары ниже базы,368.94,2795
214964091,JMSOLUTION - Mask Pack Disney,Маски тканевые косметические,JMSolution,Тула,короба: товары свыше базы,366.5591776,2243
212883090,JIGOTT - Aura Secret Hyaluronec Acid Toner [300ml],Тоники,Jigott,Коледино,короба: товары ниже базы,365.92,2287
212719009,DR. JART - Cicapair Tiger Grass Color Correcting Treatment [50ml],CC-кремы,dr.Jart+,Казань,короба: товары ниже базы,365.55199999999996,2077
437190353,ROUND LAB BIRCH JUICE MOISTURIZING CREAM_80ml,Кремы,round lab,Тула,короба: товары ниже базы,363.04,2835
238415286,ENOUGH - Collagen Moisture Essential Cream [50ml] N,Кремы,ENOUGH,Тула,короба: товары ниже базы,360.864,2816
207796563,ELIZAVECCA - Aqua Hyaluronic Acid Water Drop Cream,Кремы,Elizavecca,Краснодар,короба: товары ниже базы,357.72,2710
868516027,Celimax Dual Barrier Creamy Toner,Тоники,Celimax,Екатеринбург - Перспективная 14,короба: товары свыше базы,347.506391232,2031
608624295,DEOPROCE SHAMPOO - BLACK GARLIC[600ml] с колпачком,Шампуни,DEOPROCE,Краснодар,короба: товары свыше базы,347.024709504,1464
198156698,Manyo_Pure_Cleansing_Oil,Гидрофильные масла,manyo,Казань,короба: товары ниже базы,343.904,1954
437242640,ROUND LAB MUGWORT CALMING CLEANSER_150ml,Пенки,round lab,Коледино,короба: товары ниже базы,341.76,2136
663654300,videokamera4gneww,Камеры видеонаблюдения,Камера видеонаблюдения IP Wi-Fi,Тула,короба: товары свыше базы,341.65802496000003,615
179611304,Petitfee Cacao Energizing Hydrogel Eye Patch,Патчи,Petitfee,Казань,короба: товары ниже базы,341.088,1938
212760119,JIGOTT - Ultimate Real Collagen Toner [300ml],Тоники,Jigott,Екатеринбург - Перспективная 14,короба: товары ниже базы,340.936,2243
198620596,Lamp_white_26cm,Кольцевые лампы,SKL TECH,Краснодар,короба: товары свыше базы,334.163382588,113
226115324,PETITFEE - Agave Cooling Hydrogel Face Mask [5pcs],Маски гидрогелевые,Petitfee,Коледино,короба: товары свыше базы,333.93149952,1998
238359757,LEBELAGE - High Protection Long Lasting Sun Cream SPF50+ PA+++ [30ml] N,Кремы,Lebelage,Коледино,короба: товары ниже базы,333.44,2084
226115141,PETITFEE - Gold & Snail Hydrogel Mask Pack [5pcs],Маски гидрогелевые,Petitfee,Коледино,короба: товары ниже базы,332.8,2080
207796789,ENOUGH - Gold Snail Moisture Foundation [Tone 13],Тональные кремы,ENOUGH,Краснодар,короба: товары ниже базы,332.376,2518
238416010,Enough Collagen Whitening Moisture Cream 3in1 50 N,Кремы,ENOUGH,Екатеринбург - Перспективная 14,короба: товары ниже базы,330.136,2171
226115324,PETITFEE - Agave Cooling Hydrogel Face Mask [5pcs],Маски гидрогелевые,Petitfee,Тула,короба: товары свыше базы,330.113308672,2393
154159632,Baking Powder BB Deep Cleansing Foam 3в1 30,Скрабы,Etude house,Екатеринбург - Перспективная 14,короба: товары ниже базы,327.88,2156
226115141,PETITFEE - Gold & Snail Hydrogel Mask Pack [5pcs],Маски гидрогелевые,Petitfee,Казань,короба: товары ниже базы,327.536,1861
207796789,ENOUGH - Gold Snail Moisture Foundation [Tone 13],Тональные кремы,ENOUGH,Казань,короба: товары ниже базы,327.184,1859
179611207,Petitfee GOLD & SNAIL HYDROGEL EYE PATCH,Патчи,Petitfee,Коледино,короба: товары ниже базы,321.92,2012
214977901,JMSOLUTION - Mask Pack Black,Маски тканевые косметические,JMSolution,Казань,короба: товары свыше базы,319.714407936,1451
207476309,FARMSTAY Argan Oil Complete Volume Up Shampoo & Conditioner [530ml],Шампуни,Farm Stay,Екатеринбург - Перспективная 14,короба: товары свыше базы,317.94372,1081
169076150,FARMSTAY ESCARGOT NOBLESSE INTENSIVE CREAM,Кремы,farmstay,Казань,короба: товары ниже базы,317.856,1806
208202076,EKEL Ampule Сream Сollagen [70ml],Кремы,EKEL,Тула,короба: товары ниже базы,314.932,2503
100680843,sBotW120_100680843,Роботы-стеклоочистители,SKL TECH,Казань,короба: товары свыше базы,314.5296,185
154159632,Baking Powder BB Deep Cleansing Foam 3в1 30,Скрабы,Etude house,Тула,короба: товары ниже базы,313.456,2438
240311751,Робот мойщик окон sBot w250,Роботы-стеклоочистители,SKL TECH,Екатеринбург - Перспективная 14,короба: товары свыше базы,311.09602608,221
207796789,ENOUGH - Gold Snail Moisture Foundation [Tone 13],Тональные кремы,ENOUGH,СПБ Шушары,короба: товары ниже базы,310.64,1765
551482493,CELIMAX PORE+DARK SPOT BRIGHTENING SERUM_30ml [30ml],Сыворотки,Celimax,Екатеринбург - Перспективная 14,короба: товары ниже базы,309.928,2039
551482493,CELIMAX PORE+DARK SPOT BRIGHTENING SERUM_30ml [30ml],Сыворотки,Celimax,Коледино,короба: товары ниже базы,309.76,1936
207483179,JIGOTT - Snail Reparing Cream [100ml],Кремы,Jigott,Казань,короба: товары ниже базы,308.916,1766
190159348,Elizavecca 24k gold snail Cleansing Foam 180ml,Скрабы,Elizavecca,Казань,короба: товары ниже базы,308.62,1770
611747838,Collagen_Enough_Moisture_Foundation_23,Тональные кремы,ENOUGH,Краснодар,короба: товары ниже базы,303.864,2302
198147185,Manyo_Complex_Ampoule,Сыворотки,manyo,Коледино,короба: товары ниже базы,301.12,1882
551387355,CELIMAX THE VITA-A RETINAL SHOT TIGHTENING BOOSTER [15ml],Кремы,Celimax,Коледино,короба: товары ниже базы,300.64,1879
238416010,Enough Collagen Whitening Moisture Cream 3in1 50 N,Кремы,ENOUGH,Тула,короба: товары ниже базы,299.168,2335
551447345,CELIMAX PORE+DARK SPOT BRIGHTENING CREAM [35ml],Кремы,Celimax,Краснодар,короба: товары ниже базы,298.584,2262
611747838,Collagen_Enough_Moisture_Foundation_23,Тональные кремы,ENOUGH,Тула,короба: товары ниже базы,297.984,2328
207475898,FARMSTAY - Collagen Water Full Shampoo & Conditioner [530ml],Шампуни,Farm Stay,Казань,короба: товары свыше базы,297.60192,1342
170198337,Enough 8 Peptide Full Cover Perfect Foundation 21 тон,Тональные кремы,ENOUGH,Казань,короба: товары ниже базы,296.208,1683
169198316,Etude House Baking Powder Pore Cleansing Foam 160 ml белая,Скрабы,Etude house,Коледино,короба: товары ниже базы,295.52,1847
437254254,ROUND LAB SOYBEAN PANTHENOL CREAM_80ml,Кремы,round lab,Казань,короба: товары ниже базы,294.976,1676
170198180,Enough Rich Gold Double Wea Radiance Foundation 13 тон,Тональные кремы,ENOUGH,Краснодар,короба: товары ниже базы,294.888,2234
226117746,PETITFEE - Chamomile Lightening Hydrogel Mask Pack [5pcs],Маски гидрогелевые,Petitfee,Казань,короба: товары ниже базы,293.04,1665
204258828,COSRX_Salicylic_Acid_Cleanser,Скрабы,COSRX,Коледино,короба: товары ниже базы,290.56,1816
214312149,SKIN1004 - Madagascar Centella Hyalu-Cica Sleeping Pack [30ml],Кремы,SKIN1004,Электросталь,короба: товары ниже базы,290.496,2136
206126372,I'm Sorry for My Skin Крем Age Capture Vitalizer,Кремы,I'm Sorry for My Skin,Казань,короба: товары ниже базы,289.696,1646
151175877,Petitfee Agave Cooling Hydrogel Eye Mask,Патчи,Petitfee,Коледино,короба: товары ниже базы,289.216,1808
207796898,ENOUGH - Gold Snail Moisture Foundation [Tone 21],Тональные кремы,ENOUGH,Казань,короба: товары ниже базы,289.03200000000004,1697
207481251,COSRX Advanced Snail 96 Mucin Power Essence [100ml],Сыворотки,COSRX,Екатеринбург - Перспективная 14,короба: товары ниже базы,288.0675,1829
207796439,ELIZAVECCA - Natural 90% Olive Cleansing Oil,Гидрофильные масла,Elizavecca,Коледино,короба: товары ниже базы,286.4,1790
207469760,FARMSTAY - Gold Snail Premium Cream [50ml],Кремы,farmstay,Екатеринбург - Перспективная 14,короба: товары ниже базы,286.392,1884
212757456,JIGOTT - Daily Real Cica Toner [300ml],Тоники,Jigott,Тула,короба: товары свыше базы,285.01691110400003,1713
152115510,sBotW200,Роботы-стеклоочистители,SKL TECH,Екатеринбург - Перспективная 14,короба: товары свыше базы,284.69124,190
170198109,Enough Rich Gold Double Wea Radiance Foundation 21 тон,Тональные кремы,ENOUGH,Электросталь,короба: товары ниже базы,284.272,2022
214977901,JMSOLUTION - Mask Pack Black,Маски тканевые косметические,JMSolution,Екатеринбург - Перспективная 14,короба: товары свыше базы,282.777288192,1486
207796563,ELIZAVECCA - Aqua Hyaluronic Acid Water Drop Cream,Кремы,Elizavecca,Коледино,короба: товары ниже базы,281.6,1760
170198835,Enough Collagen Foundation Cover Up Ultra X10 13 тон,Тональные кремы,ENOUGH,Коледино,короба: товары ниже базы,280.8,1755
214977901,JMSOLUTION - Mask Pack Black,Маски тканевые косметические,JMSolution,СПБ Шушары,короба: товары свыше базы,280.053075456,1271
154160085,Etude Baking Powder Crunch Pore Scrub треугольники 30,Скрабы,Etude house,Краснодар,короба: товары свыше базы,278.886672768,1532
437254254,ROUND LAB SOYBEAN PANTHENOL CREAM_80ml,Кремы,round lab,Коледино,короба: товары ниже базы,278.88,1743
207796350,ELIZAVECCA - CER-100  [100ml],Маски косметические,Elizavecca,Краснодар,короба: товары ниже базы,278.66200000000003,2112
238359757,LEBELAGE - High Protection Long Lasting Sun Cream SPF50+ PA+++ [30ml] N,Кремы,Lebelage,Казань,короба: товары ниже базы,276.672,1572
868761530,LANEIGE LIP SLEEPING MASK-BERRY [3g],Бальзамы,LANEIGE,Коледино,короба: товары ниже базы,276.32,1727
214312385,THE ORDINARY - Argireline Solution 10% [30ml],Сыворотки,The ordinary,Коледино,короба: товары ниже базы,274.56,1716
179611304,Petitfee Cacao Energizing Hydrogel Eye Patch,Патчи,Petitfee,Екатеринбург - Перспективная 14,короба: товары ниже базы,274.056,1803
240311751,Робот мойщик окон sBot w250,Роботы-стеклоочистители,SKL TECH,Тула,короба: товары свыше базы,272.9236032,231
207483780,JIGOTT - Birds Nest Firming Cream [70ml],Кремы,Jigott,Тула,короба: товары ниже базы,269.336,2305
151175877,Petitfee Agave Cooling Hydrogel Eye Mask,Патчи,Petitfee,Тула,короба: товары ниже базы,269.056,2102
207476309,FARMSTAY Argan Oil Complete Volume Up Shampoo & Conditioner [530ml],Шампуни,Farm Stay,СПБ Шушары,короба: товары свыше базы,269.0424,790
198147185,Manyo_Complex_Ampoule,Сыворотки,manyo,Екатеринбург - Перспективная 14,короба: товары ниже базы,267.672,1761
151175880,Petitfee Black Pearl & Gold hydrogel Eye Patch,Патчи,Petitfee,Краснодар,короба: товары ниже базы,265.584,2012
419630142,FARMSTAY ESCARGOT NOBLESSE INTENSIVE AMPOULE,Сыворотки,Farm Stay,Краснодар,короба: товары ниже базы,265.452,2011
180988755,Petitfee B-Glucan Deep Firming Eye Mask,Патчи,Petitfee,Краснодар,короба: товары ниже базы,264.132,2001
207796898,ENOUGH - Gold Snail Moisture Foundation [Tone 21],Тональные кремы,ENOUGH,Краснодар,короба: товары ниже базы,263.868,1999
151132051, ENOUGH COLLAGEN 3IN1 13,Тональные кремы,ENOUGH,Коледино,короба: товары ниже базы,262.656,1642
198156698,Manyo_Pure_Cleansing_Oil,Гидрофильные масла,manyo,Екатеринбург - Перспективная 14,короба: товары ниже базы,262.449,1672
212760119,JIGOTT - Ultimate Real Collagen Toner [300ml],Тоники,Jigott,Коледино,короба: товары ниже базы,261.6,1635
198156698,Manyo_Pure_Cleansing_Oil,Гидрофильные масла,manyo,Краснодар,короба: товары ниже базы,258.852,1961
212889027,Enoughcollagenwhiteningcovertip,Корректоры,ENOUGH,Казань,короба: товары ниже базы,258.016,1466
551616449,CELIMAX THE REAL NONI STARTER KIT (NEW) [30ml+10ml+10ml],Косметические наборы для ухода,Celimax,Екатеринбург - Перспективная 14,короба: товары свыше базы,256.82832,1341
437190353,ROUND LAB BIRCH JUICE MOISTURIZING CREAM_80ml,Кремы,round lab,СПБ Шушары,короба: товары ниже базы,255.2,1450
212760119,JIGOTT - Ultimate Real Collagen Toner [300ml],Тоники,Jigott,Краснодар,короба: товары ниже базы,254.892,1931
212720615,ISNTREE - Onion Newpair Gel Cream [50ml],Кремы,Isntree,Коледино,короба: товары ниже базы,252.4305,2487
248928046,SOME BY MI - AHA-BHA-PHA 30 Days Miracle Cleansing Bar [106g],Мыло косметическое,Some by mi,Электросталь,короба: товары ниже базы,252.41600000000003,1856
179611278,Petitfee Artichoke Soothing Hydrogel Eye Mask,Патчи,Petitfee,Екатеринбург - Перспективная 14,короба: товары ниже базы,251.256,1653
868575374,MANYO BIFIDA COMPLEX AMPOULE GEL CLEANSER [400ml],Пенки,manyo,Казань,короба: товары свыше базы,250.95268352,1012
207481251,COSRX Advanced Snail 96 Mucin Power Essence [100ml],Сыворотки,COSRX,Электросталь,короба: товары ниже базы,250.016,1838
419630142,FARMSTAY ESCARGOT NOBLESSE INTENSIVE AMPOULE,Сыворотки,Farm Stay,СПБ Шушары,короба: товары ниже базы,249.216,1416
207475898,FARMSTAY - Collagen Water Full Shampoo & Conditioner [530ml],Шампуни,Farm Stay,Краснодар,короба: товары свыше базы,246.9852,1485
198147185,Manyo_Complex_Ampoule,Сыворотки,manyo,Краснодар,короба: товары ниже базы,245.52,1860
608837066,DEOPROCE SHAMPOO - BLACK GARLIC[600ml] без колпачка,Шампуни,DEOPROCE,Краснодар,короба: товары свыше базы,245.163804072,781
205054338,manyo_bifida_biome_toner,Тоники,manyo,Екатеринбург - Перспективная 14,короба: товары свыше базы,244.583165952,1441
208208674,Рация_UV-82 (1 шт),Радиостанции,Baofeng,СПБ Шушары,короба: товары свыше базы,242.54207999999997,638
214964091,JMSOLUTION - Mask Pack Disney,Маски тканевые косметические,JMSolution,Казань,короба: товары свыше базы,241.2976016,1091
248929125,SOME BY MI - AHA-BHA-PHA 30 Days Miracle Cream [60g],Кремы,Some by mi,Коледино,короба: товары ниже базы,241.12,1507
100680843,sBotW120_100680843,Роботы-стеклоочистители,SKL TECH,Екатеринбург - Перспективная 14,короба: товары свыше базы,241.08945,164
238359400,LEBELAGE - High Protection Extreme Sun Cream SPF50+ PA++ [30ml] N,Кремы,Lebelage,Краснодар,короба: товары ниже базы,239.33100000000002,1817
206126372,I'm Sorry for My Skin Крем Age Capture Vitalizer,Кремы,I'm Sorry for My Skin,Краснодар,короба: товары ниже базы,238.524,1807
180852837,Триммер черный v1,Триммеры,Триммер для бороды,СПБ Шушары,короба: товары свыше базы,237.733056,379
198156472,Manyo_Galac_Vita_Serum,Сыворотки,manyo,Краснодар,короба: товары ниже базы,237.204,1797
183030830,HairSet/350/8*2,Маски косметические,MASIL,Казань,короба: товары свыше базы,236.03712,635
207475898,FARMSTAY - Collagen Water Full Shampoo & Conditioner [530ml],Шампуни,Farm Stay,Екатеринбург - Перспективная 14,короба: товары свыше базы,235.56959999999998,1230
551447345,CELIMAX PORE+DARK SPOT BRIGHTENING CREAM [35ml],Кремы,Celimax,Екатеринбург - Перспективная 14,короба: товары ниже базы,234.38400000000001,1542
179611318,Petitfee Chamomile Lightening Hydrogel Eye Mask,Патчи,Petitfee,Казань,короба: товары ниже базы,234.256,1331
238416010,Enough Collagen Whitening Moisture Cream 3in1 50 N,Кремы,ENOUGH,Электросталь,короба: товары ниже базы,231.9775,2185
608837066,DEOPROCE SHAMPOO - BLACK GARLIC[600ml] без колпачка,Шампуни,DEOPROCE,Казань,короба: товары свыше базы,229.594211616,615
868575374,MANYO BIFIDA COMPLEX AMPOULE GEL CLEANSER [400ml],Пенки,manyo,Екатеринбург - Перспективная 14,короба: товары свыше базы,228.0824448,1065
868516027,Celimax Dual Barrier Creamy Toner,Тоники,Celimax,Тула,короба: товары свыше базы,227.10317414399998,1573
214305722,DEOPROCE SHAMPOO+BALSAM - BLACK GARLIC[2000ml],Шампуни,DEOPROCE,Электросталь,короба: товары свыше базы,225.60971999999998,259
238359400,LEBELAGE - High Protection Extreme Sun Cream SPF50+ PA++ [30ml] N,Кремы,Lebelage,Тула,короба: товары ниже базы,225.547,2835
214304883,DEOPROCE - SNAIL RECOVERY CREAM [100g],Кремы,DEOPROCE,Казань,короба: товары ниже базы,225.28,1280
207483179,JIGOTT - Snail Reparing Cream [100ml],Кремы,Jigott,Краснодар,короба: товары ниже базы,223.212,1691
868575374,MANYO BIFIDA COMPLEX AMPOULE GEL CLEANSER [400ml],Пенки,manyo,Коледино,короба: товары свыше базы,223.179264,990
179611231,Petitfee 98% Collagen & CoQ10 Hydro Gel Eye Patch,Патчи,Petitfee,Коледино,короба: товары ниже базы,221.28,1383
663654300,videokamera4gneww,Камеры видеонаблюдения,Камера видеонаблюдения IP Wi-Fi,Краснодар,короба: товары свыше базы,221.140239936,386
151175877,Petitfee Agave Cooling Hydrogel Eye Mask,Патчи,Petitfee,Краснодар,короба: товары ниже базы,220.904,1834
169198316,Etude House Baking Powder Pore Cleansing Foam 160 ml белая,Скрабы,Etude house,Екатеринбург - Перспективная 14,короба: товары ниже базы,220.2535,1449
207465786,HEIMISH - All Clean Balm Mandarin [120ml],Гидрофильные масла,Heimish,Екатеринбург - Перспективная 14,короба: товары ниже базы,219.87,1396
170198180,Enough Rich Gold Double Wea Radiance Foundation 13 тон,Тональные кремы,ENOUGH,Коледино,короба: товары ниже базы,217.6,1360
611747838,Collagen_Enough_Moisture_Foundation_23,Тональные кремы,ENOUGH,Коледино,короба: товары ниже базы,215.976,1360
176944957,sBotW300,Роботы-стеклоочистители,SKL TECH,Екатеринбург - Перспективная 14,короба: товары свыше базы,215.951100255,106
212719009,DR. JART - Cicapair Tiger Grass Color Correcting Treatment [50ml],CC-кремы,dr.Jart+,Электросталь,короба: товары ниже базы,215.424,1584
437254254,ROUND LAB SOYBEAN PANTHENOL CREAM_80ml,Кремы,round lab,Тула,короба: товары ниже базы,212.864,1663
207482718,JIGOTT - Snail Lifting Cream [70ml],Кремы,Jigott,СПБ Шушары,короба: товары ниже базы,210.848,1198
437797551,ROUND LAB VITA NIACINAMIDE DARK SPOT SERUM 30ml,Сыворотки,round lab,Казань,короба: товары ниже базы,210.672,1197
198156472,Manyo_Galac_Vita_Serum,Сыворотки,manyo,СПБ Шушары,короба: товары ниже базы,210.496,1200
170198180,Enough Rich Gold Double Wea Radiance Foundation 13 тон,Тональные кремы,ENOUGH,Казань,короба: товары ниже базы,210.32,1195
437776835,ROUND LAB PINE CALMING CICA AMPOULE_30ml,Сыворотки,round lab,Коледино,короба: товары ниже базы,205.76000000000002,1286
207796789,ENOUGH - Gold Snail Moisture Foundation [Tone 13],Тональные кремы,ENOUGH,Екатеринбург - Перспективная 14,короба: товары ниже базы,204.76,1347
154160085,Etude Baking Powder Crunch Pore Scrub треугольники 30,Скрабы,Etude house,Екатеринбург - Перспективная 14,короба: товары свыше базы,203.4039211065,947
437254254,ROUND LAB SOYBEAN PANTHENOL CREAM_80ml,Кремы,round lab,Краснодар,короба: товары ниже базы,201.3,1525
154159632,Baking Powder BB Deep Cleansing Foam 3в1 30,Скрабы,Etude house,Краснодар,короба: товары ниже базы,201.208,1512
226115141,PETITFEE - Gold & Snail Hydrogel Mask Pack [5pcs],Маски гидрогелевые,Petitfee,Екатеринбург - Перспективная 14,короба: товары ниже базы,198.208,1304
212757456,JIGOTT - Daily Real Cica Toner [300ml],Тоники,Jigott,Краснодар,короба: товары свыше базы,198.040305408,1168
248929125,SOME BY MI - AHA-BHA-PHA 30 Days Miracle Cream [60g],Кремы,Some by mi,Казань,короба: товары ниже базы,195.184,1109
214964091,JMSOLUTION - Mask Pack Disney,Маски тканевые косметические,JMSolution,Екатеринбург - Перспективная 14,короба: товары свыше базы,191.9701784,1001
210575566,LEBELAGE - Dr. Peptide Derma Eye Cream [40ml],Кремы,Lebelage,Казань,короба: товары ниже базы,191.312,1087
170198180,Enough Rich Gold Double Wea Radiance Foundation 13 тон,Тональные кремы,ENOUGH,Электросталь,короба: товары ниже базы,191.144,1394
611747838,Collagen_Enough_Moisture_Foundation_23,Тональные кремы,ENOUGH,Казань,короба: товары ниже базы,191.136,1086
437845041,ROUND LAB VITA NIACINAMIDE DARK SPOT CREAM 50ml,Кремы,round lab,Екатеринбург - Перспективная 14,короба: товары ниже базы,190.4175,1209
238358009,ENOUGH - Collagen Moisture Sun Cream SPF50+ PA++++ [50ml] N,Кремы,ENOUGH,Краснодар,короба: товары ниже базы,190.344,1442
204258828,COSRX_Salicylic_Acid_Cleanser,Скрабы,COSRX,Казань,короба: товары ниже базы,190.256,1081
207481251,COSRX Advanced Snail 96 Mucin Power Essence [100ml],Сыворотки,COSRX,Казань,короба: товары ниже базы,188.672,1072
868516027,Celimax Dual Barrier Creamy Toner,Тоники,Celimax,СПБ Шушары,короба: товары свыше базы,186.49533672,943
207477077,FARMSTAY - Collagen Water Full Moist Cream [100g],Кремы,farmstay,Краснодар,короба: товары ниже базы,186.38400000000001,1412
150925322,Collagen_Enough_Moisture_Foundation_21,Тональные кремы,ENOUGH,Коледино,короба: товары ниже базы,186.032,1163
180988755,Petitfee B-Glucan Deep Firming Eye Mask,Патчи,Petitfee,Коледино,короба: товары ниже базы,185.44,1159
180711104,Petitfee GOLD,Патчи,Petitfee,Коледино,короба: товары ниже базы,184.96,1156
212753217,JIGOTT - Collagen Healing Cream [100ml],Кремы,Jigott,Коледино,короба: товары ниже базы,184.96,1156
226114935,PETITFEE - Gold Hydrogel Mask Pack [5pcs],Маски гидрогелевые,Petitfee,Тула,короба: товары ниже базы,183.68,1435
868700077,MANYO BIFIDA INFUSION SHOT AMPOULE 1DX [50ml],Сыворотки,manyo,Коледино,короба: товары ниже базы,183.52,1147
154160085,Etude Baking Powder Crunch Pore Scrub треугольники 30,Скрабы,Etude house,Электросталь,короба: товары свыше базы,183.11604264,996
214964091,JMSOLUTION - Mask Pack Disney,Маски тканевые косметические,JMSolution,Краснодар,короба: товары свыше базы,182.0330292,1093
151132051, ENOUGH COLLAGEN 3IN1 13,Тональные кремы,ENOUGH,Тула,короба: товары ниже базы,181.504,1418
437850261,ROUND LAB SOYBEAN CLEANSING OIL_200ml,Гидрофильные масла,round lab,Казань,короба: товары свыше базы,181.466208,1002
207475898,FARMSTAY - Collagen Water Full Shampoo & Conditioner [530ml],Шампуни,Farm Stay,Тула,короба: товары свыше базы,181.10736,1122
212759698,JIGOTT - Moisture Real Aloe Vera Toner [300ml],Тоники,Jigott,Екатеринбург - Перспективная 14,короба: товары ниже базы,180.9675,1149
419630142,FARMSTAY ESCARGOT NOBLESSE INTENSIVE AMPOULE,Сыворотки,Farm Stay,Казань,короба: товары ниже базы,180.752,1027
608841921,DEOPROCE SHAMPOO - BLACK GARLIC[200ml],Шампуни,DEOPROCE,Электросталь,короба: товары ниже базы,179.776,1321
179611318,Petitfee Chamomile Lightening Hydrogel Eye Mask,Патчи,Petitfee,Электросталь,короба: товары ниже базы,178.512,1312
170198337,Enough 8 Peptide Full Cover Perfect Foundation 21 тон,Тональные кремы,ENOUGH,Коледино,короба: товары ниже базы,176.768,1105
169076150,FARMSTAY ESCARGOT NOBLESSE INTENSIVE CREAM,Кремы,farmstay,Екатеринбург - Перспективная 14,короба: товары ниже базы,175.256,1153
437242640,ROUND LAB MUGWORT CALMING CLEANSER_150ml,Пенки,round lab,Краснодар,короба: товары ниже базы,172.392,1291
437242640,ROUND LAB MUGWORT CALMING CLEANSER_150ml,Пенки,round lab,СПБ Шушары,короба: товары ниже базы,172.304,979
205054338,manyo_bifida_biome_toner,Тоники,manyo,Казань,короба: товары свыше базы,171.711885312,874
238358009,ENOUGH - Collagen Moisture Sun Cream SPF50+ PA++++ [50ml] N,Кремы,ENOUGH,Рязань (Тюшевское),короба: товары ниже базы,171.304,1954
198620596,Lamp_white_26cm,Кольцевые лампы,SKL TECH,Тула,короба: товары свыше базы,171.09747647999998,47
207475898,FARMSTAY - Collagen Water Full Shampoo & Conditioner [530ml],Шампуни,Farm Stay,СПБ Шушары,короба: товары свыше базы,170.97696,771
206058262,ELIZAVECCA_galactomyces_Ample,Сыворотки,Elizavecca,Коледино,короба: товары ниже базы,168.32,1052
206057411,ELIZAVECCA_fruit_toner,Тоники,Elizavecca,Коледино,короба: товары ниже базы,167.84,1049
212889028,Enoughcollagenwhiteningcovertip03,Корректоры,ENOUGH,Краснодар,короба: товары ниже базы,167.376,1268
180711041,Petitfee EGF,Патчи,Petitfee,Краснодар,короба: товары ниже базы,166.8225,1295
179611231,Petitfee 98% Collagen & CoQ10 Hydro Gel Eye Patch,Патчи,Petitfee,Екатеринбург - Перспективная 14,короба: товары ниже базы,166.592,1096
154159632,Baking Powder BB Deep Cleansing Foam 3в1 30,Скрабы,Etude house,Казань,короба: товары ниже базы,165.248,943
210579932,LEBELAGE - Dr. Snail Derma Eye Cream [40ml],Кремы,Lebelage,Тула,короба: товары ниже базы,163.36,1273
180711104,Petitfee GOLD,Патчи,Petitfee,Казань,короба: товары ниже базы,163.328,928
236825103,JMSOLUTION-Marine Luminous Pearl Deep Moisture Mask Pearl [1/2/3]*[10ea],Маски тканевые косметические,JMSolution,Тула,короба: товары свыше базы,162.0864,804
255574453,JIGOTT - MASK 15,Маски тканевые косметические,Jigott,Коледино,короба: товары свыше базы,161.4592,848
212883090,JIGOTT - Aura Secret Hyaluronec Acid Toner [300ml],Тоники,Jigott,Тула,короба: товары ниже базы,160.576,1253
608837066,DEOPROCE SHAMPOO - BLACK GARLIC[600ml] без колпачка,Шампуни,DEOPROCE,Коледино,короба: товары свыше базы,160.544964416,418
212889025,Enoughcollagenwhiteningcovertip01,Корректоры,ENOUGH,Коледино,короба: товары ниже базы,160.16,1001
174668134,Пистолет перкуссионный V1,Массажеры электрические,Перкуссионный массажер пистолет,Казань,короба: товары свыше базы,159.00236352000002,308
551607905,CELIMAX JI WOO GAE CICA BHA BLEMISH TONER PAD [170ml / 60pads],Пэды косметические,Celimax,Казань,короба: товары ниже базы,158.928,903
437845041,ROUND LAB VITA NIACINAMIDE DARK SPOT CREAM 50ml,Кремы,round lab,Казань,короба: товары ниже базы,158.576,901
207796439,ELIZAVECCA - Natural 90% Olive Cleansing Oil,Гидрофильные масла,Elizavecca,Тула,короба: товары ниже базы,158.112,1232
180852837,Триммер черный v1,Триммеры,Триммер для бороды,Казань,короба: товары свыше базы,156.188736,249
212889028,Enoughcollagenwhiteningcovertip03,Корректоры,ENOUGH,Казань,короба: товары ниже базы,155.232,882
207796898,ENOUGH - Gold Snail Moisture Foundation [Tone 21],Тональные кремы,ENOUGH,Тула,короба: товары ниже базы,155.072,1192
207476777,FARMSTAY - Collagen Pure Cleansing Foam [180ml],Скрабы,Farm Stay,Казань,короба: товары ниже базы,154.528,878
437776835,ROUND LAB PINE CALMING CICA AMPOULE_30ml,Сыворотки,round lab,Казань,короба: товары ниже базы,153.12,870
207796563,ELIZAVECCA - Aqua Hyaluronic Acid Water Drop Cream,Кремы,Elizavecca,Казань,короба: товары ниже базы,153.12,870
247275092,THE ORDINARY - Glycolic Acid 7% Toning Solution[KOR] [240ml],Тоники,The ordinary,Коледино,короба: товары ниже базы,152.208,960
207481251,COSRX Advanced Snail 96 Mucin Power Essence [100ml],Сыворотки,COSRX,Коледино,короба: товары ниже базы,152.192,958
207483780,JIGOTT - Birds Nest Firming Cream [70ml],Кремы,Jigott,Екатеринбург - Перспективная 14,короба: товары ниже базы,152.1685,1001
437850261,ROUND LAB SOYBEAN CLEANSING OIL_200ml,Гидрофильные масла,round lab,Коледино,короба: товары свыше базы,151.79808,922
340752919,PETITFEE Black Pearl & Gold Hydrogel Eye Patch/Gold Hydrogel Eye Patch,Патчи,Petitfee,Коледино,короба: товары ниже базы,151.408,949
179611207,Petitfee GOLD & SNAIL HYDROGEL EYE PATCH,Патчи,Petitfee,Краснодар,короба: товары ниже базы,151.38,1148
206135397,I'm Sorry For My Skin Age Capture Hydrating,Кремы,I'm Sorry for My Skin,Коледино,короба: товары ниже базы,149.28,933
198147185,Manyo_Complex_Ampoule,Сыворотки,manyo,СПБ Шушары,короба: товары ниже базы,148.192,842
608624295,DEOPROCE SHAMPOO - BLACK GARLIC[600ml] с колпачком,Шампуни,DEOPROCE,Тула,короба: товары свыше базы,147.940903232,640
551518955,CELIMAX THE REAL NONI MOISTURE BALANCING TONER (NEW) [150ml],Тоники,Celimax,Краснодар,короба: товары ниже базы,144.804,1097
207475898,FARMSTAY - Collagen Water Full Shampoo & Conditioner [530ml],Шампуни,Farm Stay,Электросталь,короба: товары свыше базы,143.24688,834
226117746,PETITFEE - Chamomile Lightening Hydrogel Mask Pack [5pcs],Маски гидрогелевые,Petitfee,Краснодар,короба: товары ниже базы,141.504,1072
212889025,Enoughcollagenwhiteningcovertip01,Корректоры,ENOUGH,Краснодар,короба: товары ниже базы,139.524,1057
210579932,LEBELAGE - Dr. Snail Derma Eye Cream [40ml],Кремы,Lebelage,Казань,короба: товары ниже базы,139.216,791
212759698,JIGOTT - Moisture Real Aloe Vera Toner [300ml],Тоники,Jigott,Казань,короба: товары ниже базы,138.864,789
174668134,Пистолет перкуссионный V1,Массажеры электрические,Перкуссионный массажер пистолет,Электросталь,короба: товары свыше базы,138.82201632,348
207477077,FARMSTAY - Collagen Water Full Moist Cream [100g],Кремы,farmstay,Казань,короба: товары ниже базы,137.28,780
207477077,FARMSTAY - Collagen Water Full Moist Cream [100g],Кремы,farmstay,Коледино,короба: товары ниже базы,137.136,857
437850261,ROUND LAB SOYBEAN CLEANSING OIL_200ml,Гидрофильные масла,round lab,Тула,короба: товары свыше базы,136.668693,1053
214305705,DEOPROCE SHAMPOO - ARGAN SILKY MOISTURE [1000ml],Шампуни,DEOPROCE,Коледино,короба: товары свыше базы,135.904,274
212889027,Enoughcollagenwhiteningcovertip,Корректоры,ENOUGH,Екатеринбург - Перспективная 14,короба: товары ниже базы,135.5825,890
868575374,MANYO BIFIDA COMPLEX AMPOULE GEL CLEANSER [400ml],Пенки,manyo,Краснодар,короба: товары свыше базы,135.58140288,729
437190353,ROUND LAB BIRCH JUICE MOISTURIZING CREAM_80ml,Кремы,round lab,Краснодар,короба: товары ниже базы,134.112,1016
226115324,PETITFEE - Agave Cooling Hydrogel Face Mask [5pcs],Маски гидрогелевые,Petitfee,Казань,короба: товары свыше базы,133.163892224,723
551518955,CELIMAX THE REAL NONI MOISTURE BALANCING TONER (NEW) [150ml],Тоники,Celimax,Казань,короба: товары ниже базы,132.70399999999998,754
207818642,LEBELAGE - Dr. Hyaluronic Derma Eye Cream [40ml],Кремы,Lebelage,Коледино,короба: товары ниже базы,132.0,825
180992464,PETITFEE Aura Quartz Hydrogel Eye Mask Pure Opal,Патчи,Petitfee,Краснодар,короба: товары ниже базы,131.814,1079
551392965,CELIMAX DUAL BARRIER SKIN WEARABLE CREAM [50ml],Кремы,Celimax,Краснодар,короба: товары ниже базы,130.812,991
608841921,DEOPROCE SHAMPOO - BLACK GARLIC[200ml],Шампуни,DEOPROCE,Краснодар,короба: товары ниже базы,130.28400000000002,987
551518955,CELIMAX THE REAL NONI MOISTURE BALANCING TONER (NEW) [150ml],Тоники,Celimax,Екатеринбург - Перспективная 14,короба: товары ниже базы,128.9925,819
198156472,Manyo_Galac_Vita_Serum,Сыворотки,manyo,Екатеринбург - Перспективная 14,короба: товары ниже базы,128.104,842
437154709,ROUND LAB 1025 DOKDO CLEANSER_150ml,Пенки,round lab,Тула,короба: товары свыше базы,126.1163784,751
183030830,HairSet/350/8*2,Маски косметические,MASIL,Краснодар,короба: товары свыше базы,125.731584,451
214304883,DEOPROCE - SNAIL RECOVERY CREAM [100g],Кремы,DEOPROCE,Электросталь,короба: товары ниже базы,124.048,910
226114935,PETITFEE - Gold Hydrogel Mask Pack [5pcs],Маски гидрогелевые,Petitfee,Екатеринбург - Перспективная 14,короба: товары ниже базы,123.688,814
179611318,Petitfee Chamomile Lightening Hydrogel Eye Mask,Патчи,Petitfee,Краснодар,короба: товары ниже базы,121.836,923
190160008,Elizavecca Milky Piggy EGF elastic retinol [100ml],Кремы,Elizavecca,Электросталь,короба: товары ниже базы,121.584,894
179611231,Petitfee 98% Collagen & CoQ10 Hydro Gel Eye Patch,Патчи,Petitfee,Казань,короба: товары ниже базы,121.088,688
226115141,PETITFEE - Gold & Snail Hydrogel Mask Pack [5pcs],Маски гидрогелевые,Petitfee,Краснодар,короба: товары ниже базы,118.668,899
207818642,LEBELAGE - Dr. Hyaluronic Derma Eye Cream [40ml],Кремы,Lebelage,Краснодар,короба: товары ниже базы,117.61200000000001,891
212753217,JIGOTT - Collagen Healing Cream [100ml],Кремы,Jigott,Казань,короба: товары ниже базы,117.568,668
207796439,ELIZAVECCA - Natural 90% Olive Cleansing Oil,Гидрофильные масла,Elizavecca,Екатеринбург - Перспективная 14,короба: товары ниже базы,117.208,771
170198109,Enough Rich Gold Double Wea Radiance Foundation 21 тон,Тональные кремы,ENOUGH,Краснодар,короба: товары ниже базы,117.084,887
170198738,Enough 8 Peptide Full Cover Perfect Foundation 13 тон,Тональные кремы,ENOUGH,Краснодар,короба: товары ниже базы,116.82000000000001,885
226117746,PETITFEE - Chamomile Lightening Hydrogel Mask Pack [5pcs],Маски гидрогелевые,Petitfee,Коледино,короба: товары ниже базы,115.488,723
212889027,Enoughcollagenwhiteningcovertip,Корректоры,ENOUGH,Коледино,короба: товары ниже базы,115.072,719
551518955,CELIMAX THE REAL NONI MOISTURE BALANCING TONER (NEW) [150ml],Тоники,Celimax,Коледино,короба: товары ниже базы,114.72,717
207464799,HEIMISH - All Clean Balm [120ml],Гидрофильные масла,Heimish,Казань,короба: товары ниже базы,112.64,640
180852837,Триммер черный v1,Триммеры,Триммер для бороды,Краснодар,короба: товары свыше базы,112.437072,239
180988755,Petitfee B-Glucan Deep Firming Eye Mask,Патчи,Petitfee,Екатеринбург - Перспективная 14,короба: товары ниже базы,111.7485,729
170198835,Enough Collagen Foundation Cover Up Ultra X10 13 тон,Тональные кремы,ENOUGH,Казань,короба: товары ниже базы,111.562,718
608624295,DEOPROCE SHAMPOO - BLACK GARLIC[600ml] с колпачком,Шампуни,DEOPROCE,Электросталь,короба: товары свыше базы,111.365107968,456
608837066,DEOPROCE SHAMPOO - BLACK GARLIC[600ml] без колпачка,Шампуни,DEOPROCE,СПБ Шушары,короба: товары свыше базы,110.744515904,262
238358009,ENOUGH - Collagen Moisture Sun Cream SPF50+ PA++++ [50ml] N,Кремы,ENOUGH,Екатеринбург - Перспективная 14,короба: товары ниже базы,110.656,728
551607905,CELIMAX JI WOO GAE CICA BHA BLEMISH TONER PAD [170ml / 60pads],Пэды косметические,Celimax,Коледино,короба: товары ниже базы,110.56,691
551607905,CELIMAX JI WOO GAE CICA BHA BLEMISH TONER PAD [170ml / 60pads],Пэды косметические,Celimax,Тула,короба: товары ниже базы,110.496,849
179611207,Petitfee GOLD & SNAIL HYDROGEL EYE PATCH,Патчи,Petitfee,Екатеринбург - Перспективная 14,короба: товары ниже базы,110.2,725
207796563,ELIZAVECCA - Aqua Hyaluronic Acid Water Drop Cream,Кремы,Elizavecca,Электросталь,короба: товары ниже базы,109.9245,825
170198835,Enough Collagen Foundation Cover Up Ultra X10 13 тон,Тональные кремы,ENOUGH,Краснодар,короба: товары ниже базы,109.7935,832
214304883,DEOPROCE - SNAIL RECOVERY CREAM [100g],Кремы,DEOPROCE,Екатеринбург - Перспективная 14,короба: товары ниже базы,109.30499999999999,694
238359400,LEBELAGE - High Protection Extreme Sun Cream SPF50+ PA++ [30ml] N,Кремы,Lebelage,Электросталь,короба: товары ниже базы,109.289,1325
212889028,Enoughcollagenwhiteningcovertip03,Корректоры,ENOUGH,Коледино,короба: товары ниже базы,109.12,682
226117746,PETITFEE - Chamomile Lightening Hydrogel Mask Pack [5pcs],Маски гидрогелевые,Petitfee,Екатеринбург - Перспективная 14,короба: товары ниже базы,106.824,702
238358009,ENOUGH - Collagen Moisture Sun Cream SPF50+ PA++++ [50ml] N,Кремы,ENOUGH,Коледино,короба: товары ниже базы,106.72,667
437776835,ROUND LAB PINE CALMING CICA AMPOULE_30ml,Сыворотки,round lab,Тула,короба: товары ниже базы,106.17599999999999,828
179611231,Petitfee 98% Collagen & CoQ10 Hydro Gel Eye Patch,Патчи,Petitfee,Краснодар,короба: товары ниже базы,105.468,799
437776835,ROUND LAB PINE CALMING CICA AMPOULE_30ml,Сыворотки,round lab,Екатеринбург - Перспективная 14,короба: товары ниже базы,105.336,693
198156698,Manyo_Pure_Cleansing_Oil,Гидрофильные масла,manyo,Тула,короба: товары ниже базы,105.168,818
226114935,PETITFEE - Gold Hydrogel Mask Pack [5pcs],Маски гидрогелевые,Petitfee,Казань,короба: товары ниже базы,104.896,596
179611318,Petitfee Chamomile Lightening Hydrogel Eye Mask,Патчи,Petitfee,Коледино,короба: товары ниже базы,104.608,654
207796439,ELIZAVECCA - Natural 90% Olive Cleansing Oil,Гидрофильные масла,Elizavecca,СПБ Шушары,короба: товары ниже базы,104.544,594
437242640,ROUND LAB MUGWORT CALMING CLEANSER_150ml,Пенки,round lab,Тула,короба: товары ниже базы,104.06400000000001,813
206135397,I'm Sorry For My Skin Age Capture Hydrating,Кремы,I'm Sorry for My Skin,Казань,короба: товары ниже базы,103.84,590
226115141,PETITFEE - Gold & Snail Hydrogel Mask Pack [5pcs],Маски гидрогелевые,Petitfee,Тула,короба: товары ниже базы,101.248,764
207469760,FARMSTAY - Gold Snail Premium Cream [50ml],Кремы,farmstay,Краснодар,короба: товары ниже базы,100.584,762
208208674,Рация_UV-82 (1 шт),Радиостанции,Baofeng,Коледино,короба: товары свыше базы,100.224,290
611745490,ENOUGH Collagen whitening cover tip concealer #03,Корректоры,ENOUGH,Тула,короба: товары ниже базы,99.328,776
207796439,ELIZAVECCA - Natural 90% Olive Cleansing Oil,Гидрофильные масла,Elizavecca,Краснодар,короба: товары ниже базы,98.868,749
210575566,LEBELAGE - Dr. Peptide Derma Eye Cream [40ml],Кремы,Lebelage,Краснодар,короба: товары ниже базы,97.944,742
180852804,Скалер белый v1,Скалеры,FETLAR,Электросталь,короба: товары свыше базы,96.866,518
170198876,Enough Collagen Foundation Cover Up Ultra X10 21 тон,Тональные кремы,ENOUGH,Тула,короба: товары ниже базы,96.64,755
176945700,sBotW400,Роботы-стеклоочистители,SKL TECH,Тула,короба: товары свыше базы,96.396686496,91
169076150,FARMSTAY ESCARGOT NOBLESSE INTENSIVE CREAM,Кремы,farmstay,СПБ Шушары,короба: товары ниже базы,96.048,546
226117746,PETITFEE - Chamomile Lightening Hydrogel Mask Pack [5pcs],Маски гидрогелевые,Petitfee,Тула,короба: товары ниже базы,95.68,747
437776835,ROUND LAB PINE CALMING CICA AMPOULE_30ml,Сыворотки,round lab,Краснодар,короба: товары ниже базы,95.584,722
180852837,Триммер черный v1,Триммеры,Триммер для бороды,Электросталь,короба: товары свыше базы,95.486688,197
210579932,LEBELAGE - Dr. Snail Derma Eye Cream [40ml],Кремы,Lebelage,Коледино,короба: товары ниже базы,94.24,589
868700077,MANYO BIFIDA INFUSION SHOT AMPOULE 1DX [50ml],Сыворотки,manyo,Краснодар,короба: товары ниже базы,92.664,702
868575374,MANYO BIFIDA COMPLEX AMPOULE GEL CLEANSER [400ml],Пенки,manyo,Тула,короба: товары свыше базы,92.60812288,513
174668134,Пистолет перкуссионный V1,Массажеры электрические,Перкуссионный массажер пистолет,Воронеж,короба: товары свыше базы,92.54801088,232
868516027,Celimax Dual Barrier Creamy Toner,Тоники,Celimax,Екатеринбург - Перспективная 14,короба: товары ниже базы,92.26400000000001,607
170198109,Enough Rich Gold Double Wea Radiance Foundation 21 тон,Тональные кремы,ENOUGH,СПБ Шушары,короба: товары ниже базы,91.872,522
236825103,JMSOLUTION-Marine Luminous Pearl Deep Moisture Mask Pearl [1/2/3]*[10ea],Маски тканевые косметические,JMSolution,Коледино,короба: товары свыше базы,90.972,361
207476777,FARMSTAY - Collagen Pure Cleansing Foam [180ml],Скрабы,Farm Stay,Екатеринбург - Перспективная 14,короба: товары ниже базы,88.816,584
238413828,ENOUGH collagen moisture BB Cream SPF47 PA+++ N,Кремы,ENOUGH,Коледино,короба: товары ниже базы,88.48,553
238359757,LEBELAGE - High Protection Long Lasting Sun Cream SPF50+ PA+++ [30ml] N,Кремы,Lebelage,СПБ Шушары,короба: товары ниже базы,87.824,499
151132051, ENOUGH COLLAGEN 3IN1 13,Тональные кремы,ENOUGH,Краснодар,короба: товары ниже базы,87.12,660
214312149,SKIN1004 - Madagascar Centella Hyalu-Cica Sleeping Pack [30ml],Кремы,SKIN1004,Екатеринбург - Перспективная 14,короба: товары ниже базы,87.0975,553
176944957,sBotW300,Роботы-стеклоочистители,SKL TECH,Электросталь,короба: товары свыше базы,86.58943128,49
868516027,Celimax Dual Barrier Creamy Toner,Тоники,Celimax,Казань,короба: товары ниже базы,85.36,485
207818642,LEBELAGE - Dr. Hyaluronic Derma Eye Cream [40ml],Кремы,Lebelage,Электросталь,короба: товары ниже базы,85.136,626
214304883,DEOPROCE - SNAIL RECOVERY CREAM [100g],Кремы,DEOPROCE,Краснодар,короба: товары ниже базы,85.008,644
179611318,Petitfee Chamomile Lightening Hydrogel Eye Mask,Патчи,Petitfee,Тула,короба: товары ниже базы,84.864,663
238358009,ENOUGH - Collagen Moisture Sun Cream SPF50+ PA++++ [50ml] N,Кремы,ENOUGH,Казань,короба: товары ниже базы,84.48,480
214312149,SKIN1004 - Madagascar Centella Hyalu-Cica Sleeping Pack [30ml],Кремы,SKIN1004,Казань,короба: товары ниже базы,84.304,479
207483179,JIGOTT - Snail Reparing Cream [100ml],Кремы,Jigott,СПБ Шушары,короба: товары ниже базы,83.6,475
180987509,Petitfee Pink Vita Brightening Eye Mask,Патчи,Petitfee,Краснодар,короба: товары ниже базы,83.26400000000001,738
868516027,Celimax Dual Barrier Creamy Toner,Тоники,Celimax,Тула,короба: товары ниже базы,83.2,650
180987509,Petitfee Pink Vita Brightening Eye Mask,Патчи,Petitfee,Казань,короба: товары ниже базы,82.72,470
551472457,CELIMAX THE REAL NONI ENERGY AMPOULE_30ML (NEW) [30ml],Сыворотки,Celimax,Электросталь,короба: товары ниже базы,82.6525,631
212883090,JIGOTT - Aura Secret Hyaluronec Acid Toner [300ml],Тоники,Jigott,Электросталь,короба: товары ниже базы,82.616,602
437845041,ROUND LAB VITA NIACINAMIDE DARK SPOT CREAM 50ml,Кремы,round lab,Тула,короба: товары ниже базы,82.488,638
437190353,ROUND LAB BIRCH JUICE MOISTURIZING CREAM_80ml,Кремы,round lab,Екатеринбург - Перспективная 14,короба: товары ниже базы,81.776,538
212753217,JIGOTT - Collagen Healing Cream [100ml],Кремы,Jigott,Краснодар,короба: товары ниже базы,81.444,617
212889025,Enoughcollagenwhiteningcovertip01,Корректоры,ENOUGH,Казань,короба: товары ниже базы,80.608,458
169198316,Etude House Baking Powder Pore Cleansing Foam 160 ml белая,Скрабы,Etude house,Краснодар,короба: товары ниже базы,79.596,603
190159348,Elizavecca 24k gold snail Cleansing Foam 180ml,Скрабы,Elizavecca,Электросталь,короба: товары ниже базы,79.152,582
212889025,Enoughcollagenwhiteningcovertip01,Корректоры,ENOUGH,Екатеринбург - Перспективная 14,короба: товары ниже базы,79.114,516
608841921,DEOPROCE SHAMPOO - BLACK GARLIC[200ml],Шампуни,DEOPROCE,Екатеринбург - Перспективная 14,короба: товары ниже базы,78.619,516
183030830,HairSet/350/8*2,Маски косметические,MASIL,Коледино,короба: товары свыше базы,78.39744,232
207477077,FARMSTAY - Collagen Water Full Moist Cream [100g],Кремы,farmstay,СПБ Шушары,короба: товары ниже базы,77.44,440
868516027,Celimax Dual Barrier Creamy Toner,Тоники,Celimax,Краснодар,короба: товары ниже базы,76.956,583
207818642,LEBELAGE - Dr. Hyaluronic Derma Eye Cream [40ml],Кремы,Lebelage,Казань,короба: товары ниже базы,76.73599999999999,436
551607905,CELIMAX JI WOO GAE CICA BHA BLEMISH TONER PAD [170ml / 60pads],Пэды косметические,Celimax,Краснодар,короба: товары ниже базы,76.556,580
207483179,JIGOTT - Snail Reparing Cream [100ml],Кремы,Jigott,Екатеринбург - Перспективная 14,короба: товары ниже базы,76.304,502
226115324,PETITFEE - Agave Cooling Hydrogel Face Mask [5pcs],Маски гидрогелевые,Petitfee,Екатеринбург - Перспективная 14,короба: товары свыше базы,76.157627648,459
551518955,CELIMAX THE REAL NONI MOISTURE BALANCING TONER (NEW) [150ml],Тоники,Celimax,Электросталь,короба: товары ниже базы,75.661,580
611745490,ENOUGH Collagen whitening cover tip concealer #03,Корректоры,ENOUGH,Краснодар,короба: товары ниже базы,75.504,572
608841921,DEOPROCE SHAMPOO - BLACK GARLIC[200ml],Шампуни,DEOPROCE,Коледино,короба: товары ниже базы,74.8435,718
437254254,ROUND LAB SOYBEAN PANTHENOL CREAM_80ml,Кремы,round lab,СПБ Шушары,короба: товары ниже базы,74.096,421
165002270,ENOUGH collagen moisture BB Cream SPF47 PA+++ BB,Кремы,ENOUGH,Екатеринбург - Перспективная 14,короба: товары ниже базы,73.872,486
207483179,JIGOTT - Snail Reparing Cream [100ml],Кремы,Jigott,Тула,короба: товары ниже базы,73.472,574
555213580,dm7dm5-50,Фигурки и статуэтки,Дед Мороз Фигурка,Коледино,короба: товары свыше базы,73.36647359999999,29
608841921,DEOPROCE SHAMPOO - BLACK GARLIC[200ml],Шампуни,DEOPROCE,Казань,короба: товары ниже базы,73.04,415
551447345,CELIMAX PORE+DARK SPOT BRIGHTENING CREAM [35ml],Кремы,Celimax,Электросталь,короба: товары ниже базы,72.224,521
207796563,ELIZAVECCA - Aqua Hyaluronic Acid Water Drop Cream,Кремы,Elizavecca,Тула,короба: товары ниже базы,71.874,897
437242640,ROUND LAB MUGWORT CALMING CLEANSER_150ml,Пенки,round lab,Казань,короба: товары ниже базы,70.576,401
437845041,ROUND LAB VITA NIACINAMIDE DARK SPOT CREAM 50ml,Кремы,round lab,Коледино,короба: товары ниже базы,70.56,448
212889027,Enoughcollagenwhiteningcovertip,Корректоры,ENOUGH,Краснодар,короба: товары ниже базы,70.559,535
170198109,Enough Rich Gold Double Wea Radiance Foundation 21 тон,Тональные кремы,ENOUGH,Коледино,короба: товары ниже базы,70.469,452
340752919,PETITFEE Black Pearl & Gold Hydrogel Eye Patch/Gold Hydrogel Eye Patch,Патчи,Petitfee,Казань,короба: товары ниже базы,69.52,395
207469760,FARMSTAY - Gold Snail Premium Cream [50ml],Кремы,farmstay,СПБ Шушары,короба: товары ниже базы,69.29599999999999,394
611744611,ENOUGH Collagen whitening cover tip concealer #02,Корректоры,ENOUGH,Краснодар,короба: товары ниже базы,69.036,523
174668134,Пистолет перкуссионный V1,Массажеры электрические,Перкуссионный массажер пистолет,Краснодар,короба: товары свыше базы,68.95343052,178
214311963,SKIN1004 - Madagascar Centella Ampoule [30ml],Сыворотки,SKIN1004,Казань,короба: товары ниже базы,68.64,390
214964091,JMSOLUTION - Mask Pack Disney,Маски тканевые косметические,JMSolution,СПБ Шушары,короба: товары свыше базы,67.9501152,306
214304883,DEOPROCE - SNAIL RECOVERY CREAM [100g],Кремы,DEOPROCE,Коледино,короба: товары ниже базы,67.68,423
151175877,Petitfee Agave Cooling Hydrogel Eye Mask,Патчи,Petitfee,СПБ Шушары,короба: товары ниже базы,67.232,382
340752919,PETITFEE Black Pearl & Gold Hydrogel Eye Patch/Gold Hydrogel Eye Patch,Патчи,Petitfee,Электросталь,короба: товары ниже базы,66.91199999999999,492
151175880,Petitfee Black Pearl & Gold hydrogel Eye Patch,Патчи,Petitfee,Екатеринбург - Перспективная 14,короба: товары ниже базы,66.896,440
207796898,ENOUGH - Gold Snail Moisture Foundation [Tone 21],Тональные кремы,ENOUGH,Коледино,короба: товары ниже базы,66.56,416
205054338,manyo_bifida_biome_toner,Тоники,manyo,Коледино,короба: товары свыше базы,66.26285568,371
206058262,ELIZAVECCA_galactomyces_Ample,Сыворотки,Elizavecca,Электросталь,короба: товары ниже базы,66.1935,501
868700077,MANYO BIFIDA INFUSION SHOT AMPOULE 1DX [50ml],Сыворотки,manyo,Казань,короба: товары ниже базы,65.296,371
179611304,Petitfee Cacao Energizing Hydrogel Eye Patch,Патчи,Petitfee,Тула,короба: товары ниже базы,65.28,510
214312149,SKIN1004 - Madagascar Centella Hyalu-Cica Sleeping Pack [30ml],Кремы,SKIN1004,Краснодар,короба: товары ниже базы,64.68,490
151175880,Petitfee Black Pearl & Gold hydrogel Eye Patch,Патчи,Petitfee,СПБ Шушары,короба: товары ниже базы,64.592,367
611744611,ENOUGH Collagen whitening cover tip concealer #02,Корректоры,ENOUGH,Тула,короба: товары ниже базы,64.384,503
207477077,FARMSTAY - Collagen Water Full Moist Cream [100g],Кремы,farmstay,Тула,короба: товары ниже базы,64.288,495
180711104,Petitfee GOLD,Патчи,Petitfee,СПБ Шушары,короба: товары ниже базы,64.24,365
214305705,DEOPROCE SHAMPOO - ARGAN SILKY MOISTURE [1000ml],Шампуни,DEOPROCE,Краснодар,короба: товары свыше базы,61.7892,151
247275092,THE ORDINARY - Glycolic Acid 7% Toning Solution[KOR] [240ml],Тоники,The ordinary,Казань,короба: товары ниже базы,61.6,350
868761530,LANEIGE LIP SLEEPING MASK-BERRY [3g],Бальзамы,LANEIGE,Краснодар,короба: товары ниже базы,61.512,466
226115141,PETITFEE - Gold & Snail Hydrogel Mask Pack [5pcs],Маски гидрогелевые,Petitfee,Электросталь,короба: товары ниже базы,61.472,452
340752919,PETITFEE Black Pearl & Gold Hydrogel Eye Patch/Gold Hydrogel Eye Patch,Патчи,Petitfee,Екатеринбург - Перспективная 14,короба: товары ниже базы,61.425,390
437797551,ROUND LAB VITA NIACINAMIDE DARK SPOT SERUM 30ml,Сыворотки,round lab,Тула,короба: товары ниже базы,60.288000000000004,470
214312149,SKIN1004 - Madagascar Centella Hyalu-Cica Sleeping Pack [30ml],Кремы,SKIN1004,Коледино,короба: товары ниже базы,59.52,372
180992464,PETITFEE Aura Quartz Hydrogel Eye Mask Pure Opal,Патчи,Petitfee,Казань,короба: товары ниже базы,59.136,336
207464799,HEIMISH - All Clean Balm [120ml],Гидрофильные масла,Heimish,Екатеринбург - Перспективная 14,короба: товары ниже базы,59.0,388
238359400,LEBELAGE - High Protection Extreme Sun Cream SPF50+ PA++ [30ml] N,Кремы,Lebelage,Казань,короба: товары ниже базы,58.656,356
551607905,CELIMAX JI WOO GAE CICA BHA BLEMISH TONER PAD [170ml / 60pads],Пэды косметические,Celimax,Екатеринбург - Перспективная 14,короба: товары ниже базы,58.12,381
608841921,DEOPROCE SHAMPOO - BLACK GARLIC[200ml],Шампуни,DEOPROCE,СПБ Шушары,короба: товары ниже базы,58.080000000000005,330
170198738,Enough 8 Peptide Full Cover Perfect Foundation 13 тон,Тональные кремы,ENOUGH,Екатеринбург - Перспективная 14,короба: товары ниже базы,57.728,379
247275092,THE ORDINARY - Glycolic Acid 7% Toning Solution[KOR] [240ml],Тоники,The ordinary,Екатеринбург - Перспективная 14,короба: товары ниже базы,57.4875,365
238359757,LEBELAGE - High Protection Long Lasting Sun Cream SPF50+ PA+++ [30ml] N,Кремы,Lebelage,Тула,короба: товары ниже базы,57.376,440
180711041,Petitfee EGF,Патчи,Petitfee,Екатеринбург - Перспективная 14,короба: товары ниже базы,56.6385,366
154160085,Etude Baking Powder Crunch Pore Scrub треугольники 30,Скрабы,Etude house,Тула,короба: товары свыше базы,56.383632479999996,284
214311963,SKIN1004 - Madagascar Centella Ampoule [30ml],Сыворотки,SKIN1004,Екатеринбург - Перспективная 14,короба: товары ниже базы,55.2825,351
551607905,CELIMAX JI WOO GAE CICA BHA BLEMISH TONER PAD [170ml / 60pads],Пэды косметические,Celimax,СПБ Шушары,короба: товары ниже базы,55.088,313
190160008,Elizavecca Milky Piggy EGF elastic retinol [100ml],Кремы,Elizavecca,Екатеринбург - Перспективная 14,короба: товары ниже базы,54.495,346
180711041,Petitfee EGF,Патчи,Petitfee,Коледино,короба: товары ниже базы,54.08,338
208202076,EKEL Ampule Сream Сollagen [70ml],Кремы,EKEL,Екатеринбург - Перспективная 14,короба: товары ниже базы,53.5685,340
214311963,SKIN1004 - Madagascar Centella Ampoule [30ml],Сыворотки,SKIN1004,Краснодар,короба: товары ниже базы,52.800000000000004,400
307073881,ETUDE Baking Powder BB Deep Cleansing Foam 160 мл N,Скрабы,Etude house,Краснодар,короба: товары ниже базы,52.552,396
180987509,Petitfee Pink Vita Brightening Eye Mask,Патчи,Petitfee,Коледино,короба: товары ниже базы,51.2,320
551472457,CELIMAX THE REAL NONI ENERGY AMPOULE_30ML (NEW) [30ml],Сыворотки,Celimax,Краснодар,короба: товары ниже базы,50.82,385
207476777,FARMSTAY - Collagen Pure Cleansing Foam [180ml],Скрабы,Farm Stay,Тула,короба: товары ниже базы,50.688,396
180992464,PETITFEE Aura Quartz Hydrogel Eye Mask Pure Opal,Патчи,Petitfee,Коледино,короба: товары ниже базы,50.3965,436
205054338,manyo_bifida_biome_toner,Тоники,manyo,Краснодар,короба: товары свыше базы,50.183843328,341
247275092,THE ORDINARY - Glycolic Acid 7% Toning Solution[KOR] [240ml],Тоники,The ordinary,Краснодар,короба: товары ниже базы,49.632000000000005,376
212753217,JIGOTT - Collagen Healing Cream [100ml],Кремы,Jigott,Тула,короба: товары ниже базы,49.408,386
154160085,Etude Baking Powder Crunch Pore Scrub треугольники 30,Скрабы,Etude house,СПБ Шушары,короба: товары свыше базы,48.383148528,239
238359757,LEBELAGE - High Protection Long Lasting Sun Cream SPF50+ PA+++ [30ml] N,Кремы,Lebelage,Екатеринбург - Перспективная 14,короба: товары ниже базы,47.936,315
190159348,Elizavecca 24k gold snail Cleansing Foam 180ml,Скрабы,Elizavecca,Коледино,короба: товары ниже базы,47.36,296
247275092,THE ORDINARY - Glycolic Acid 7% Toning Solution[KOR] [240ml],Тоники,The ordinary,Электросталь,короба: товары ниже базы,46.92,345
176945700,sBotW400,Роботы-стеклоочистители,SKL TECH,Краснодар,короба: товары свыше базы,46.779774624,43
180852804,Скалер белый v1,Скалеры,FETLAR,Казань,короба: товары свыше базы,46.705999999999996,193
248928046,SOME BY MI - AHA-BHA-PHA 30 Days Miracle Cleansing Bar [106g],Мыло косметическое,Some by mi,Казань,короба: товары ниже базы,46.288,263
206126372,I'm Sorry for My Skin Крем Age Capture Vitalizer,Кремы,I'm Sorry for My Skin,Тула,короба: товары ниже базы,45.568,356
868700077,MANYO BIFIDA INFUSION SHOT AMPOULE 1DX [50ml],Сыворотки,manyo,Екатеринбург - Перспективная 14,короба: товары ниже базы,45.008,295
210575566,LEBELAGE - Dr. Peptide Derma Eye Cream [40ml],Кремы,Lebelage,Екатеринбург - Перспективная 14,короба: товары ниже базы,44.236000000000004,289
212889028,Enoughcollagenwhiteningcovertip03,Корректоры,ENOUGH,Екатеринбург - Перспективная 14,короба: товары ниже базы,44.0765,289
176944957,sBotW300,Роботы-стеклоочистители,SKL TECH,Тула,короба: товары свыше базы,44.06875704,25
212757456,JIGOTT - Daily Real Cica Toner [300ml],Тоники,Jigott,СПБ Шушары,короба: товары свыше базы,43.858241152000005,194
208208674,Рация_UV-82 (1 шт),Радиостанции,Baofeng,Краснодар,короба: товары свыше базы,43.62336,153
183030830,HairSet/350/8*2,Маски косметические,MASIL,Тула,короба: товары свыше базы,43.25376,160
206058262,ELIZAVECCA_galactomyces_Ample,Сыворотки,Elizavecca,Краснодар,короба: товары ниже базы,43.164,327
210579932,LEBELAGE - Dr. Snail Derma Eye Cream [40ml],Кремы,Lebelage,Краснодар,короба: товары ниже базы,42.504,322
214312385,THE ORDINARY - Argireline Solution 10% [30ml],Сыворотки,The ordinary,Казань,короба: товары ниже базы,42.24,240
206126372,I'm Sorry for My Skin Крем Age Capture Vitalizer,Кремы,I'm Sorry for My Skin,Екатеринбург - Перспективная 14,короба: товары ниже базы,41.895,266
214311963,SKIN1004 - Madagascar Centella Ampoule [30ml],Сыворотки,SKIN1004,Коледино,короба: товары ниже базы,41.44,259
170198109,Enough Rich Gold Double Wea Radiance Foundation 21 тон,Тональные кремы,ENOUGH,Екатеринбург - Перспективная 14,короба: товары ниже базы,41.368,272
868516027,Celimax Dual Barrier Creamy Toner,Тоники,Celimax,СПБ Шушары,короба: товары ниже базы,41.316,235
206057411,ELIZAVECCA_fruit_toner,Тоники,Elizavecca,Екатеринбург - Перспективная 14,короба: товары ниже базы,41.192,271
551447345,CELIMAX PORE+DARK SPOT BRIGHTENING CREAM [35ml],Кремы,Celimax,СПБ Шушары,короба: товары ниже базы,41.184,234
179611304,Petitfee Cacao Energizing Hydrogel Eye Patch,Патчи,Petitfee,СПБ Шушары,короба: товары ниже базы,40.48,230
204258828,COSRX_Salicylic_Acid_Cleanser,Скрабы,COSRX,Краснодар,короба: товары ниже базы,40.392,306
180988755,Petitfee B-Glucan Deep Firming Eye Mask,Патчи,Petitfee,СПБ Шушары,короба: товары ниже базы,39.072,222
207477077,FARMSTAY - Collagen Water Full Moist Cream [100g],Кремы,farmstay,Электросталь,короба: товары ниже базы,38.76,285
226115324,PETITFEE - Agave Cooling Hydrogel Face Mask [5pcs],Маски гидрогелевые,Petitfee,СПБ Шушары,короба: товары свыше базы,38.546573824,211
608837066,DEOPROCE SHAMPOO - BLACK GARLIC[600ml] без колпачка,Шампуни,DEOPROCE,Тула,короба: товары свыше базы,37.962251776,170
437850261,ROUND LAB SOYBEAN CLEANSING OIL_200ml,Гидрофильные масла,round lab,Краснодар,короба: товары свыше базы,37.896012,279
437776835,ROUND LAB PINE CALMING CICA AMPOULE_30ml,Сыворотки,round lab,СПБ Шушары,короба: товары ниже базы,37.839999999999996,215
206057411,ELIZAVECCA_fruit_toner,Тоники,Elizavecca,СПБ Шушары,короба: товары ниже базы,37.664,214
868761530,LANEIGE LIP SLEEPING MASK-BERRY [3g],Бальзамы,LANEIGE,Казань,короба: товары ниже базы,37.664,214
207476777,FARMSTAY - Collagen Pure Cleansing Foam [180ml],Скрабы,Farm Stay,СПБ Шушары,короба: товары ниже базы,37.488,213
180987509,Petitfee Pink Vita Brightening Eye Mask,Патчи,Petitfee,Электросталь,короба: товары ниже базы,37.264,274
248928046,SOME BY MI - AHA-BHA-PHA 30 Days Miracle Cleansing Bar [106g],Мыло косметическое,Some by mi,Коледино,короба: товары ниже базы,37.12,232
551482493,CELIMAX PORE+DARK SPOT BRIGHTENING SERUM_30ml [30ml],Сыворотки,Celimax,Тула,короба: товары ниже базы,37.12,290
551472457,CELIMAX THE REAL NONI ENERGY AMPOULE_30ML (NEW) [30ml],Сыворотки,Celimax,Тула,короба: товары ниже базы,36.864000000000004,288
198620596,Lamp_white_26cm,Кольцевые лампы,SKL TECH,Пенза,короба: товары свыше базы,36.403718399999995,10
180992464,PETITFEE Aura Quartz Hydrogel Eye Mask Pure Opal,Патчи,Petitfee,Тула,короба: товары ниже базы,36.352000000000004,284
100680844,sBotW100_100680844,Роботы-стеклоочистители,SKL TECH,Екатеринбург - Перспективная 14,короба: товары свыше базы,36.15492672,24
179611318,Petitfee Chamomile Lightening Hydrogel Eye Mask,Патчи,Petitfee,СПБ Шушары,короба: товары ниже базы,35.903999999999996,204
190160008,Elizavecca Milky Piggy EGF elastic retinol [100ml],Кремы,Elizavecca,Коледино,короба: товары ниже базы,35.84,224
205054338,manyo_bifida_biome_toner,Тоники,manyo,СПБ Шушары,короба: товары свыше базы,35.712285696,182
551540924,CELIMAX PORE+DARK SPOT BRIGHTENING PAD [100ml / 40pads],Пэды косметические,Celimax,Тула,короба: товары ниже базы,34.816,272
212757456,JIGOTT - Daily Real Cica Toner [300ml],Тоники,Jigott,Казань,короба: товары ниже базы,34.32,195
868516027,Celimax Dual Barrier Creamy Toner,Тоники,Celimax,Коледино,короба: товары ниже базы,34.08,213
176945700,sBotW400,Роботы-стеклоочистители,SKL TECH,Казань,короба: товары свыше базы,33.121927872,23
207464799,HEIMISH - All Clean Balm [120ml],Гидрофильные масла,Heimish,Тула,короба: товары ниже базы,33.024,258
551482493,CELIMAX PORE+DARK SPOT BRIGHTENING SERUM_30ml [30ml],Сыворотки,Celimax,Краснодар,короба: товары ниже базы,32.736000000000004,248
551392965,CELIMAX DUAL BARRIER SKIN WEARABLE CREAM [50ml],Кремы,Celimax,Екатеринбург - Перспективная 14,короба: товары ниже базы,32.376,213
206058262,ELIZAVECCA_galactomyces_Ample,Сыворотки,Elizavecca,Тула,короба: товары ниже базы,32.364000000000004,406
437242640,ROUND LAB MUGWORT CALMING CLEANSER_150ml,Пенки,round lab,Екатеринбург - Перспективная 14,короба: товары ниже базы,32.312,212
103431353,dm7dm9,Фигурки и статуэтки,Дед Мороз Фигурка,Краснодар,короба: товары свыше базы,32.07168,58
207477077,FARMSTAY - Collagen Water Full Moist Cream [100g],Кремы,farmstay,Екатеринбург - Перспективная 14,короба: товары ниже базы,31.184,205
868761530,LANEIGE LIP SLEEPING MASK-BERRY [3g],Бальзамы,LANEIGE,Тула,короба: товары ниже базы,31.104,243
212757456,JIGOTT - Daily Real Cica Toner [300ml],Тоники,Jigott,Коледино,короба: товары ниже базы,30.72,192
212760119,JIGOTT - Ultimate Real Collagen Toner [300ml],Тоники,Jigott,СПБ Шушары,короба: товары ниже базы,30.448,173
551392965,CELIMAX DUAL BARRIER SKIN WEARABLE CREAM [50ml],Кремы,Celimax,Электросталь,короба: товары ниже базы,30.192,222
315688951,Триммер Золото,Триммеры,Триммер для бороды,СПБ Шушары,короба: товары свыше базы,28.9344,137
214311963,SKIN1004 - Madagascar Centella Ampoule [30ml],Сыворотки,SKIN1004,Электросталь,короба: товары ниже базы,28.560000000000002,210
608624295,DEOPROCE SHAMPOO - BLACK GARLIC[600ml] с колпачком,Шампуни,DEOPROCE,Коледино,короба: товары свыше базы,28.15732864,98
437850261,ROUND LAB SOYBEAN CLEANSING OIL_200ml,Гидрофильные масла,round lab,Екатеринбург - Перспективная 14,короба: товары свыше базы,27.963075,174
551482493,CELIMAX PORE+DARK SPOT BRIGHTENING SERUM_30ml [30ml],Сыворотки,Celimax,Электросталь,короба: товары ниже базы,27.472,202
204258828,COSRX_Salicylic_Acid_Cleanser,Скрабы,COSRX,Электросталь,короба: товары ниже базы,27.413,257
150925321,Collagen_Enough_Moisture_Foundation_13,Тональные кремы,ENOUGH,СПБ Шушары,короба: товары ниже базы,27.104,154
551540924,CELIMAX PORE+DARK SPOT BRIGHTENING PAD [100ml / 40pads],Пэды косметические,Celimax,Казань,короба: товары ниже базы,26.4,150
248928046,SOME BY MI - AHA-BHA-PHA 30 Days Miracle Cleansing Bar [106g],Мыло косметическое,Some by mi,Краснодар,короба: товары ниже базы,26.268,199
248929125,SOME BY MI - AHA-BHA-PHA 30 Days Miracle Cream [60g],Кремы,Some by mi,Электросталь,короба: товары ниже базы,26.248,193
226115324,PETITFEE - Agave Cooling Hydrogel Face Mask [5pcs],Маски гидрогелевые,Petitfee,Краснодар,короба: товары свыше базы,26.102077056,174
170198876,Enough Collagen Foundation Cover Up Ultra X10 21 тон,Тональные кремы,ENOUGH,Екатеринбург - Перспективная 14,короба: товары ниже базы,25.992,171
551392965,CELIMAX DUAL BARRIER SKIN WEARABLE CREAM [50ml],Кремы,Celimax,Тула,короба: товары ниже базы,25.952,201
198620596,Lamp_white_26cm,Кольцевые лампы,SKL TECH,Тверь Эммаусское,короба: товары свыше базы,25.482602879999998,7
214305722,DEOPROCE SHAMPOO+BALSAM - BLACK GARLIC[2000ml],Шампуни,DEOPROCE,Тула,короба: товары свыше базы,25.466279999999998,31
226117746,PETITFEE - Chamomile Lightening Hydrogel Mask Pack [5pcs],Маски гидрогелевые,Petitfee,СПБ Шушары,короба: товары ниже базы,24.64,140
151132052, ENOUGH COLLAGEN 3IN1 21,Тональные кремы,ENOUGH,Коледино,короба: товары ниже базы,24.64,154
608837066,DEOPROCE SHAMPOO - BLACK GARLIC[600ml] без колпачка,Шампуни,DEOPROCE,Электросталь,короба: товары свыше базы,24.258076832,104
551540924,CELIMAX PORE+DARK SPOT BRIGHTENING PAD [100ml / 40pads],Пэды косметические,Celimax,Коледино,короба: товары ниже базы,24.0,150
206126372,I'm Sorry for My Skin Крем Age Capture Vitalizer,Кремы,I'm Sorry for My Skin,Электросталь,короба: товары ниже базы,23.96,176
212753217,JIGOTT - Collagen Healing Cream [100ml],Кремы,Jigott,СПБ Шушары,короба: товары ниже базы,23.232,132
212889028,Enoughcollagenwhiteningcovertip03,Корректоры,ENOUGH,СПБ Шушары,короба: товары ниже базы,22.88,132
214312149,SKIN1004 - Madagascar Centella Hyalu-Cica Sleeping Pack [30ml],Кремы,SKIN1004,Тула,короба: товары ниже базы,22.68,177
179611207,Petitfee GOLD & SNAIL HYDROGEL EYE PATCH,Патчи,Petitfee,Тула,короба: товары ниже базы,22.368000000000002,172
238359400,LEBELAGE - High Protection Extreme Sun Cream SPF50+ PA++ [30ml] N,Кремы,Lebelage,СПБ Шушары,короба: товары ниже базы,22.352,127
608841921,DEOPROCE SHAMPOO - BLACK GARLIC[200ml],Шампуни,DEOPROCE,Тула,короба: товары ниже базы,22.26,201
206135397,I'm Sorry For My Skin Age Capture Hydrating,Кремы,I'm Sorry for My Skin,Краснодар,короба: товары ниже базы,22.176000000000002,168
208208674,Рация_UV-82 (1 шт),Радиостанции,Baofeng,Екатеринбург - Перспективная 14,короба: товары свыше базы,22.04928,58
868761530,LANEIGE LIP SLEEPING MASK-BERRY [3g],Бальзамы,LANEIGE,Екатеринбург - Перспективная 14,короба: товары ниже базы,21.68,142
174668134,Пистолет перкуссионный V1,Массажеры электрические,Перкуссионный массажер пистолет,Владимир,короба: товары свыше базы,21.165899040000003,41
214304883,DEOPROCE - SNAIL RECOVERY CREAM [100g],Кремы,DEOPROCE,Тула,короба: товары ниже базы,20.992,164
169198316,Etude House Baking Powder Pore Cleansing Foam 160 ml белая,Скрабы,Etude house,Электросталь,короба: товары ниже базы,20.904,153
248929125,SOME BY MI - AHA-BHA-PHA 30 Days Miracle Cream [60g],Кремы,Some by mi,Екатеринбург - Перспективная 14,короба: товары ниже базы,20.79,132
868700077,MANYO BIFIDA INFUSION SHOT AMPOULE 1DX [50ml],Сыворотки,manyo,СПБ Шушары,короба: товары ниже базы,20.592,117
207796350,ELIZAVECCA - CER-100  [100ml],Маски косметические,Elizavecca,Пенза,короба: товары ниже базы,20.416,116
315688951,Триммер Золото,Триммеры,Триммер для бороды,Коледино,короба: товары свыше базы,19.008,99
206135397,I'm Sorry For My Skin Age Capture Hydrating,Кремы,I'm Sorry for My Skin,Тула,короба: товары ниже базы,18.976,146
151132051, ENOUGH COLLAGEN 3IN1 13,Тональные кремы,ENOUGH,Екатеринбург - Перспективная 14,короба: товары ниже базы,18.368,120
868700077,MANYO BIFIDA INFUSION SHOT AMPOULE 1DX [50ml],Сыворотки,manyo,Тула,короба: товары ниже базы,18.144,141
226115141,PETITFEE - Gold & Snail Hydrogel Mask Pack [5pcs],Маски гидрогелевые,Petitfee,СПБ Шушары,короба: товары ниже базы,18.128,103
212889027,Enoughcollagenwhiteningcovertip,Корректоры,ENOUGH,СПБ Шушары,короба: товары ниже базы,17.951999999999998,102
551447345,CELIMAX PORE+DARK SPOT BRIGHTENING CREAM [35ml],Кремы,Celimax,Тула,короба: товары ниже базы,17.664,138
207465786,HEIMISH - All Clean Balm Mandarin [120ml],Гидрофильные масла,Heimish,Тула,короба: товары ниже базы,17.664,138
207481714,COSRX AHA/BHA Clarifying Treatment Toner [150ml],Тоники,COSRX,Казань,короба: товары ниже базы,17.514,139
555204573,dm7dm3-45,Фигурки и статуэтки,Дед Мороз Фигурка,Невинномысск,короба: товары свыше базы,17.30736,10
212757456,JIGOTT - Daily Real Cica Toner [300ml],Тоники,Jigott,Тула,короба: товары ниже базы,16.704,130
152115510,sBotW200,Роботы-стеклоочистители,SKL TECH,Казань,короба: товары свыше базы,16.5564,10
179611231,Petitfee 98% Collagen & CoQ10 Hydro Gel Eye Patch,Патчи,Petitfee,Тула,короба: товары ниже базы,16.448,112
214305722,DEOPROCE SHAMPOO+BALSAM - BLACK GARLIC[2000ml],Шампуни,DEOPROCE,Невинномысск,короба: товары свыше базы,16.3968,16
207479264,EKEL Ampoule Cream Collagen [50ml],Кремы,EKEL,Краснодар,короба: товары ниже базы,16.312,123
236825103,JMSOLUTION-Marine Luminous Pearl Deep Moisture Mask Pearl [1/2/3]*[10ea],Маски тканевые косметические,JMSolution,Пенза,короба: товары свыше базы,16.0776,58
198156698,Manyo_Pure_Cleansing_Oil,Гидрофильные масла,manyo,Коледино,короба: товары ниже базы,16.0115,104
248929125,SOME BY MI - AHA-BHA-PHA 30 Days Miracle Cream [60g],Кремы,Some by mi,Тула,короба: товары ниже базы,15.872,124
151175877,Petitfee Agave Cooling Hydrogel Eye Mask,Патчи,Petitfee,Екатеринбург - Перспективная 14,короба: товары ниже базы,15.656,103
190160008,Elizavecca Milky Piggy EGF elastic retinol [100ml],Кремы,Elizavecca,Краснодар,короба: товары ниже базы,15.5295,153
176944957,sBotW300,Роботы-стеклоочистители,SKL TECH,Невинномысск,короба: товары свыше базы,15.32601972,9
608841921,DEOPROCE SHAMPOO - BLACK GARLIC[200ml],Шампуни,DEOPROCE,СЦ Ереван,короба: товары ниже базы,15.312000000000001,116
205054338,manyo_bifida_biome_toner,Тоники,manyo,Тула,короба: товары свыше базы,15.288680448000001,107
611747838,Collagen_Enough_Moisture_Foundation_23,Тональные кремы,ENOUGH,Рязань (Тюшевское),короба: товары ниже базы,14.88,93
180987509,Petitfee Pink Vita Brightening Eye Mask,Патчи,Petitfee,Екатеринбург - Перспективная 14,короба: товары ниже базы,14.49,92
226114935,PETITFEE - Gold Hydrogel Mask Pack [5pcs],Маски гидрогелевые,Petitfee,Краснодар,короба: товары ниже базы,14.488,107
247275092,THE ORDINARY - Glycolic Acid 7% Toning Solution[KOR] [240ml],Тоники,The ordinary,Тула,короба: товары ниже базы,14.464,113
204258828,COSRX_Salicylic_Acid_Cleanser,Скрабы,COSRX,Тула,короба: товары ниже базы,14.336,112
210575566,LEBELAGE - Dr. Peptide Derma Eye Cream [40ml],Кремы,Lebelage,Коледино,короба: товары ниже базы,13.76,86
206126372,I'm Sorry for My Skin Крем Age Capture Vitalizer,Кремы,I'm Sorry for My Skin,Рязань (Тюшевское),короба: товары ниже базы,13.6,85
238413828,ENOUGH collagen moisture BB Cream SPF47 PA+++ N,Кремы,ENOUGH,СПБ Шушары,короба: товары ниже базы,13.552,77
240311751,Робот мойщик окон sBot w250,Роботы-стеклоочистители,SKL TECH,Воронеж,короба: товары свыше базы,13.27736448,9
151132052, ENOUGH COLLAGEN 3IN1 21,Тональные кремы,ENOUGH,Краснодар,короба: товары ниже базы,12.82,97
226114935,PETITFEE - Gold Hydrogel Mask Pack [5pcs],Маски гидрогелевые,Petitfee,Коледино,короба: товары ниже базы,12.608,79
214305705,DEOPROCE SHAMPOO - ARGAN SILKY MOISTURE [1000ml],Шампуни,DEOPROCE,Тула,короба: товары свыше базы,12.527099999999999,31
207481251,COSRX Advanced Snail 96 Mucin Power Essence [100ml],Сыворотки,COSRX,Краснодар,короба: товары ниже базы,12.408000000000001,94
176944957,sBotW300,Роботы-стеклоочистители,SKL TECH,Котовск,короба: товары свыше базы,12.3846624,6
180992464,PETITFEE Aura Quartz Hydrogel Eye Mask Pure Opal,Патчи,Petitfee,Екатеринбург - Перспективная 14,короба: товары ниже базы,12.285,78
212757456,JIGOTT - Daily Real Cica Toner [300ml],Тоники,Jigott,Краснодар,короба: товары ниже базы,12.276,93
214312385,THE ORDINARY - Argireline Solution 10% [30ml],Сыворотки,The ordinary,Краснодар,короба: товары ниже базы,12.012,91
180852837,Триммер черный v1,Триммеры,Триммер для бороды,Сарапул,короба: товары свыше базы,11.918016000000001,19
214311963,SKIN1004 - Madagascar Centella Ampoule [30ml],Сыворотки,SKIN1004,СПБ Шушары,короба: товары ниже базы,11.616,66
868575374,MANYO BIFIDA COMPLEX AMPOULE GEL CLEANSER [400ml],Пенки,manyo,Электросталь,короба: товары свыше базы,11.54220032,64
174668134,Пистолет перкуссионный V1,Массажеры электрические,Перкуссионный массажер пистолет,Владивосток,короба: товары свыше базы,11.263449600000001,24
151132051, ENOUGH COLLAGEN 3IN1 13,Тональные кремы,ENOUGH,СПБ Шушары,короба: товары ниже базы,11.088000000000001,63
198620596,Lamp_white_26cm,Кольцевые лампы,SKL TECH,Электросталь,короба: товары свыше базы,10.921115519999999,3
180852804,Скалер белый v1,Скалеры,FETLAR,Тула,короба: товары свыше базы,10.846,58
206057411,ELIZAVECCA_fruit_toner,Тоники,Elizavecca,Электросталь,короба: товары ниже базы,10.744,79
212757456,JIGOTT - Daily Real Cica Toner [300ml],Тоники,Jigott,Екатеринбург - Перспективная 14,короба: товары ниже базы,10.64,70
204258828,COSRX_Salicylic_Acid_Cleanser,Скрабы,COSRX,Екатеринбург - Перспективная 14,короба: товары ниже базы,10.395,66
176944957,sBotW300,Роботы-стеклоочистители,SKL TECH,Волгоград,короба: товары свыше базы,10.21734648,6
551447345,CELIMAX PORE+DARK SPOT BRIGHTENING CREAM [35ml],Кремы,Celimax,Рязань (Тюшевское),короба: товары ниже базы,10.208,58
214311963,SKIN1004 - Madagascar Centella Ampoule [30ml],Сыворотки,SKIN1004,Сарапул,короба: товары ниже базы,10.208,58
180711041,Petitfee EGF,Патчи,Petitfee,Самара (Новосемейкино),короба: товары ниже базы,10.208,58
208202076,EKEL Ampule Сream Сollagen [70ml],Кремы,EKEL,Рязань (Тюшевское),короба: товары ниже базы,10.208,58
207464799,HEIMISH - All Clean Balm [120ml],Гидрофильные масла,Heimish,Краснодар,короба: товары ниже базы,10.164,77
214305722,DEOPROCE SHAMPOO+BALSAM - BLACK GARLIC[2000ml],Шампуни,DEOPROCE,Самара (Новосемейкино),короба: товары свыше базы,10.145520000000001,9
238413828,ENOUGH collagen moisture BB Cream SPF47 PA+++ N,Кремы,ENOUGH,Екатеринбург - Перспективная 14,короба: товары ниже базы,10.109,67
170198337,Enough 8 Peptide Full Cover Perfect Foundation 21 тон,Тональные кремы,ENOUGH,Екатеринбург - Перспективная 14,короба: товары ниже базы,9.928,65
248929125,SOME BY MI - AHA-BHA-PHA 30 Days Miracle Cream [60g],Кремы,Some by mi,Краснодар,короба: товары ниже базы,9.9,75
611747838,Collagen_Enough_Moisture_Foundation_23,Тональные кремы,ENOUGH,СПБ Шушары,короба: товары ниже базы,9.856,56
611717011,ENOUGH Collagen whitening cover tip concealer #01,Корректоры,ENOUGH,Тула,короба: товары ниже базы,9.728,76
179611231,Petitfee 98% Collagen & CoQ10 Hydro Gel Eye Patch,Патчи,Petitfee,СПБ Шушары,короба: товары ниже базы,9.68,55
170198876,Enough Collagen Foundation Cover Up Ultra X10 21 тон,Тональные кремы,ENOUGH,Краснодар,короба: товары ниже базы,9.504,72
207466866,HEIMISH - Artless Glow Base SPF50+ [40ml],Основы под макияж,Heimish,Екатеринбург - Перспективная 14,короба: товары ниже базы,9.424,62
240311751,Робот мойщик окон sBot w250,Роботы-стеклоочистители,SKL TECH,Котовск,короба: товары свыше базы,9.294155136,6
555204573,dm7dm3-45,Фигурки и статуэтки,Дед Мороз Фигурка,Самара (Новосемейкино),короба: товары свыше базы,9.086364,6
207479264,EKEL Ampoule Cream Collagen [50ml],Кремы,EKEL,Тула,короба: товары ниже базы,8.992,70
340752919,PETITFEE Black Pearl & Gold Hydrogel Eye Patch/Gold Hydrogel Eye Patch,Патчи,Petitfee,Самара (Новосемейкино),короба: товары ниже базы,8.975999999999999,51
100680843,sBotW120_100680843,Роботы-стеклоочистители,SKL TECH,Тула,короба: товары свыше базы,8.96448,6
214301052,DEOPROCE - AC CICA CALMING BOOSTING TONER [150ml],Тоники,DEOPROCE,Коледино,короба: товары ниже базы,8.8305,87
551447345,CELIMAX PORE+DARK SPOT BRIGHTENING CREAM [35ml],Кремы,Celimax,Сарапул,короба: товары ниже базы,8.815999999999999,58
204258828,COSRX_Salicylic_Acid_Cleanser,Скрабы,COSRX,Рязань (Тюшевское),короба: товары ниже базы,8.272,47
214311963,SKIN1004 - Madagascar Centella Ampoule [30ml],Сыворотки,SKIN1004,Тула,короба: товары ниже базы,8.138,85
100680844,sBotW100_100680844,Роботы-стеклоочистители,SKL TECH,Остальные,короба: товары свыше базы,7.928712,5
180992464,PETITFEE Aura Quartz Hydrogel Eye Mask Pure Opal,Патчи,Petitfee,Невинномысск,короба: товары ниже базы,7.656000000000001,58
611747838,Collagen_Enough_Moisture_Foundation_23,Тональные кремы,ENOUGH,Волгоград,короба: товары ниже базы,7.656000000000001,58
176945700,sBotW400,Роботы-стеклоочистители,SKL TECH,Екатеринбург - Перспективная 14,короба: товары свыше базы,7.653672576,6
180711104,Petitfee GOLD,Патчи,Petitfee,Электросталь,короба: товары ниже базы,7.6160000000000005,56
315688951,Триммер Золото,Триммеры,Триммер для бороды,Казань,короба: товары свыше базы,7.603200000000001,36
214312385,THE ORDINARY - Argireline Solution 10% [30ml],Сыворотки,The ordinary,Ташкент 2,короба: товары ниже базы,7.5200000000000005,47
551387355,CELIMAX THE VITA-A RETINAL SHOT TIGHTENING BOOSTER [15ml],Кремы,Celimax,Волгоград,короба: товары ниже базы,7.424,58
151132052, ENOUGH COLLAGEN 3IN1 21,Тональные кремы,ENOUGH,Тула,короба: товары ниже базы,7.4239999999999995,58
154159632,Baking Powder BB Deep Cleansing Foam 3в1 30,Скрабы,Etude house,Рязань (Тюшевское),короба: товары ниже базы,7.36,46
199367159,Dr.Jart_Dermaclear_Micro_Foam,Скрабы,dr.Jart+,Краснодар,короба: товары ниже базы,7.260000000000001,55
207472742,FARMSTAY - Black Garlic Nourishing Shampoo [530ml],Шампуни,Farm Stay,Электросталь,короба: товары свыше базы,7.094565449999999,28
214312385,THE ORDINARY - Argireline Solution 10% [30ml],Сыворотки,The ordinary,Пенза,короба: товары ниже базы,7.072000000000001,52
214312149,SKIN1004 - Madagascar Centella Hyalu-Cica Sleeping Pack [30ml],Кремы,SKIN1004,Котовск,короба: товары ниже базы,7.04,55
207483780,JIGOTT - Birds Nest Firming Cream [70ml],Кремы,Jigott,Владимир,короба: товары ниже базы,6.958,71
240311751,Робот мойщик окон sBot w250,Роботы-стеклоочистители,SKL TECH,Электросталь,короба: товары свыше базы,6.93834498,6
207796350,ELIZAVECCA - CER-100  [100ml],Маски косметические,Elizavecca,Рязань (Тюшевское),короба: товары ниже базы,6.936000000000001,51
212889025,Enoughcollagenwhiteningcovertip01,Корректоры,ENOUGH,Тула,короба: товары ниже базы,6.82,48
207796789,ENOUGH - Gold Snail Moisture Foundation [Tone 13],Тональные кремы,ENOUGH,Электросталь,короба: товары ниже базы,6.6485,47
240311751,Робот мойщик окон sBot w250,Роботы-стеклоочистители,SKL TECH,Сарапул,короба: товары свыше базы,6.491155968,4
100680843,sBotW120_100680843,Роботы-стеклоочистители,SKL TECH,Самара (Новосемейкино),короба: товары свыше базы,6.25968,4
551387355,CELIMAX THE VITA-A RETINAL SHOT TIGHTENING BOOSTER [15ml],Кремы,Celimax,Воронеж,короба: товары ниже базы,6.232,41
198156698,Manyo_Pure_Cleansing_Oil,Гидрофильные масла,manyo,Волгоград,короба: товары ниже базы,5.984,44
419630142,FARMSTAY ESCARGOT NOBLESSE INTENSIVE AMPOULE,Сыворотки,Farm Stay,СК Ереван,короба: товары ниже базы,5.94,45
551490295,CELIMAX PORE+DARK SPOT BRIGHTENING SERUM_10ml [10ml],Сыворотки,Celimax,Ташкент 2,короба: товары ниже базы,5.92,37
176944957,sBotW300,Роботы-стеклоочистители,SKL TECH,Сарапул,короба: товары свыше базы,5.856913260000001,3
207483780,JIGOTT - Birds Nest Firming Cream [70ml],Кремы,Jigott,Рязань (Тюшевское),короба: товары ниже базы,5.782,59
611745490,ENOUGH Collagen whitening cover tip concealer #03,Корректоры,ENOUGH,Котовск,короба: товары ниже базы,5.76,45
206058262,ELIZAVECCA_galactomyces_Ample,Сыворотки,Elizavecca,Екатеринбург - Перспективная 14,короба: товары ниже базы,5.5125,35
179611318,Petitfee Chamomile Lightening Hydrogel Eye Mask,Патчи,Petitfee,Невинномысск,короба: товары ниже базы,5.319,42
170198337,Enough 8 Peptide Full Cover Perfect Foundation 21 тон,Тональные кремы,ENOUGH,Электросталь,короба: товары ниже базы,5.303999999999999,39
437776835,ROUND LAB PINE CALMING CICA AMPOULE_30ml,Сыворотки,round lab,Самара (Новосемейкино),короба: товары ниже базы,5.279999999999999,30
611717011,ENOUGH Collagen whitening cover tip concealer #01,Корректоры,ENOUGH,Краснодар,короба: товары ниже базы,5.148000000000001,39
611744611,ENOUGH Collagen whitening cover tip concealer #02,Корректоры,ENOUGH,Невинномысск,короба: товары ниже базы,5.016,38
212889028,Enoughcollagenwhiteningcovertip03,Корректоры,ENOUGH,Тула,короба: товары ниже базы,4.96,37
48908708,dm7dm6,Фигурки и статуэтки,Дед Мороз Фигурка,Электросталь,короба: товары свыше базы,4.94654208,6
240311751,Робот мойщик окон sBot w250,Роботы-стеклоочистители,SKL TECH,Рязань (Тюшевское),короба: товары свыше базы,4.942130112,4
169198316,Etude House Baking Powder Pore Cleansing Foam 160 ml белая,Скрабы,Etude house,Рязань (Тюшевское),короба: товары ниже базы,4.936,29
165008074,LEBELAGE - High Protection Daily No Sebum Sun Cream SPF50+ PA++ [30ml],Кремы,Lebelage,Коледино,короба: товары ниже базы,4.8,30
206126372,I'm Sorry for My Skin Крем Age Capture Vitalizer,Кремы,I'm Sorry for My Skin,Котовск,короба: товары ниже базы,4.8,30
198156472,Manyo_Galac_Vita_Serum,Сыворотки,manyo,Самара (Новосемейкино),короба: товары ниже базы,4.784,30
207796350,ELIZAVECCA - CER-100  [100ml],Маски косметические,Elizavecca,СПБ Шушары,короба: товары ниже базы,4.752,27
315688951,Триммер Золото,Триммеры,Триммер для бороды,Краснодар,короба: товары свыше базы,4.752,30
240311751,Робот мойщик окон sBot w250,Роботы-стеклоочистители,SKL TECH,Самара (Новосемейкино),короба: товары свыше базы,4.720840704,3
238413828,ENOUGH collagen moisture BB Cream SPF47 PA+++ N,Кремы,ENOUGH,Рязань (Тюшевское),короба: товары ниже базы,4.704000000000001,48
100680843,sBotW120_100680843,Роботы-стеклоочистители,SKL TECH,Волгоград,короба: товары свыше базы,4.6368,3
180992464,PETITFEE Aura Quartz Hydrogel Eye Mask Pure Opal,Патчи,Petitfee,Электросталь,короба: товары ниже базы,4.6240000000000006,34
190160197,EKEL Ampoule Toner Collagen 150ml,Тоники,EKEL,Краснодар,короба: товары ниже базы,4.62,35
207796789,ENOUGH - Gold Snail Moisture Foundation [Tone 13],Тональные кремы,ENOUGH,Рязань (Тюшевское),короба: товары ниже базы,4.576,28
214977901,JMSOLUTION - Mask Pack Black,Маски тканевые косметические,JMSolution,Электросталь,короба: товары свыше базы,4.53200832,24
238358954,ENOUGH - Collagen 3in1 Sun Cream SPF50 PA++ [50ml] N,Кремы,ENOUGH,Актобе,короба: товары ниже базы,4.488,34
151132051, ENOUGH COLLAGEN 3IN1 13,Тональные кремы,ENOUGH,Казань,короба: товары ниже базы,4.224,24
212719009,DR. JART - Cicapair Tiger Grass Color Correcting Treatment [50ml],CC-кремы,dr.Jart+,Рязань (Тюшевское),короба: товары ниже базы,4.216,31
207796789,ENOUGH - Gold Snail Moisture Foundation [Tone 13],Тональные кремы,ENOUGH,Самара (Новосемейкино),короба: товары ниже базы,4.176,24
176944957,sBotW300,Роботы-стеклоочистители,SKL TECH,Атакент,короба: товары свыше базы,4.1282208,2
214304883,DEOPROCE - SNAIL RECOVERY CREAM [100g],Кремы,DEOPROCE,Сарапул,короба: товары ниже базы,4.116,28
212889028,Enoughcollagenwhiteningcovertip03,Корректоры,ENOUGH,СК Ереван,короба: товары ниже базы,4.0920000000000005,31
212889028,Enoughcollagenwhiteningcovertip03,Корректоры,ENOUGH,Невинномысск,короба: товары ниже базы,4.0920000000000005,31
179611278,Petitfee Artichoke Soothing Hydrogel Eye Mask,Патчи,Petitfee,Тула,короба: товары ниже базы,4.064,31
207483780,JIGOTT - Birds Nest Firming Cream [70ml],Кремы,Jigott,Электросталь,короба: товары ниже базы,3.9445,49
150925321,Collagen_Enough_Moisture_Foundation_13,Тональные кремы,ENOUGH,Актобе,короба: товары ниже базы,3.872,22
154160085,Etude Baking Powder Crunch Pore Scrub треугольники 30,Скрабы,Etude house,Невинномысск,короба: товары свыше базы,3.843377604,17
608841921,DEOPROCE SHAMPOO - BLACK GARLIC[200ml],Шампуни,DEOPROCE,Воронеж,короба: товары ниже базы,3.84,30
180987509,Petitfee Pink Vita Brightening Eye Mask,Патчи,Petitfee,Тула,короба: товары ниже базы,3.84,30
176945700,sBotW400,Роботы-стеклоочистители,SKL TECH,СПБ Шушары,короба: товары свыше базы,3.8103413040000005,3
100680843,sBotW120_100680843,Роботы-стеклоочистители,SKL TECH,Рязань (Тюшевское),короба: товары свыше базы,3.78672,3
212889027,Enoughcollagenwhiteningcovertip,Корректоры,ENOUGH,Тула,короба: товары ниже базы,3.68,28
207479264,EKEL Ampoule Cream Collagen [50ml],Кремы,EKEL,Электросталь,короба: товары ниже базы,3.6719999999999997,27
240311751,Робот мойщик окон sBot w250,Роботы-стеклоочистители,SKL TECH,Волгоград,короба: товары свыше базы,3.5775120960000004,3
170198180,Enough Rich Gold Double Wea Radiance Foundation 13 тон,Тональные кремы,ENOUGH,Волгоград,короба: товары ниже базы,3.564,27
207483780,JIGOTT - Birds Nest Firming Cream [70ml],Кремы,Jigott,Воронеж,короба: товары ниже базы,3.536,26
212889028,Enoughcollagenwhiteningcovertip03,Корректоры,ENOUGH,Сарапул,короба: товары ниже базы,3.52,22
437797551,ROUND LAB VITA NIACINAMIDE DARK SPOT SERUM 30ml,Сыворотки,round lab,Екатеринбург - Перспективная 14,короба: товары ниже базы,3.5199999999999996,20
207796898,ENOUGH - Gold Snail Moisture Foundation [Tone 21],Тональные кремы,ENOUGH,Самара (Новосемейкино),короба: товары ниже базы,3.44,22
151132052, ENOUGH COLLAGEN 3IN1 21,Тональные кремы,ENOUGH,Воронеж,короба: товары ниже базы,3.36,21
207796789,ENOUGH - Gold Snail Moisture Foundation [Tone 13],Тональные кремы,ENOUGH,Невинномысск,короба: товары ниже базы,3.3000000000000003,25
207796789,ENOUGH - Gold Snail Moisture Foundation [Tone 13],Тональные кремы,ENOUGH,СЦ Ереван,короба: товары ниже базы,3.3000000000000003,25
419630142,FARMSTAY ESCARGOT NOBLESSE INTENSIVE AMPOULE,Сыворотки,Farm Stay,Воронеж,короба: товары ниже базы,3.2960000000000003,25
240311751,Робот мойщик окон sBot w250,Роботы-стеклоочистители,SKL TECH,Пенза,короба: товары свыше базы,3.245577984,2
170198109,Enough Rich Gold Double Wea Radiance Foundation 21 тон,Тональные кремы,ENOUGH,Воронеж,короба: товары ниже базы,3.2,20
208202076,EKEL Ampule Сream Сollagen [70ml],Кремы,EKEL,Белые Столбы,короба: товары ниже базы,3.168,24
179611318,Petitfee Chamomile Lightening Hydrogel Eye Mask,Патчи,Petitfee,Котовск,короба: товары ниже базы,3.1679999999999997,18
170198876,Enough Collagen Foundation Cover Up Ultra X10 21 тон,Тональные кремы,ENOUGH,Сарапул,короба: товары ниже базы,3.1679999999999997,18
152115510,sBotW200,Роботы-стеклоочистители,SKL TECH,Рязань (Тюшевское),короба: товары свыше базы,3.1536,2
170198876,Enough Collagen Foundation Cover Up Ultra X10 21 тон,Тональные кремы,ENOUGH,Самара (Новосемейкино),короба: товары ниже базы,3.1279999999999997,18
198156698,Manyo_Pure_Cleansing_Oil,Гидрофильные масла,manyo,Рязань (Тюшевское),короба: товары ниже базы,3.112,22
100680843,sBotW120_100680843,Роботы-стеклоочистители,SKL TECH,Владивосток,короба: товары свыше базы,3.0912,2
100680843,sBotW120_100680843,Роботы-стеклоочистители,SKL TECH,Воронеж,короба: товары свыше базы,3.0912,2
100680843,sBotW120_100680843,Роботы-стеклоочистители,SKL TECH,Электросталь,короба: товары свыше базы,3.0912,2
214305722,DEOPROCE SHAMPOO+BALSAM - BLACK GARLIC[2000ml],Шампуни,DEOPROCE,СПБ Шушары,короба: товары свыше базы,3.0744,3
212883090,JIGOTT - Aura Secret Hyaluronec Acid Toner [300ml],Тоники,Jigott,Воронеж,короба: товары ниже базы,2.944,23
207476777,FARMSTAY - Collagen Pure Cleansing Foam [180ml],Скрабы,Farm Stay,СК Ереван,короба: товары ниже базы,2.904,22
868700077,MANYO BIFIDA INFUSION SHOT AMPOULE 1DX [50ml],Сыворотки,manyo,Невинномысск,короба: товары ниже базы,2.904,22
207796789,ENOUGH - Gold Snail Moisture Foundation [Tone 13],Тональные кремы,ENOUGH,СК Ереван,короба: товары ниже базы,2.904,22
307073881,ETUDE Baking Powder BB Deep Cleansing Foam 160 мл N,Скрабы,Etude house,Коледино,короба: товары ниже базы,2.88,18
180987509,Petitfee Pink Vita Brightening Eye Mask,Патчи,Petitfee,Рязань (Тюшевское),короба: товары ниже базы,2.88,18
154160085,Etude Baking Powder Crunch Pore Scrub треугольники 30,Скрабы,Etude house,Самара (Новосемейкино),короба: товары свыше базы,2.78805534,9
104590122,dm7dm11,Фигурки и статуэтки,Дед Мороз Фигурка,Коледино,короба: товары свыше базы,2.7648,3
151175877,Petitfee Agave Cooling Hydrogel Eye Mask,Патчи,Petitfee,Котовск,короба: товары ниже базы,2.688,21
198156472,Manyo_Galac_Vita_Serum,Сыворотки,manyo,Электросталь,короба: товары ниже базы,2.648,17
168956391,FARMSTAY COLLAGEN&HYALURONIC ACID ALL-IN ONE AMPOULE,Сыворотки,Farm Stay,СК Ереван,короба: товары ниже базы,2.64,20
207818642,LEBELAGE - Dr. Hyaluronic Derma Eye Cream [40ml],Кремы,Lebelage,Волгоград,короба: товары ниже базы,2.64,20
169198316,Etude House Baking Powder Pore Cleansing Foam 160 ml белая,Скрабы,Etude house,Невинномысск,короба: товары ниже базы,2.624,20
100680844,sBotW100_100680844,Роботы-стеклоочистители,SKL TECH,Тула,короба: товары свыше базы,2.61647496,2
176945700,sBotW400,Роботы-стеклоочистители,SKL TECH,Самара (Новосемейкино),короба: товары свыше базы,2.6062074720000004,2
207796898,ENOUGH - Gold Snail Moisture Foundation [Tone 21],Тональные кремы,ENOUGH,Воронеж,короба: товары ниже базы,2.56,20
199367159,Dr.Jart_Dermaclear_Micro_Foam,Скрабы,dr.Jart+,Коледино,короба: товары ниже базы,2.56,16
868700077,MANYO BIFIDA INFUSION SHOT AMPOULE 1DX [50ml],Сыворотки,manyo,Воронеж,короба: товары ниже базы,2.56,16
226117746,PETITFEE - Chamomile Lightening Hydrogel Mask Pack [5pcs],Маски гидрогелевые,Petitfee,Волгоград,короба: товары ниже базы,2.508,19
247275092,THE ORDINARY - Glycolic Acid 7% Toning Solution[KOR] [240ml],Тоники,The ordinary,Невинномысск,короба: товары ниже базы,2.508,19
437154709,ROUND LAB 1025 DOKDO CLEANSER_150ml,Пенки,round lab,Самара (Новосемейкино),короба: товары свыше базы,2.5010016,13
179611207,Petitfee GOLD & SNAIL HYDROGEL EYE PATCH,Патчи,Petitfee,СПБ Шушары,короба: товары ниже базы,2.464,14
154159632,Baking Powder BB Deep Cleansing Foam 3в1 30,Скрабы,Etude house,Сарапул,короба: товары ниже базы,2.4480000000000004,18
176945700,sBotW400,Роботы-стеклоочистители,SKL TECH,Владимир,короба: товары свыше базы,2.441257632,2
212760119,JIGOTT - Ultimate Real Collagen Toner [300ml],Тоники,Jigott,Воронеж,короба: товары ниже базы,2.432,19
212759698,JIGOTT - Moisture Real Aloe Vera Toner [300ml],Тоники,Jigott,Коледино,короба: товары ниже базы,2.416,15
204258828,COSRX_Salicylic_Acid_Cleanser,Скрабы,COSRX,СК Ереван,короба: товары ниже базы,2.3760000000000003,18
170198738,Enough 8 Peptide Full Cover Perfect Foundation 13 тон,Тональные кремы,ENOUGH,Самара (Новосемейкино),короба: товары ниже базы,2.376,15
198147185,Manyo_Complex_Ampoule,Сыворотки,manyo,Сарапул,короба: товары ниже базы,2.368,14
437254254,ROUND LAB SOYBEAN PANTHENOL CREAM_80ml,Кремы,round lab,Электросталь,короба: товары ниже базы,2.3040000000000003,18
214311963,SKIN1004 - Madagascar Centella Ampoule [30ml],Сыворотки,SKIN1004,Самара (Новосемейкино),короба: товары ниже базы,2.288,13
248928046,SOME BY MI - AHA-BHA-PHA 30 Days Miracle Cleansing Bar [106g],Мыло косметическое,Some by mi,СК Ереван,короба: товары ниже базы,2.244,17
551465879,CELIMAX THE VITA-A RETINOL SHOT TIGHTENING SERUM [30ml],Сыворотки,Celimax,Волгоград,короба: товары ниже базы,2.244,17
170198180,Enough Rich Gold Double Wea Radiance Foundation 13 тон,Тональные кремы,ENOUGH,СК Ереван,короба: товары ниже базы,2.244,17
150925321,Collagen_Enough_Moisture_Foundation_13,Тональные кремы,ENOUGH,Воронеж,короба: товары ниже базы,2.24,14
208208674,Рация_UV-82 (1 шт),Радиостанции,Baofeng,Тула,короба: товары свыше базы,2.21184,8
170198180,Enough Rich Gold Double Wea Radiance Foundation 13 тон,Тональные кремы,ENOUGH,Екатеринбург - Перспективная 14,короба: товары ниже базы,2.176,14
207796563,ELIZAVECCA - Aqua Hyaluronic Acid Water Drop Cream,Кремы,Elizavecca,Невинномысск,короба: товары ниже базы,2.1735,23
608837066,DEOPROCE SHAMPOO - BLACK GARLIC[600ml] без колпачка,Шампуни,DEOPROCE,Сарапул,короба: товары свыше базы,2.11344496,5
198147185,Manyo_Complex_Ampoule,Сыворотки,manyo,Самара (Новосемейкино),короба: товары ниже базы,2.112,12
151175877,Petitfee Agave Cooling Hydrogel Eye Mask,Патчи,Petitfee,Невинномысск,короба: товары ниже базы,2.112,16
170198109,Enough Rich Gold Double Wea Radiance Foundation 21 тон,Тональные кремы,ENOUGH,Самара (Новосемейкино),короба: товары ниже базы,2.088,12
198156472,Manyo_Galac_Vita_Serum,Сыворотки,manyo,Рязань (Тюшевское),короба: товары ниже базы,2.08,13
611747838,Collagen_Enough_Moisture_Foundation_23,Тональные кремы,ENOUGH,Сарапул,короба: товары ниже базы,2.08,13
176944957,sBotW300,Роботы-стеклоочистители,SKL TECH,Владимир,короба: товары свыше базы,2.0641104,1
214305722,DEOPROCE SHAMPOO+BALSAM - BLACK GARLIC[2000ml],Шампуни,DEOPROCE,Белые Столбы,короба: товары свыше базы,2.0496,2
551465879,CELIMAX THE VITA-A RETINOL SHOT TIGHTENING SERUM [30ml],Сыворотки,Celimax,Воронеж,короба: товары ниже базы,2.048,16
204258828,COSRX_Salicylic_Acid_Cleanser,Скрабы,COSRX,Воронеж,короба: товары ниже базы,2.048,16
198147185,Manyo_Complex_Ampoule,Сыворотки,manyo,Воронеж,короба: товары ниже базы,2.048,16
212719009,DR. JART - Cicapair Tiger Grass Color Correcting Treatment [50ml],CC-кремы,dr.Jart+,Невинномысск,короба: товары ниже базы,2.04,15
212883090,JIGOTT - Aura Secret Hyaluronec Acid Toner [300ml],Тоники,Jigott,Владимир,короба: товары ниже базы,2.04,15
551465879,CELIMAX THE VITA-A RETINOL SHOT TIGHTENING SERUM [30ml],Сыворотки,Celimax,Самара (Новосемейкино),короба: товары ниже базы,2.032,12
608837066,DEOPROCE SHAMPOO - BLACK GARLIC[600ml] без колпачка,Шампуни,DEOPROCE,Екатеринбург - Перспективная 14,короба: товары свыше базы,1.9890207039999999,5
207483780,JIGOTT - Birds Nest Firming Cream [70ml],Кремы,Jigott,Волгоград,короба: товары ниже базы,1.98,15
212889025,Enoughcollagenwhiteningcovertip01,Корректоры,ENOUGH,Волгоград,короба: товары ниже базы,1.98,15
238358954,ENOUGH - Collagen 3in1 Sun Cream SPF50 PA++ [50ml] N,Кремы,ENOUGH,Самара (Новосемейкино),короба: товары ниже базы,1.968,12
226115141,PETITFEE - Gold & Snail Hydrogel Mask Pack [5pcs],Маски гидрогелевые,Petitfee,Актобе,короба: товары ниже базы,1.936,11
437190353,ROUND LAB BIRCH JUICE MOISTURIZING CREAM_80ml,Кремы,round lab,Воронеж,короба: товары ниже базы,1.936,11
180988755,Petitfee B-Glucan Deep Firming Eye Mask,Патчи,Petitfee,Владимир,короба: товары ниже базы,1.936,11
551616449,CELIMAX THE REAL NONI STARTER KIT (NEW) [30ml+10ml+10ml],Косметические наборы для ухода,Celimax,Краснодар,короба: товары свыше базы,1.9261439999999999,12
154159632,Baking Powder BB Deep Cleansing Foam 3в1 30,Скрабы,Etude house,Ташкент 2,короба: товары ниже базы,1.92,12
170198738,Enough 8 Peptide Full Cover Perfect Foundation 13 тон,Тональные кремы,ENOUGH,Тула,короба: товары ниже базы,1.92,12
210575566,LEBELAGE - Dr. Peptide Derma Eye Cream [40ml],Кремы,Lebelage,Электросталь,короба: товары ниже базы,1.8559999999999999,11
170198835,Enough Collagen Foundation Cover Up Ultra X10 13 тон,Тональные кремы,ENOUGH,СЦ Ереван,короба: товары ниже базы,1.848,14
170198738,Enough 8 Peptide Full Cover Perfect Foundation 13 тон,Тональные кремы,ENOUGH,Белые Столбы,короба: товары ниже базы,1.848,14
151132052, ENOUGH COLLAGEN 3IN1 21,Тональные кремы,ENOUGH,Сарапул,короба: товары ниже базы,1.8239999999999998,12
190314349,СГ-Красная,Фигурки и статуэтки,Дед Мороз Фигурка,Рязань (Тюшевское),короба: товары свыше базы,1.818286272,4
868575374,MANYO BIFIDA COMPLEX AMPOULE GEL CLEANSER [400ml],Пенки,manyo,Волгоград,короба: товары свыше базы,1.8034688,8
611744611,ENOUGH Collagen whitening cover tip concealer #02,Корректоры,ENOUGH,Электросталь,короба: товары ниже базы,1.792,14
170198180,Enough Rich Gold Double Wea Radiance Foundation 13 тон,Тональные кремы,ENOUGH,Самара (Новосемейкино),короба: товары ниже базы,1.764,12
207481251,COSRX Advanced Snail 96 Mucin Power Essence [100ml],Сыворотки,COSRX,Волгоград,короба: товары ниже базы,1.7599999999999998,10
204258828,COSRX_Salicylic_Acid_Cleanser,Скрабы,COSRX,Самара (Новосемейкино),короба: товары ниже базы,1.7599999999999998,10
176944957,sBotW300,Роботы-стеклоочистители,SKL TECH,Самара (Новосемейкино),короба: товары свыше базы,1.75449384,1
100680844,sBotW100_100680844,Роботы-стеклоочистители,SKL TECH,Казань,короба: товары свыше базы,1.74431664,1
100680843,sBotW120_100680843,Роботы-стеклоочистители,SKL TECH,Сарапул,короба: товары свыше базы,1.70016,1
180852804,Скалер белый v1,Скалеры,FETLAR,Екатеринбург - Перспективная 14,короба: товары свыше базы,1.694,7
611744611,ENOUGH Collagen whitening cover tip concealer #02,Корректоры,ENOUGH,Екатеринбург - Перспективная 14,короба: товары ниже базы,1.6640000000000001,13
437154709,ROUND LAB 1025 DOKDO CLEANSER_150ml,Пенки,round lab,Ташкент 2,короба: товары свыше базы,1.660416,8
551616449,CELIMAX THE REAL NONI STARTER KIT (NEW) [30ml+10ml+10ml],Косметические наборы для ухода,Celimax,Коледино,короба: товары свыше базы,1.65376,10
169076150,FARMSTAY ESCARGOT NOBLESSE INTENSIVE CREAM,Кремы,farmstay,Волгоград,короба: товары ниже базы,1.6280000000000001,11
340752919,PETITFEE Black Pearl & Gold Hydrogel Eye Patch/Gold Hydrogel Eye Patch,Патчи,Petitfee,Тула,короба: товары ниже базы,1.617,21
207483179,JIGOTT - Snail Reparing Cream [100ml],Кремы,Jigott,Самара (Новосемейкино),короба: товары ниже базы,1.616,10
212889028,Enoughcollagenwhiteningcovertip03,Корректоры,ENOUGH,Электросталь,короба: товары ниже базы,1.6,10
208202076,EKEL Ampule Сream Сollagen [70ml],Кремы,EKEL,Владивосток,короба: товары ниже базы,1.6,10
100680844,sBotW100_100680844,Роботы-стеклоочистители,SKL TECH,Коледино,короба: товары свыше базы,1.5857424,1
437797551,ROUND LAB VITA NIACINAMIDE DARK SPOT SERUM 30ml,Сыворотки,round lab,СЦ Ереван,короба: товары ниже базы,1.584,12
437845041,ROUND LAB VITA NIACINAMIDE DARK SPOT CREAM 50ml,Кремы,round lab,СЦ Ереван,короба: товары ниже базы,1.584,12
152115510,sBotW200,Роботы-стеклоочистители,SKL TECH,Владимир,короба: товары свыше базы,1.5768,1
152115510,sBotW200,Роботы-стеклоочистители,SKL TECH,Электросталь,короба: товары свыше базы,1.5768,1
214964091,JMSOLUTION - Mask Pack Disney,Маски тканевые косметические,JMSolution,Рязань (Тюшевское),короба: товары свыше базы,1.5544144000000002,7
100680843,sBotW120_100680843,Роботы-стеклоочистители,SKL TECH,Владимир,короба: товары свыше базы,1.5456,1
207481251,COSRX Advanced Snail 96 Mucin Power Essence [100ml],Сыворотки,COSRX,Самара (Новосемейкино),короба: товары ниже базы,1.54,11
198156472,Manyo_Galac_Vita_Serum,Сыворотки,manyo,Волгоград,короба: товары ниже базы,1.508,11
207796439,ELIZAVECCA - Natural 90% Olive Cleansing Oil,Гидрофильные масла,Elizavecca,Электросталь,короба: товары ниже базы,1.504,10
207465786,HEIMISH - All Clean Balm Mandarin [120ml],Гидрофильные масла,Heimish,Невинномысск,короба: товары ниже базы,1.452,11
206057411,ELIZAVECCA_fruit_toner,Тоники,Elizavecca,Невинномысск,короба: товары ниже базы,1.452,11
207466866,HEIMISH - Artless Glow Base SPF50+ [40ml],Основы под макияж,Heimish,Краснодар,короба: товары ниже базы,1.452,11
179611231,Petitfee 98% Collagen & CoQ10 Hydro Gel Eye Patch,Патчи,Petitfee,Остальные,короба: товары ниже базы,1.44,9
207481251,COSRX Advanced Snail 96 Mucin Power Essence [100ml],Сыворотки,COSRX,Остальные,короба: товары ниже базы,1.44,9
170198180,Enough Rich Gold Double Wea Radiance Foundation 13 тон,Тональные кремы,ENOUGH,Тула,короба: товары ниже базы,1.44,9
207472742,FARMSTAY - Black Garlic Nourishing Shampoo [530ml],Шампуни,Farm Stay,Самара (Новосемейкино),короба: товары свыше базы,1.4397516,5
210575566,LEBELAGE - Dr. Peptide Derma Eye Cream [40ml],Кремы,Lebelage,Самара (Новосемейкино),короба: товары ниже базы,1.408,8
150925321,Collagen_Enough_Moisture_Foundation_13,Тональные кремы,ENOUGH,Екатеринбург - Перспективная 14,короба: товары ниже базы,1.408,8
190159348,Elizavecca 24k gold snail Cleansing Foam 180ml,Скрабы,Elizavecca,Котовск,короба: товары ниже базы,1.408,8
551607905,CELIMAX JI WOO GAE CICA BHA BLEMISH TONER PAD [170ml / 60pads],Пэды косметические,Celimax,Самара (Новосемейкино),короба: товары ниже базы,1.392,8
214312385,THE ORDINARY - Argireline Solution 10% [30ml],Сыворотки,The ordinary,Владимир,короба: товары ниже базы,1.36,10
212757456,JIGOTT - Daily Real Cica Toner [300ml],Тоники,Jigott,Волгоград,короба: товары свыше базы,1.356440448,8
152115510,sBotW200,Роботы-стеклоочистители,SKL TECH,Тула,короба: товары свыше базы,1.34028,1
207465786,HEIMISH - All Clean Balm Mandarin [120ml],Гидрофильные масла,Heimish,Сарапул,короба: товары ниже базы,1.323,9
611717011,ENOUGH Collagen whitening cover tip concealer #01,Корректоры,ENOUGH,СК Ереван,короба: товары ниже базы,1.32,10
176945700,sBotW400,Роботы-стеклоочистители,SKL TECH,Владивосток,короба: товары свыше базы,1.31959872,1
176945700,sBotW400,Роботы-стеклоочистители,SKL TECH,Электросталь,короба: товары свыше базы,1.31959872,1
100680844,sBotW100_100680844,Роботы-стеклоочистители,SKL TECH,СК Ереван,короба: товары свыше базы,1.30823748,1
437154709,ROUND LAB 1025 DOKDO CLEANSER_150ml,Пенки,round lab,Рязань (Тюшевское),короба: товары свыше базы,1.3075776,6
207476777,FARMSTAY - Collagen Pure Cleansing Foam [180ml],Скрабы,Farm Stay,Сарапул,короба: товары ниже базы,1.28,8
207818642,LEBELAGE - Dr. Hyaluronic Derma Eye Cream [40ml],Кремы,Lebelage,Тула,короба: товары ниже базы,1.28,8
206126372,I'm Sorry for My Skin Крем Age Capture Vitalizer,Кремы,I'm Sorry for My Skin,Воронеж,короба: товары ниже базы,1.28,10
168956391,FARMSTAY COLLAGEN&HYALURONIC ACID ALL-IN ONE AMPOULE,Сыворотки,Farm Stay,Остальные,короба: товары ниже базы,1.28,10
207481251,COSRX Advanced Snail 96 Mucin Power Essence [100ml],Сыворотки,COSRX,Тула,короба: товары ниже базы,1.28,10
152115510,sBotW200,Роботы-стеклоочистители,SKL TECH,Котовск,короба: товары свыше базы,1.26144,1
238413828,ENOUGH collagen moisture BB Cream SPF47 PA+++ N,Кремы,ENOUGH,Сарапул,короба: товары ниже базы,1.26,10
176945700,sBotW400,Роботы-стеклоочистители,SKL TECH,Астана Карагандинское шоссе,короба: товары свыше базы,1.253618784,1
170198180,Enough Rich Gold Double Wea Radiance Foundation 13 тон,Тональные кремы,ENOUGH,Астана Карагандинское шоссе,короба: товары ниже базы,1.232,7
207481714,COSRX AHA/BHA Clarifying Treatment Toner [150ml],Тоники,COSRX,Остальные,короба: товары ниже базы,1.232,7
179611278,Petitfee Artichoke Soothing Hydrogel Eye Mask,Патчи,Petitfee,Самара (Новосемейкино),короба: товары ниже базы,1.232,7
154159632,Baking Powder BB Deep Cleansing Foam 3в1 30,Скрабы,Etude house,Самара (Новосемейкино),короба: товары ниже базы,1.232,7
151132052, ENOUGH COLLAGEN 3IN1 21,Тональные кремы,ENOUGH,Невинномысск,короба: товары ниже базы,1.2240000000000002,9
170198109,Enough Rich Gold Double Wea Radiance Foundation 21 тон,Тональные кремы,ENOUGH,Владимир,короба: товары ниже базы,1.2240000000000002,9
170198876,Enough Collagen Foundation Cover Up Ultra X10 21 тон,Тональные кремы,ENOUGH,Владимир,короба: товары ниже базы,1.2240000000000002,9
236825103,JMSOLUTION-Marine Luminous Pearl Deep Moisture Mask Pearl [1/2/3]*[10ea],Маски тканевые косметические,JMSolution,Казань,короба: товары свыше базы,1.197,5
207796898,ENOUGH - Gold Snail Moisture Foundation [Tone 21],Тональные кремы,ENOUGH,Волгоград,короба: товары ниже базы,1.1880000000000002,9
240311751,Робот мойщик окон sBot w250,Роботы-стеклоочистители,SKL TECH,Владимир,короба: товары свыше базы,1.180210176,1
226115324,PETITFEE - Agave Cooling Hydrogel Face Mask [5pcs],Маски гидрогелевые,Petitfee,Остальные,короба: товары свыше базы,1.16254208,7
151313163,Etude Baking Powder Crunch Pore Scrub,Скрабы,Etude house,Рязань (Тюшевское),короба: товары ниже базы,1.152,7
151313163,Etude Baking Powder Crunch Pore Scrub,Скрабы,Etude house,Электросталь,короба: товары ниже базы,1.1360000000000001,7
207482718,JIGOTT - Snail Lifting Cream [70ml],Кремы,Jigott,Электросталь,короба: товары ниже базы,1.1360000000000001,7
198156698,Manyo_Pure_Cleansing_Oil,Гидрофильные масла,manyo,Остальные,короба: товары ниже базы,1.12,7
226115324,PETITFEE - Agave Cooling Hydrogel Face Mask [5pcs],Маски гидрогелевые,Petitfee,Самара (Новосемейкино),короба: товары свыше базы,1.096111104,6
248928555,SOME BY MI - AHA-BHA-PHA 30 Days Miracle Acne Clear Body Cleanser [400g],Скрабы,Some by mi,Владивосток,короба: товары свыше базы,1.086624,6
207483780,JIGOTT - Birds Nest Firming Cream [70ml],Кремы,Jigott,СПБ Шушары,короба: товары ниже базы,1.078,7
551465879,CELIMAX THE VITA-A RETINOL SHOT TIGHTENING SERUM [30ml],Сыворотки,Celimax,Владимир,короба: товары ниже базы,1.072,7
170198180,Enough Rich Gold Double Wea Radiance Foundation 13 тон,Тональные кремы,ENOUGH,Невинномысск,короба: товары ниже базы,1.056,8
207796789,ENOUGH - Gold Snail Moisture Foundation [Tone 13],Тональные кремы,ENOUGH,Белые Столбы,короба: товары ниже базы,1.056,8
238358954,ENOUGH - Collagen 3in1 Sun Cream SPF50 PA++ [50ml] N,Кремы,ENOUGH,СК Ереван,короба: товары ниже базы,1.056,8
868700077,MANYO BIFIDA INFUSION SHOT AMPOULE 1DX [50ml],Сыворотки,manyo,Сарапул,короба: товары ниже базы,1.056,6
170198738,Enough 8 Peptide Full Cover Perfect Foundation 13 тон,Тональные кремы,ENOUGH,Воронеж,короба: товары ниже базы,1.056,8
551540924,CELIMAX PORE+DARK SPOT BRIGHTENING PAD [100ml / 40pads],Пэды косметические,Celimax,СК Ереван,короба: товары ниже базы,1.056,8
198156698,Manyo_Pure_Cleansing_Oil,Гидрофильные масла,manyo,Воронеж,короба: товары ниже базы,1.056,8
551490295,CELIMAX PORE+DARK SPOT BRIGHTENING SERUM_10ml [10ml],Сыворотки,Celimax,Пенза,короба: товары ниже базы,1.056,6
170198876,Enough Collagen Foundation Cover Up Ultra X10 21 тон,Тональные кремы,ENOUGH,Рязань (Тюшевское),короба: товары ниже базы,1.024,8
207476309,FARMSTAY Argan Oil Complete Volume Up Shampoo & Conditioner [530ml],Шампуни,Farm Stay,Воронеж,короба: товары свыше базы,1.02168,4
168956391,FARMSTAY COLLAGEN&HYALURONIC ACID ALL-IN ONE AMPOULE,Сыворотки,Farm Stay,Самара (Новосемейкино),короба: товары ниже базы,1.02,6
437850261,ROUND LAB SOYBEAN CLEANSING OIL_200ml,Гидрофильные масла,round lab,Электросталь,короба: товары свыше базы,0.98784,6
212757456,JIGOTT - Daily Real Cica Toner [300ml],Тоники,Jigott,Самара (Новосемейкино),короба: товары свыше базы,0.97622608,5
437242640,ROUND LAB MUGWORT CALMING CLEANSER_150ml,Пенки,round lab,Электросталь,короба: товары ниже базы,0.976,6
238358954,ENOUGH - Collagen 3in1 Sun Cream SPF50 PA++ [50ml] N,Кремы,ENOUGH,Электросталь,короба: товары ниже базы,0.976,6
199367159,Dr.Jart_Dermaclear_Micro_Foam,Скрабы,dr.Jart+,Самара (Новосемейкино),короба: товары ниже базы,0.96,6
611747838,Collagen_Enough_Moisture_Foundation_23,Тональные кремы,ENOUGH,Екатеринбург - Перспективная 14,короба: товары ниже базы,0.96,6
212889027,Enoughcollagenwhiteningcovertip,Корректоры,ENOUGH,Рязань (Тюшевское),короба: товары ниже базы,0.96,6
169198316,Etude House Baking Powder Pore Cleansing Foam 160 ml белая,Скрабы,Etude house,СПБ Шушары,короба: товары ниже базы,0.9520000000000001,7
198147185,Manyo_Complex_Ampoule,Сыворотки,manyo,Электросталь,короба: товары ниже базы,0.928,6
150925321,Collagen_Enough_Moisture_Foundation_13,Тональные кремы,ENOUGH,Невинномысск,короба: товары ниже базы,0.924,7
238358954,ENOUGH - Collagen 3in1 Sun Cream SPF50 PA++ [50ml] N,Кремы,ENOUGH,Волгоград,короба: товары ниже базы,0.924,7
437797551,ROUND LAB VITA NIACINAMIDE DARK SPOT SERUM 30ml,Сыворотки,round lab,Волгоград,короба: товары ниже базы,0.924,7
437242640,ROUND LAB MUGWORT CALMING CLEANSER_150ml,Пенки,round lab,Невинномысск,короба: товары ниже базы,0.924,7
154159632,Baking Powder BB Deep Cleansing Foam 3в1 30,Скрабы,Etude house,Невинномысск,короба: товары ниже базы,0.924,7
315688951,Триммер Золото,Триммеры,Триммер для бороды,Тула,короба: товары свыше базы,0.9216,6
551465879,CELIMAX THE VITA-A RETINOL SHOT TIGHTENING SERUM [30ml],Сыворотки,Celimax,Электросталь,короба: товары ниже базы,0.8965000000000001,6
207464799,HEIMISH - All Clean Balm [120ml],Гидрофильные масла,Heimish,Электросталь,короба: товары ниже базы,0.8965,7
198156472,Manyo_Galac_Vita_Serum,Сыворотки,manyo,Котовск,короба: товары ниже базы,0.896,7
551387355,CELIMAX THE VITA-A RETINAL SHOT TIGHTENING BOOSTER [15ml],Кремы,Celimax,Пенза,короба: товары ниже базы,0.896,7
207481251,COSRX Advanced Snail 96 Mucin Power Essence [100ml],Сыворотки,COSRX,Пенза,короба: товары ниже базы,0.8799999999999999,5
207796350,ELIZAVECCA - CER-100  [100ml],Маски косметические,Elizavecca,Екатеринбург - Перспективная 14,короба: товары ниже базы,0.8799999999999999,5
150925321,Collagen_Enough_Moisture_Foundation_13,Тональные кремы,ENOUGH,Самара (Новосемейкино),короба: товары ниже базы,0.856,5
207482718,JIGOTT - Snail Lifting Cream [70ml],Кремы,Jigott,Рязань (Тюшевское),короба: товары ниже базы,0.832,5
151313163,Etude Baking Powder Crunch Pore Scrub,Скрабы,Etude house,Сарапул,короба: товары ниже базы,0.824,5
170198738,Enough 8 Peptide Full Cover Perfect Foundation 13 тон,Тональные кремы,ENOUGH,СПБ Шушары,короба: товары ниже базы,0.8160000000000001,6
437776835,ROUND LAB PINE CALMING CICA AMPOULE_30ml,Сыворотки,round lab,Невинномысск,короба: товары ниже базы,0.8115,7
551490295,CELIMAX PORE+DARK SPOT BRIGHTENING SERUM_10ml [10ml],Сыворотки,Celimax,Тула,короба: товары ниже базы,0.8,5
169198316,Etude House Baking Powder Pore Cleansing Foam 160 ml белая,Скрабы,Etude house,Владимир,короба: товары ниже базы,0.8,5
611747838,Collagen_Enough_Moisture_Foundation_23,Тональные кремы,ENOUGH,Электросталь,короба: товары ниже базы,0.8,5
437797551,ROUND LAB VITA NIACINAMIDE DARK SPOT SERUM 30ml,Сыворотки,round lab,Электросталь,короба: товары ниже базы,0.8,5
198156698,Manyo_Pure_Cleansing_Oil,Гидрофильные масла,manyo,Владивосток,короба: товары ниже базы,0.8,5
551490295,CELIMAX PORE+DARK SPOT BRIGHTENING SERUM_10ml [10ml],Сыворотки,Celimax,Рязань (Тюшевское),короба: товары ниже базы,0.8,5
207796350,ELIZAVECCA - CER-100  [100ml],Маски косметические,Elizavecca,Тула,короба: товары ниже базы,0.8,5
214312385,THE ORDINARY - Argireline Solution 10% [30ml],Сыворотки,The ordinary,СПБ Шушары,короба: товары ниже базы,0.8,5
238358954,ENOUGH - Collagen 3in1 Sun Cream SPF50 PA++ [50ml] N,Кремы,ENOUGH,Ташкент 2,короба: товары ниже базы,0.8,5
170198180,Enough Rich Gold Double Wea Radiance Foundation 13 тон,Тональные кремы,ENOUGH,Белые Столбы,короба: товары ниже базы,0.792,6
168956391,FARMSTAY COLLAGEN&HYALURONIC ACID ALL-IN ONE AMPOULE,Сыворотки,Farm Stay,Волгоград,короба: товары ниже базы,0.792,6
207796350,ELIZAVECCA - CER-100  [100ml],Маски косметические,Elizavecca,Белые Столбы,короба: товары ниже базы,0.792,6
437242640,ROUND LAB MUGWORT CALMING CLEANSER_150ml,Пенки,round lab,Волгоград,короба: товары ниже базы,0.792,6
151313163,Etude Baking Powder Crunch Pore Scrub,Скрабы,Etude house,Котовск,короба: товары ниже базы,0.79,5
169198316,Etude House Baking Powder Pore Cleansing Foam 160 ml белая,Скрабы,Etude house,Воронеж,короба: товары ниже базы,0.784,5
104590122,dm7dm11,Фигурки и статуэтки,Дед Мороз Фигурка,Котовск,короба: товары свыше базы,0.78336,1
104590122,dm7dm11,Фигурки и статуэтки,Дед Мороз Фигурка,Самара (Новосемейкино),короба: товары свыше базы,0.78336,1
48906308,dm7dm3,Фигурки и статуэтки,Дед Мороз Фигурка,Невинномысск,короба: товары свыше базы,0.78336,1
154160085,Etude Baking Powder Crunch Pore Scrub треугольники 30,Скрабы,Etude house,Сарапул,короба: товары свыше базы,0.78215436,5
551540924,CELIMAX PORE+DARK SPOT BRIGHTENING PAD [100ml / 40pads],Пэды косметические,Celimax,Невинномысск,короба: товары ниже базы,0.768,5
226114935,PETITFEE - Gold Hydrogel Mask Pack [5pcs],Маски гидрогелевые,Petitfee,Рязань (Тюшевское),короба: товары ниже базы,0.768,6
207476309,FARMSTAY Argan Oil Complete Volume Up Shampoo & Conditioner [530ml],Шампуни,Farm Stay,Невинномысск,короба: товары свыше базы,0.7662599999999999,3
437154709,ROUND LAB 1025 DOKDO CLEANSER_150ml,Пенки,round lab,Котовск,короба: товары свыше базы,0.7653479999999999,4
207482718,JIGOTT - Snail Lifting Cream [70ml],Кремы,Jigott,Сарапул,короба: товары ниже базы,0.76,5
103441912,dm7dm12,Фигурки и статуэтки,Дед Мороз Фигурка,Воронеж,короба: товары свыше базы,0.73728,1
151175880,Petitfee Black Pearl & Gold hydrogel Eye Patch,Патчи,Petitfee,Владимир,короба: товары ниже базы,0.736,5
419630142,FARMSTAY ESCARGOT NOBLESSE INTENSIVE AMPOULE,Сыворотки,Farm Stay,Сарапул,короба: товары ниже базы,0.704,4
238358954,ENOUGH - Collagen 3in1 Sun Cream SPF50 PA++ [50ml] N,Кремы,ENOUGH,Пенза,короба: товары ниже базы,0.704,4
226117746,PETITFEE - Chamomile Lightening Hydrogel Mask Pack [5pcs],Маски гидрогелевые,Petitfee,Самара (Новосемейкино),короба: товары ниже базы,0.704,4
207796563,ELIZAVECCA - Aqua Hyaluronic Acid Water Drop Cream,Кремы,Elizavecca,Екатеринбург - Перспективная 14,короба: товары ниже базы,0.704,4
170198337,Enough 8 Peptide Full Cover Perfect Foundation 21 тон,Тональные кремы,ENOUGH,Пенза,короба: товары ниже базы,0.704,4
868516027,Celimax Dual Barrier Creamy Toner,Тоники,Celimax,Невинномысск,короба: товары свыше базы,0.688764384,4
238358954,ENOUGH - Collagen 3in1 Sun Cream SPF50 PA++ [50ml] N,Кремы,ENOUGH,Рязань (Тюшевское),короба: товары ниже базы,0.688,5
207481251,COSRX Advanced Snail 96 Mucin Power Essence [100ml],Сыворотки,COSRX,Белые Столбы,короба: товары ниже базы,0.68,5
199367159,Dr.Jart_Dermaclear_Micro_Foam,Скрабы,dr.Jart+,Екатеринбург - Перспективная 14,короба: товары ниже базы,0.68,5
212889027,Enoughcollagenwhiteningcovertip,Корректоры,ENOUGH,Электросталь,короба: товары ниже базы,0.6719999999999999,4
212760119,JIGOTT - Ultimate Real Collagen Toner [300ml],Тоники,Jigott,Электросталь,короба: товары ниже базы,0.6719999999999999,4
551465879,CELIMAX THE VITA-A RETINOL SHOT TIGHTENING SERUM [30ml],Сыворотки,Celimax,Сарапул,короба: товары ниже базы,0.6719999999999999,4
198156698,Manyo_Pure_Cleansing_Oil,Гидрофильные масла,manyo,Самара (Новосемейкино),короба: товары ниже базы,0.6679999999999999,4
198147185,Manyo_Complex_Ampoule,Сыворотки,manyo,Невинномысск,короба: товары ниже базы,0.66,5
238416010,Enough Collagen Whitening Moisture Cream 3in1 50 N,Кремы,ENOUGH,Невинномысск,короба: товары ниже базы,0.66,5
170198109,Enough Rich Gold Double Wea Radiance Foundation 21 тон,Тональные кремы,ENOUGH,СК Ереван,короба: товары ниже базы,0.66,5
170198835,Enough Collagen Foundation Cover Up Ultra X10 13 тон,Тональные кремы,ENOUGH,СК Ереван,короба: товары ниже базы,0.66,5
212757456,JIGOTT - Daily Real Cica Toner [300ml],Тоники,Jigott,Электросталь,короба: товары свыше базы,0.657668096,4
551465879,CELIMAX THE VITA-A RETINOL SHOT TIGHTENING SERUM [30ml],Сыворотки,Celimax,Невинномысск,короба: товары ниже базы,0.656,5
437776835,ROUND LAB PINE CALMING CICA AMPOULE_30ml,Сыворотки,round lab,Электросталь,короба: товары ниже базы,0.64,4
151132051, ENOUGH COLLAGEN 3IN1 13,Тональные кремы,ENOUGH,Воронеж,короба: товары ниже базы,0.64,5
206135397,I'm Sorry For My Skin Age Capture Hydrating,Кремы,I'm Sorry for My Skin,Владивосток,короба: товары ниже базы,0.64,4
551490295,CELIMAX PORE+DARK SPOT BRIGHTENING SERUM_10ml [10ml],Сыворотки,Celimax,Краснодар,короба: товары ниже базы,0.64,4
551465879,CELIMAX THE VITA-A RETINOL SHOT TIGHTENING SERUM [30ml],Сыворотки,Celimax,Рязань (Тюшевское),короба: товары ниже базы,0.64,4
154160085,Etude Baking Powder Crunch Pore Scrub треугольники 30,Скрабы,Etude house,Владивосток,короба: товары свыше базы,0.625723488,4
168956391,FARMSTAY COLLAGEN&HYALURONIC ACID ALL-IN ONE AMPOULE,Сыворотки,Farm Stay,Владивосток,короба: товары ниже базы,0.616,4
207476309,FARMSTAY Argan Oil Complete Volume Up Shampoo & Conditioner [530ml],Шампуни,Farm Stay,Самара (Новосемейкино),короба: товары свыше базы,0.6114599999999999,2
419630142,FARMSTAY ESCARGOT NOBLESSE INTENSIVE AMPOULE,Сыворотки,Farm Stay,Котовск,короба: товары ниже базы,0.608,4
207796789,ENOUGH - Gold Snail Moisture Foundation [Tone 13],Тональные кремы,ENOUGH,Астана Карагандинское шоссе,короба: товары ниже базы,0.608,4
868516027,Celimax Dual Barrier Creamy Toner,Тоники,Celimax,Самара (Новосемейкино),короба: товары свыше базы,0.576221184,3
214964091,JMSOLUTION - Mask Pack Disney,Маски тканевые косметические,JMSolution,Самара (Новосемейкино),короба: товары свыше базы,0.5753351999999999,3
238413828,ENOUGH collagen moisture BB Cream SPF47 PA+++ N,Кремы,ENOUGH,Остальные,короба: товары ниже базы,0.5635,7
214301052,DEOPROCE - AC CICA CALMING BOOSTING TONER [150ml],Тоники,DEOPROCE,Электросталь,короба: товары ниже базы,0.5635,7
868575374,MANYO BIFIDA COMPLEX AMPOULE GEL CLEANSER [400ml],Пенки,manyo,Невинномысск,короба: товары свыше базы,0.55794816,3
437154709,ROUND LAB 1025 DOKDO CLEANSER_150ml,Пенки,round lab,Волгоград,короба: товары свыше базы,0.5500128,3
868516027,Celimax Dual Barrier Creamy Toner,Тоники,Celimax,Электросталь,короба: товары свыше базы,0.549210816,3
437154709,ROUND LAB 1025 DOKDO CLEANSER_150ml,Пенки,round lab,Воронеж,короба: товары свыше базы,0.544824,3
212719009,DR. JART - Cicapair Tiger Grass Color Correcting Treatment [50ml],CC-кремы,dr.Jart+,Тула,короба: товары ниже базы,0.544,4
868516027,Celimax Dual Barrier Creamy Toner,Тоники,Celimax,Рязань (Тюшевское),короба: товары свыше базы,0.54020736,3
150925322,Collagen_Enough_Moisture_Foundation_21,Тональные кремы,ENOUGH,Екатеринбург - Перспективная 14,короба: товары ниже базы,0.528,3
170198337,Enough 8 Peptide Full Cover Perfect Foundation 21 тон,Тональные кремы,ENOUGH,Самара (Новосемейкино),короба: товары ниже базы,0.528,3
151313163,Etude Baking Powder Crunch Pore Scrub,Скрабы,Etude house,Пенза,короба: товары ниже базы,0.528,3
151313163,Etude Baking Powder Crunch Pore Scrub,Скрабы,Etude house,Самара (Новосемейкино),короба: товары ниже базы,0.528,3
170198738,Enough 8 Peptide Full Cover Perfect Foundation 13 тон,Тональные кремы,ENOUGH,Невинномысск,короба: товары ниже базы,0.528,4
150925321,Collagen_Enough_Moisture_Foundation_13,Тональные кремы,ENOUGH,Сарапул,короба: товары ниже базы,0.528,3
150925321,Collagen_Enough_Moisture_Foundation_13,Тональные кремы,ENOUGH,СК Ереван,короба: товары ниже базы,0.528,4
226115141,PETITFEE - Gold & Snail Hydrogel Mask Pack [5pcs],Маски гидрогелевые,Petitfee,Котовск,короба: товары ниже базы,0.528,3
210575566,LEBELAGE - Dr. Peptide Derma Eye Cream [40ml],Кремы,Lebelage,Тула,короба: товары ниже базы,0.528,3
333318356,ENOUGH - Collagen Moisture Sun Cream SPF50+ PA++++ [50ml] N2,Кремы,ENOUGH,Самара (Новосемейкино),короба: товары ниже базы,0.528,3
198156698,Manyo_Pure_Cleansing_Oil,Гидрофильные масла,manyo,СК Ереван,короба: товары ниже базы,0.528,4
198156698,Manyo_Pure_Cleansing_Oil,Гидрофильные масла,manyo,Невинномысск,короба: товары ниже базы,0.528,4
190159348,Elizavecca 24k gold snail Cleansing Foam 180ml,Скрабы,Elizavecca,Сарапул,короба: товары ниже базы,0.528,3
212760119,JIGOTT - Ultimate Real Collagen Toner [300ml],Тоники,Jigott,Белые Столбы,короба: товары ниже базы,0.528,4
190160197,EKEL Ampoule Toner Collagen 150ml,Тоники,EKEL,Казань,короба: товары ниже базы,0.528,3
333318356,ENOUGH - Collagen Moisture Sun Cream SPF50+ PA++++ [50ml] N2,Кремы,ENOUGH,Пенза,короба: товары ниже базы,0.528,3
207476309,FARMSTAY Argan Oil Complete Volume Up Shampoo & Conditioner [530ml],Шампуни,Farm Stay,Рязань (Тюшевское),короба: товары свыше базы,0.52632,2
437154709,ROUND LAB 1025 DOKDO CLEANSER_150ml,Пенки,round lab,СЦ Ереван,короба: товары свыше базы,0.5136912,3
551607905,CELIMAX JI WOO GAE CICA BHA BLEMISH TONER PAD [170ml / 60pads],Пэды косметические,Celimax,Владимир,короба: товары ниже базы,0.512,4
551607905,CELIMAX JI WOO GAE CICA BHA BLEMISH TONER PAD [170ml / 60pads],Пэды косметические,Celimax,Рязань (Тюшевское),короба: товары ниже базы,0.512,4
207472742,FARMSTAY - Black Garlic Nourishing Shampoo [530ml],Шампуни,Farm Stay,Невинномысск,короба: товары свыше базы,0.50012424,2
207472742,FARMSTAY - Black Garlic Nourishing Shampoo [530ml],Шампуни,Farm Stay,СК Ереван,короба: товары свыше базы,0.50012424,2
207472742,FARMSTAY - Black Garlic Nourishing Shampoo [530ml],Шампуни,Farm Stay,Волгоград,короба: товары свыше базы,0.50012424,2
214305705,DEOPROCE SHAMPOO - ARGAN SILKY MOISTURE [1000ml],Шампуни,DEOPROCE,Электросталь,короба: товары свыше базы,0.496,1
214305705,DEOPROCE SHAMPOO - ARGAN SILKY MOISTURE [1000ml],Шампуни,DEOPROCE,Рязань (Тюшевское),короба: товары свыше базы,0.496,1
48908708,dm7dm6,Фигурки и статуэтки,Дед Мороз Фигурка,Краснодар,короба: товары свыше базы,0.494654208,1
205054338,manyo_bifida_biome_toner,Тоники,manyo,Невинномысск,короба: товары свыше базы,0.49116672,3
214305705,DEOPROCE SHAMPOO - ARGAN SILKY MOISTURE [1000ml],Шампуни,DEOPROCE,Екатеринбург - Перспективная 14,короба: товары свыше базы,0.48825,1
103431810,dm7dm10,Фигурки и статуэтки,Дед Мороз Фигурка,Тула,короба: товары свыше базы,0.48790896,1
214312385,THE ORDINARY - Argireline Solution 10% [30ml],Сыворотки,The ordinary,Тула,короба: товары ниже базы,0.48,3
207469760,FARMSTAY - Gold Snail Premium Cream [50ml],Кремы,farmstay,Рязань (Тюшевское),короба: товары ниже базы,0.48,3
179611207,Petitfee GOLD & SNAIL HYDROGEL EYE PATCH,Патчи,Petitfee,Владимир,короба: товары ниже базы,0.48,3
207464799,HEIMISH - All Clean Balm [120ml],Гидрофильные масла,Heimish,Коледино,короба: товары ниже базы,0.48,3
868700077,MANYO BIFIDA INFUSION SHOT AMPOULE 1DX [50ml],Сыворотки,manyo,Рязань (Тюшевское),короба: товары ниже базы,0.48,3
551540924,CELIMAX PORE+DARK SPOT BRIGHTENING PAD [100ml / 40pads],Пэды косметические,Celimax,Остальные,короба: товары ниже базы,0.48,3
198147185,Manyo_Complex_Ampoule,Сыворотки,manyo,Владивосток,короба: товары ниже базы,0.48,3
198156698,Manyo_Pure_Cleansing_Oil,Гидрофильные масла,manyo,СПБ Шушары,короба: товары ниже базы,0.48,3
868700077,MANYO BIFIDA INFUSION SHOT AMPOULE 1DX [50ml],Сыворотки,manyo,Электросталь,короба: товары ниже базы,0.48,3
169076150,FARMSTAY ESCARGOT NOBLESSE INTENSIVE CREAM,Кремы,farmstay,Электросталь,короба: товары ниже базы,0.48,3
212889027,Enoughcollagenwhiteningcovertip,Корректоры,ENOUGH,Владимир,короба: товары ниже базы,0.48,3
212760119,JIGOTT - Ultimate Real Collagen Toner [300ml],Тоники,Jigott,Сарапул,короба: товары ниже базы,0.48,3
551490295,CELIMAX PORE+DARK SPOT BRIGHTENING SERUM_10ml [10ml],Сыворотки,Celimax,Самара (Новосемейкино),короба: товары ниже базы,0.48,3
608624295,DEOPROCE SHAMPOO - BLACK GARLIC[600ml] с колпачком,Шампуни,DEOPROCE,Невинномысск,короба: товары свыше базы,0.474077472,2
868516027,Celimax Dual Barrier Creamy Toner,Тоники,Celimax,Воронеж,короба: товары свыше базы,0.47268144,3
174668134,Пистолет перкуссионный V1,Массажеры электрические,Перкуссионный массажер пистолет,Невинномысск,короба: товары свыше базы,0.4693104,1
190314349,СГ-Красная,Фигурки и статуэтки,Дед Мороз Фигурка,Самара (Новосемейкино),короба: товары свыше базы,0.454571568,1
207796789,ENOUGH - Gold Snail Moisture Foundation [Tone 13],Тональные кремы,ENOUGH,Котовск,короба: товары ниже базы,0.44,3
170198109,Enough Rich Gold Double Wea Radiance Foundation 21 тон,Тональные кремы,ENOUGH,Тула,короба: товары ниже базы,0.43200000000000005,3
207482718,JIGOTT - Snail Lifting Cream [70ml],Кремы,Jigott,Невинномысск,короба: товары ниже базы,0.42400000000000004,3
207483780,JIGOTT - Birds Nest Firming Cream [70ml],Кремы,Jigott,Остальные,короба: товары ниже базы,0.42000000000000004,6
212757456,JIGOTT - Daily Real Cica Toner [300ml],Тоники,Jigott,Владивосток,короба: товары свыше базы,0.41104256,2
214964091,JMSOLUTION - Mask Pack Disney,Маски тканевые косметические,JMSolution,Электросталь,короба: товары свыше базы,0.403744,2
238359400,LEBELAGE - High Protection Extreme Sun Cream SPF50+ PA++ [30ml] N,Кремы,Lebelage,Рязань (Тюшевское),короба: товары ниже базы,0.4025,5
206126372,I'm Sorry for My Skin Крем Age Capture Vitalizer,Кремы,I'm Sorry for My Skin,Белые Столбы,короба: товары ниже базы,0.396,3
150925322,Collagen_Enough_Moisture_Foundation_21,Тональные кремы,ENOUGH,Невинномысск,короба: товары ниже базы,0.396,3
151313163,Etude Baking Powder Crunch Pore Scrub,Скрабы,Etude house,Невинномысск,короба: товары ниже базы,0.396,3
551540924,CELIMAX PORE+DARK SPOT BRIGHTENING PAD [100ml / 40pads],Пэды косметические,Celimax,Краснодар,короба: товары ниже базы,0.396,3
207477077,FARMSTAY - Collagen Water Full Moist Cream [100g],Кремы,farmstay,Невинномысск,короба: товары ниже базы,0.396,3
226114935,PETITFEE - Gold Hydrogel Mask Pack [5pcs],Маски гидрогелевые,Petitfee,Электросталь,короба: товары ниже базы,0.384,3
226114935,PETITFEE - Gold Hydrogel Mask Pack [5pcs],Маски гидрогелевые,Petitfee,СПБ Шушары,короба: товары ниже базы,0.384,3
551387355,CELIMAX THE VITA-A RETINAL SHOT TIGHTENING BOOSTER [15ml],Кремы,Celimax,Электросталь,короба: товары ниже базы,0.384,3
214964091,JMSOLUTION - Mask Pack Disney,Маски тканевые косметические,JMSolution,Владимир,короба: товары свыше базы,0.3835568,2
214964091,JMSOLUTION - Mask Pack Disney,Маски тканевые косметические,JMSolution,Сарапул,короба: товары свыше базы,0.3835568,2
437154709,ROUND LAB 1025 DOKDO CLEANSER_150ml,Пенки,round lab,Электросталь,короба: товары свыше базы,0.37359359999999997,2
868516027,Celimax Dual Barrier Creamy Toner,Тоники,Celimax,Владивосток,короба: товары свыше базы,0.36013824,2
333318356,ENOUGH - Collagen Moisture Sun Cream SPF50+ PA++++ [50ml] N2,Кремы,ENOUGH,Воронеж,короба: товары ниже базы,0.36,3
207483780,JIGOTT - Birds Nest Firming Cream [70ml],Кремы,Jigott,Подольск,короба: товары ниже базы,0.357,3
207796563,ELIZAVECCA - Aqua Hyaluronic Acid Water Drop Cream,Кремы,Elizavecca,Самара (Новосемейкино),короба: товары ниже базы,0.352,2
210579932,LEBELAGE - Dr. Snail Derma Eye Cream [40ml],Кремы,Lebelage,Екатеринбург - Перспективная 14,короба: товары ниже базы,0.352,2
150925322,Collagen_Enough_Moisture_Foundation_21,Тональные кремы,ENOUGH,Сарапул,короба: товары ниже базы,0.352,2
198156698,Manyo_Pure_Cleansing_Oil,Гидрофильные масла,manyo,Котовск,короба: товары ниже базы,0.352,2
170198337,Enough 8 Peptide Full Cover Perfect Foundation 21 тон,Тональные кремы,ENOUGH,Рязань (Тюшевское),короба: товары ниже базы,0.352,2
212759698,JIGOTT - Moisture Real Aloe Vera Toner [300ml],Тоники,Jigott,Электросталь,короба: товары ниже базы,0.352,2
198156698,Manyo_Pure_Cleansing_Oil,Гидрофильные масла,manyo,Сарапул,короба: товары ниже базы,0.352,2
333318356,ENOUGH - Collagen Moisture Sun Cream SPF50+ PA++++ [50ml] N2,Кремы,ENOUGH,Екатеринбург - Перспективная 14,короба: товары ниже базы,0.352,2
238359757,LEBELAGE - High Protection Long Lasting Sun Cream SPF50+ PA+++ [30ml] N,Кремы,Lebelage,Котовск,короба: товары ниже базы,0.352,2
190159348,Elizavecca 24k gold snail Cleansing Foam 180ml,Скрабы,Elizavecca,Воронеж,короба: товары ниже базы,0.352,2
238359757,LEBELAGE - High Protection Long Lasting Sun Cream SPF50+ PA+++ [30ml] N,Кремы,Lebelage,Рязань (Тюшевское),короба: товары ниже базы,0.352,2
238359757,LEBELAGE - High Protection Long Lasting Sun Cream SPF50+ PA+++ [30ml] N,Кремы,Lebelage,Самара (Новосемейкино),короба: товары ниже базы,0.352,2
212889028,Enoughcollagenwhiteningcovertip03,Корректоры,ENOUGH,Самара (Новосемейкино),короба: товары ниже базы,0.352,2
190159348,Elizavecca 24k gold snail Cleansing Foam 180ml,Скрабы,Elizavecca,Самара (Новосемейкино),короба: товары ниже базы,0.352,2
179611278,Petitfee Artichoke Soothing Hydrogel Eye Mask,Патчи,Petitfee,Электросталь,короба: товары ниже базы,0.352,2
207481714,COSRX AHA/BHA Clarifying Treatment Toner [150ml],Тоники,COSRX,Электросталь,короба: товары ниже базы,0.352,2
168956391,FARMSTAY COLLAGEN&HYALURONIC ACID ALL-IN ONE AMPOULE,Сыворотки,Farm Stay,Пенза,короба: товары ниже базы,0.352,2
169198316,Etude House Baking Powder Pore Cleansing Foam 160 ml белая,Скрабы,Etude house,Самара (Новосемейкино),короба: товары ниже базы,0.352,2
207469760,FARMSTAY - Gold Snail Premium Cream [50ml],Кремы,farmstay,Самара (Новосемейкино),короба: товары ниже базы,0.352,2
868761530,LANEIGE LIP SLEEPING MASK-BERRY [3g],Бальзамы,LANEIGE,Владимир,короба: товары ниже базы,0.352,2
437154709,ROUND LAB 1025 DOKDO CLEANSER_150ml,Пенки,round lab,СК Ереван,короба: товары свыше базы,0.3424608,2
437154709,ROUND LAB 1025 DOKDO CLEANSER_150ml,Пенки,round lab,Невинномысск,короба: товары свыше базы,0.3424608,2
207476309,FARMSTAY Argan Oil Complete Volume Up Shampoo & Conditioner [530ml],Шампуни,Farm Stay,Электросталь,короба: товары свыше базы,0.34056,1
205054338,manyo_bifida_biome_toner,Тоники,manyo,Самара (Новосемейкино),короба: товары свыше базы,0.339351552,2
205054338,manyo_bifida_biome_toner,Тоники,manyo,Сарапул,короба: товары свыше базы,0.339351552,2
437154709,ROUND LAB 1025 DOKDO CLEANSER_150ml,Пенки,round lab,Белые Столбы,короба: товары свыше базы,0.337272,2
333318356,ENOUGH - Collagen Moisture Sun Cream SPF50+ PA++++ [50ml] N2,Кремы,ENOUGH,Краснодар,короба: товары ниже базы,0.33599999999999997,3
437850261,ROUND LAB SOYBEAN CLEANSING OIL_200ml,Гидрофильные масла,round lab,Владивосток,короба: товары свыше базы,0.32928,2
214977901,JMSOLUTION - Mask Pack Black,Маски тканевые косметические,JMSolution,Котовск,короба: товары свыше базы,0.320495616,2
169198316,Etude House Baking Powder Pore Cleansing Foam 160 ml белая,Скрабы,Etude house,Владивосток,короба: товары ниже базы,0.32,2
170198835,Enough Collagen Foundation Cover Up Ultra X10 13 тон,Тональные кремы,ENOUGH,Сарапул,короба: товары ниже базы,0.32,2
437248870,ROUND LAB MUGWORT CALMING SOOTHING GEL_150ml,Кремы,round lab,Сарапул,короба: товары ниже базы,0.32,2
207483179,JIGOTT - Snail Reparing Cream [100ml],Кремы,Jigott,Рязань (Тюшевское),короба: товары ниже базы,0.32,2
437845041,ROUND LAB VITA NIACINAMIDE DARK SPOT CREAM 50ml,Кремы,round lab,Рязань (Тюшевское),короба: товары ниже базы,0.32,2
212889028,Enoughcollagenwhiteningcovertip03,Корректоры,ENOUGH,Владимир,короба: товары ниже базы,0.32,2
238358009,ENOUGH - Collagen Moisture Sun Cream SPF50+ PA++++ [50ml] N,Кремы,ENOUGH,Котовск,короба: товары ниже базы,0.32,2
207482718,JIGOTT - Snail Lifting Cream [70ml],Кремы,Jigott,Астана Карагандинское шоссе,короба: товары ниже базы,0.32,2
199367159,Dr.Jart_Dermaclear_Micro_Foam,Скрабы,dr.Jart+,Электросталь,короба: товары ниже базы,0.32,2
212889025,Enoughcollagenwhiteningcovertip01,Корректоры,ENOUGH,Котовск,короба: товары ниже базы,0.32,2
437776835,ROUND LAB PINE CALMING CICA AMPOULE_30ml,Сыворотки,round lab,Сарапул,короба: товары ниже базы,0.32,2
151313163,Etude Baking Powder Crunch Pore Scrub,Скрабы,Etude house,Остальные,короба: товары ниже базы,0.32,2
207482718,JIGOTT - Snail Lifting Cream [70ml],Кремы,Jigott,Владивосток,короба: товары ниже базы,0.32,2
168956391,FARMSTAY COLLAGEN&HYALURONIC ACID ALL-IN ONE AMPOULE,Сыворотки,Farm Stay,Сарапул,короба: товары ниже базы,0.312,2
212759698,JIGOTT - Moisture Real Aloe Vera Toner [300ml],Тоники,Jigott,Астана Карагандинское шоссе,короба: товары ниже базы,0.3045,3
169076150,FARMSTAY ESCARGOT NOBLESSE INTENSIVE CREAM,Кремы,farmstay,Котовск,короба: товары ниже базы,0.304,2
212753217,JIGOTT - Collagen Healing Cream [100ml],Кремы,Jigott,Екатеринбург - Перспективная 14,короба: товары ниже базы,0.304,2
207483780,JIGOTT - Birds Nest Firming Cream [70ml],Кремы,Jigott,Самара (Новосемейкино),короба: товары ниже базы,0.304,2
207796898,ENOUGH - Gold Snail Moisture Foundation [Tone 21],Тональные кремы,ENOUGH,Атакент,короба: товары ниже базы,0.304,2
151313163,Etude Baking Powder Crunch Pore Scrub,Скрабы,Etude house,Воронеж,короба: товары ниже базы,0.304,2
551540924,CELIMAX PORE+DARK SPOT BRIGHTENING PAD [100ml / 40pads],Пэды косметические,Celimax,Сарапул,короба: товары ниже базы,0.304,2
207472742,FARMSTAY - Black Garlic Nourishing Shampoo [530ml],Шампуни,Farm Stay,Владивосток,короба: товары свыше базы,0.3031056,1
207796898,ENOUGH - Gold Snail Moisture Foundation [Tone 21],Тональные кремы,ENOUGH,Владимир,короба: товары ниже базы,0.29600000000000004,2
608841921,DEOPROCE SHAMPOO - BLACK GARLIC[200ml],Шампуни,DEOPROCE,Рязань (Тюшевское),короба: товары ниже базы,0.29400000000000004,3
212759698,JIGOTT - Moisture Real Aloe Vera Toner [300ml],Тоники,Jigott,Сарапул,короба: товары ниже базы,0.294,2
238359400,LEBELAGE - High Protection Extreme Sun Cream SPF50+ PA++ [30ml] N,Кремы,Lebelage,Невинномысск,короба: товары ниже базы,0.29200000000000004,2
207483179,JIGOTT - Snail Reparing Cream [100ml],Кремы,Jigott,Белые Столбы,короба: товары ниже базы,0.29200000000000004,2
207469760,FARMSTAY - Gold Snail Premium Cream [50ml],Кремы,farmstay,Владимир,короба: товары ниже базы,0.29200000000000004,2
207796898,ENOUGH - Gold Snail Moisture Foundation [Tone 21],Тональные кремы,ENOUGH,Котовск,короба: товары ниже базы,0.29200000000000004,2
207472742,FARMSTAY - Black Garlic Nourishing Shampoo [530ml],Шампуни,Farm Stay,Астана Карагандинское шоссе,короба: товары свыше базы,0.28795032,1
238416010,Enough Collagen Whitening Moisture Cream 3in1 50 N,Кремы,ENOUGH,Самара (Новосемейкино),короба: товары ниже базы,0.272,2
207465786,HEIMISH - All Clean Balm Mandarin [120ml],Гидрофильные масла,Heimish,Владимир,короба: товары ниже базы,0.272,2
190159348,Elizavecca 24k gold snail Cleansing Foam 180ml,Скрабы,Elizavecca,Владимир,короба: товары ниже базы,0.272,2
198156698,Manyo_Pure_Cleansing_Oil,Гидрофильные масла,manyo,Электросталь,короба: товары ниже базы,0.272,2
226114935,PETITFEE - Gold Hydrogel Mask Pack [5pcs],Маски гидрогелевые,Petitfee,Волгоград,короба: товары ниже базы,0.264,2
212889025,Enoughcollagenwhiteningcovertip01,Корректоры,ENOUGH,Невинномысск,короба: товары ниже базы,0.264,2
198156698,Manyo_Pure_Cleansing_Oil,Гидрофильные масла,manyo,Белые Столбы,короба: товары ниже базы,0.264,2
207796898,ENOUGH - Gold Snail Moisture Foundation [Tone 21],Тональные кремы,ENOUGH,СК Ереван,короба: товары ниже базы,0.264,2
212889025,Enoughcollagenwhiteningcovertip01,Корректоры,ENOUGH,Белые Столбы,короба: товары ниже базы,0.264,2
207796439,ELIZAVECCA - Natural 90% Olive Cleansing Oil,Гидрофильные масла,Elizavecca,Белые Столбы,короба: товары ниже базы,0.264,2
207464799,HEIMISH - All Clean Balm [120ml],Гидрофильные масла,Heimish,Невинномысск,короба: товары ниже базы,0.264,2
207482718,JIGOTT - Snail Lifting Cream [70ml],Кремы,Jigott,Волгоград,короба: товары ниже базы,0.264,2
151175877,Petitfee Agave Cooling Hydrogel Eye Mask,Патчи,Petitfee,Владивосток,короба: товары ниже базы,0.264,2
611717011,ENOUGH Collagen whitening cover tip concealer #01,Корректоры,ENOUGH,Коледино,короба: товары ниже базы,0.26,2
207472742,FARMSTAY - Black Garlic Nourishing Shampoo [530ml],Шампуни,Farm Stay,Рязань (Тюшевское),короба: товары свыше базы,0.25763976,1
207482718,JIGOTT - Snail Lifting Cream [70ml],Кремы,Jigott,Котовск,короба: товары ниже базы,0.256,2
207469760,FARMSTAY - Gold Snail Premium Cream [50ml],Кремы,farmstay,Сарапул,короба: товары ниже базы,0.256,2
170198337,Enough 8 Peptide Full Cover Perfect Foundation 21 тон,Тональные кремы,ENOUGH,Владимир,короба: товары ниже базы,0.256,2
169076150,FARMSTAY ESCARGOT NOBLESSE INTENSIVE CREAM,Кремы,farmstay,Воронеж,короба: товары ниже базы,0.256,2
170198876,Enough Collagen Foundation Cover Up Ultra X10 21 тон,Тональные кремы,ENOUGH,Воронеж,короба: товары ниже базы,0.256,2
207796789,ENOUGH - Gold Snail Moisture Foundation [Tone 13],Тональные кремы,ENOUGH,Воронеж,короба: товары ниже базы,0.256,2
207476309,FARMSTAY Argan Oil Complete Volume Up Shampoo & Conditioner [530ml],Шампуни,Farm Stay,Белые Столбы,короба: товары свыше базы,0.25542,1
238358954,ENOUGH - Collagen 3in1 Sun Cream SPF50 PA++ [50ml] N,Кремы,ENOUGH,Котовск,короба: товары ниже базы,0.252,2
206058262,ELIZAVECCA_galactomyces_Ample,Сыворотки,Elizavecca,Котовск,короба: товары ниже базы,0.252,2
207472742,FARMSTAY - Black Garlic Nourishing Shampoo [530ml],Шампуни,Farm Stay,Белые Столбы,короба: товары свыше базы,0.25006212,1
207472742,FARMSTAY - Black Garlic Nourishing Shampoo [530ml],Шампуни,Farm Stay,СЦ Ереван,короба: товары свыше базы,0.25006212,1
868575374,MANYO BIFIDA COMPLEX AMPOULE GEL CLEANSER [400ml],Пенки,manyo,Актобе,короба: товары свыше базы,0.24797696,1
333318356,ENOUGH - Collagen Moisture Sun Cream SPF50+ PA++++ [50ml] N2,Кремы,ENOUGH,Котовск,короба: товары ниже базы,0.24,2
165002270,ENOUGH collagen moisture BB Cream SPF47 PA+++ BB,Кремы,ENOUGH,Волгоград,короба: товары ниже базы,0.23099999999999998,3
207475898,FARMSTAY - Collagen Water Full Shampoo & Conditioner [530ml],Шампуни,Farm Stay,Владимир,короба: товары свыше базы,0.22176,1
207475898,FARMSTAY - Collagen Water Full Shampoo & Conditioner [530ml],Шампуни,Farm Stay,Самара (Новосемейкино),короба: товары свыше базы,0.22176,1
868575374,MANYO BIFIDA COMPLEX AMPOULE GEL CLEANSER [400ml],Пенки,manyo,Сарапул,короба: товары свыше базы,0.21416192,1
437154709,ROUND LAB 1025 DOKDO CLEANSER_150ml,Пенки,round lab,Сарапул,короба: товары свыше базы,0.207552,1
437154709,ROUND LAB 1025 DOKDO CLEANSER_150ml,Пенки,round lab,Владивосток,короба: товары свыше базы,0.207552,1
212757456,JIGOTT - Daily Real Cica Toner [300ml],Тоники,Jigott,Владимир,короба: товары свыше базы,0.20552128,1
437154709,ROUND LAB 1025 DOKDO CLEANSER_150ml,Пенки,round lab,Атакент,короба: товары свыше базы,0.1971744,1
437154709,ROUND LAB 1025 DOKDO CLEANSER_150ml,Пенки,round lab,Астана Карагандинское шоссе,короба: товары свыше базы,0.1971744,1
248928555,SOME BY MI - AHA-BHA-PHA 30 Days Miracle Acne Clear Body Cleanser [400g],Скрабы,Some by mi,Коледино,короба: товары свыше базы,0.181104,1
868516027,Celimax Dual Barrier Creamy Toner,Тоники,Celimax,Пенза,короба: товары свыше базы,0.18006912,1
868516027,Celimax Dual Barrier Creamy Toner,Тоники,Celimax,Котовск,короба: товары свыше базы,0.18006912,1
868516027,Celimax Dual Barrier Creamy Toner,Тоники,Celimax,Атакент,короба: товары свыше базы,0.18006912,1
868516027,Celimax Dual Barrier Creamy Toner,Тоники,Celimax,Сарапул,короба: товары свыше базы,0.18006912,1
205054338,manyo_bifida_biome_toner,Тоники,manyo,Владимир,короба: товары свыше базы,0.17860608,1
205054338,manyo_bifida_biome_toner,Тоники,manyo,Электросталь,короба: товары свыше базы,0.17860608,1
207483179,JIGOTT - Snail Reparing Cream [100ml],Кремы,Jigott,Атакент,короба: товары ниже базы,0.176,1
551465879,CELIMAX THE VITA-A RETINOL SHOT TIGHTENING SERUM [30ml],Сыворотки,Celimax,Котовск,короба: товары ниже базы,0.176,1
150925321,Collagen_Enough_Moisture_Foundation_13,Тональные кремы,ENOUGH,Котовск,короба: товары ниже базы,0.176,1
151175877,Petitfee Agave Cooling Hydrogel Eye Mask,Патчи,Petitfee,Владимир,короба: товары ниже базы,0.176,1
207469760,FARMSTAY - Gold Snail Premium Cream [50ml],Кремы,farmstay,Котовск,короба: товары ниже базы,0.176,1
238359757,LEBELAGE - High Protection Long Lasting Sun Cream SPF50+ PA+++ [30ml] N,Кремы,Lebelage,Сарапул,короба: товары ниже базы,0.176,1
238415286,ENOUGH - Collagen Moisture Essential Cream [50ml] N,Кремы,ENOUGH,Пенза,короба: товары ниже базы,0.176,1
207796789,ENOUGH - Gold Snail Moisture Foundation [Tone 13],Тональные кремы,ENOUGH,Атакент,короба: товары ниже базы,0.176,1
170198835,Enough Collagen Foundation Cover Up Ultra X10 13 тон,Тональные кремы,ENOUGH,Екатеринбург - Перспективная 14,короба: товары ниже базы,0.176,1
207796898,ENOUGH - Gold Snail Moisture Foundation [Tone 21],Тональные кремы,ENOUGH,Сарапул,короба: товары ниже базы,0.176,1
207818642,LEBELAGE - Dr. Hyaluronic Derma Eye Cream [40ml],Кремы,Lebelage,Екатеринбург - Перспективная 14,короба: товары ниже базы,0.176,1
419630142,FARMSTAY ESCARGOT NOBLESSE INTENSIVE AMPOULE,Сыворотки,Farm Stay,Самара (Новосемейкино),короба: товары ниже базы,0.176,1
170198337,Enough 8 Peptide Full Cover Perfect Foundation 21 тон,Тональные кремы,ENOUGH,Астана Карагандинское шоссе,короба: товары ниже базы,0.176,1
212759698,JIGOTT - Moisture Real Aloe Vera Toner [300ml],Тоники,Jigott,Самара (Новосемейкино),короба: товары ниже базы,0.176,1
238415286,ENOUGH - Collagen Moisture Essential Cream [50ml] N,Кремы,ENOUGH,Сарапул,короба: товары ниже базы,0.176,1
238416010,Enough Collagen Whitening Moisture Cream 3in1 50 N,Кремы,ENOUGH,Рязань (Тюшевское),короба: товары ниже базы,0.176,1
207483179,JIGOTT - Snail Reparing Cream [100ml],Кремы,Jigott,Астана Карагандинское шоссе,короба: товары ниже базы,0.176,1
238358954,ENOUGH - Collagen 3in1 Sun Cream SPF50 PA++ [50ml] N,Кремы,ENOUGH,Сарапул,короба: товары ниже базы,0.176,1
207481714,COSRX AHA/BHA Clarifying Treatment Toner [150ml],Тоники,COSRX,Краснодар,короба: товары ниже базы,0.176,1
238415286,ENOUGH - Collagen Moisture Essential Cream [50ml] N,Кремы,ENOUGH,Астана Карагандинское шоссе,короба: товары ниже базы,0.176,1
238358009,ENOUGH - Collagen Moisture Sun Cream SPF50+ PA++++ [50ml] N,Кремы,ENOUGH,Атакент,короба: товары ниже базы,0.176,1
170198180,Enough Rich Gold Double Wea Radiance Foundation 13 тон,Тональные кремы,ENOUGH,Пенза,короба: товары ниже базы,0.176,1
226115324,PETITFEE - Agave Cooling Hydrogel Face Mask [5pcs],Маски гидрогелевые,Petitfee,Владивосток,короба: товары свыше базы,0.16607744,1
226115324,PETITFEE - Agave Cooling Hydrogel Face Mask [5pcs],Маски гидрогелевые,Petitfee,Электросталь,короба: товары свыше базы,0.16607744,1
207482718,JIGOTT - Snail Lifting Cream [70ml],Кремы,Jigott,Владимир,короба: товары ниже базы,0.16,1
207469760,FARMSTAY - Gold Snail Premium Cream [50ml],Кремы,farmstay,Электросталь,короба: товары ниже базы,0.16,1
868761530,LANEIGE LIP SLEEPING MASK-BERRY [3g],Бальзамы,LANEIGE,Электросталь,короба: товары ниже базы,0.16,1
206135397,I'm Sorry For My Skin Age Capture Hydrating,Кремы,I'm Sorry for My Skin,Электросталь,короба: товары ниже базы,0.16,1
212759698,JIGOTT - Moisture Real Aloe Vera Toner [300ml],Тоники,Jigott,Волгоград,короба: товары ниже базы,0.16,1
154163936,Elizavecca Hell-Pore Control Hyaluronic Acid 97%,Сыворотки,Elizavecca,Екатеринбург - Перспективная 14,короба: товары ниже базы,0.16,1
419630142,FARMSTAY ESCARGOT NOBLESSE INTENSIVE AMPOULE,Сыворотки,Farm Stay,Астана Карагандинское шоссе,короба: товары ниже базы,0.16,1
165008074,LEBELAGE - High Protection Daily No Sebum Sun Cream SPF50+ PA++ [30ml],Кремы,Lebelage,Самара (Новосемейкино),короба: товары ниже базы,0.16,1
169076150,FARMSTAY ESCARGOT NOBLESSE INTENSIVE CREAM,Кремы,farmstay,Владимир,короба: товары ниже базы,0.16,1
169198316,Etude House Baking Powder Pore Cleansing Foam 160 ml белая,Скрабы,Etude house,Белые Столбы,короба: товары ниже базы,0.16,1
307073881,ETUDE Baking Powder BB Deep Cleansing Foam 160 мл N,Скрабы,Etude house,Казань,короба: товары ниже базы,0.16,1
170198835,Enough Collagen Foundation Cover Up Ultra X10 13 тон,Тональные кремы,ENOUGH,Электросталь,короба: товары ниже базы,0.16,1
238359757,LEBELAGE - High Protection Long Lasting Sun Cream SPF50+ PA+++ [30ml] N,Кремы,Lebelage,Электросталь,короба: товары ниже базы,0.16,1
551607905,CELIMAX JI WOO GAE CICA BHA BLEMISH TONER PAD [170ml / 60pads],Пэды косметические,Celimax,Владивосток,короба: товары ниже базы,0.16,1
180711104,Petitfee GOLD,Патчи,Petitfee,Тула,короба: товары ниже базы,0.16,1
180988755,Petitfee B-Glucan Deep Firming Eye Mask,Патчи,Petitfee,Электросталь,короба: товары ниже базы,0.16,1
868516027,Celimax Dual Barrier Creamy Toner,Тоники,Celimax,Рязань (Тюшевское),короба: товары ниже базы,0.16,1
238358954,ENOUGH - Collagen 3in1 Sun Cream SPF50 PA++ [50ml] N,Кремы,ENOUGH,Владимир,короба: товары ниже базы,0.16,1
199425671,Dr.Jart_Teatreatment_Soothing_Spot,Сыворотки,dr.Jart+,Тула,короба: товары ниже базы,0.16,1
238358009,ENOUGH - Collagen Moisture Sun Cream SPF50+ PA++++ [50ml] N,Кремы,ENOUGH,Волгоград,короба: товары ниже базы,0.16,1
212759698,JIGOTT - Moisture Real Aloe Vera Toner [300ml],Тоники,Jigott,Краснодар,короба: товары ниже базы,0.16,1
238358009,ENOUGH - Collagen Moisture Sun Cream SPF50+ PA++++ [50ml] N,Кремы,ENOUGH,Сарапул,короба: товары ниже базы,0.16,1
165002270,ENOUGH collagen moisture BB Cream SPF47 PA+++ BB,Кремы,ENOUGH,СПБ Шушары,короба: товары ниже базы,0.154,1
207466866,HEIMISH - Artless Glow Base SPF50+ [40ml],Основы под макияж,Heimish,Невинномысск,короба: товары ниже базы,0.152,1
207796439,ELIZAVECCA - Natural 90% Olive Cleansing Oil,Гидрофильные масла,Elizavecca,Самара (Новосемейкино),короба: товары ниже базы,0.152,1
238415286,ENOUGH - Collagen Moisture Essential Cream [50ml] N,Кремы,ENOUGH,Владимир,короба: товары ниже базы,0.152,1
212889027,Enoughcollagenwhiteningcovertip,Корректоры,ENOUGH,Воронеж,короба: товары ниже базы,0.152,1
551465879,CELIMAX THE VITA-A RETINOL SHOT TIGHTENING SERUM [30ml],Сыворотки,Celimax,Астана Карагандинское шоссе,короба: товары ниже базы,0.152,1
207796789,ENOUGH - Gold Snail Moisture Foundation [Tone 13],Тональные кремы,ENOUGH,Сарапул,короба: товары ниже базы,0.152,1
207481714,COSRX AHA/BHA Clarifying Treatment Toner [150ml],Тоники,COSRX,Сарапул,короба: товары ниже базы,0.147,1
437231408,ROUND LAB BIRCH JUICE MOISTURIZING SUNSCREEN_50ml,Кремы,round lab,Сарапул,короба: товары ниже базы,0.147,1
102259020,white /3х3/,Гирлянды интерьерные,Новогодняя гирлянда светодиодная,Электросталь,короба: товары свыше базы,0.14336,1
207483780,JIGOTT - Birds Nest Firming Cream [70ml],Кремы,Jigott,Владивосток,короба: товары ниже базы,0.14,2
151313163,Etude Baking Powder Crunch Pore Scrub,Скрабы,Etude house,Владимир,короба: товары ниже базы,0.136,1
307073881,ETUDE Baking Powder BB Deep Cleansing Foam 160 мл N,Скрабы,Etude house,Тула,короба: товары ниже базы,0.136,1
307073881,ETUDE Baking Powder BB Deep Cleansing Foam 160 мл N,Скрабы,Etude house,СПБ Шушары,короба: товары ниже базы,0.136,1
170198738,Enough 8 Peptide Full Cover Perfect Foundation 13 тон,Тональные кремы,ENOUGH,Владивосток,короба: товары ниже базы,0.136,1
207466866,HEIMISH - Artless Glow Base SPF50+ [40ml],Основы под макияж,Heimish,Белые Столбы,короба: товары ниже базы,0.136,1
207796789,ENOUGH - Gold Snail Moisture Foundation [Tone 13],Тональные кремы,ENOUGH,Владимир,короба: товары ниже базы,0.136,1
170198180,Enough Rich Gold Double Wea Radiance Foundation 13 тон,Тональные кремы,ENOUGH,СПБ Шушары,короба: товары ниже базы,0.136,1
307073881,ETUDE Baking Powder BB Deep Cleansing Foam 160 мл N,Скрабы,Etude house,Белые Столбы,короба: товары ниже базы,0.132,1
307073881,ETUDE Baking Powder BB Deep Cleansing Foam 160 мл N,Скрабы,Etude house,Самара (Новосемейкино),короба: товары ниже базы,0.132,1
238415286,ENOUGH - Collagen Moisture Essential Cream [50ml] N,Кремы,ENOUGH,СЦ Ереван,короба: товары ниже базы,0.132,1
151313163,Etude Baking Powder Crunch Pore Scrub,Скрабы,Etude house,СК Ереван,короба: товары ниже базы,0.132,1
437231408,ROUND LAB BIRCH JUICE MOISTURIZING SUNSCREEN_50ml,Кремы,round lab,Краснодар,короба: товары ниже базы,0.132,1
238359757,LEBELAGE - High Protection Long Lasting Sun Cream SPF50+ PA+++ [30ml] N,Кремы,Lebelage,Владивосток,короба: товары ниже базы,0.132,1
551465879,CELIMAX THE VITA-A RETINOL SHOT TIGHTENING SERUM [30ml],Сыворотки,Celimax,Актобе,короба: товары ниже базы,0.132,1
551465879,CELIMAX THE VITA-A RETINOL SHOT TIGHTENING SERUM [30ml],Сыворотки,Celimax,Белые Столбы,короба: товары ниже базы,0.132,1
868761530,LANEIGE LIP SLEEPING MASK-BERRY [3g],Бальзамы,LANEIGE,Невинномысск,короба: товары ниже базы,0.132,1
238359757,LEBELAGE - High Protection Long Lasting Sun Cream SPF50+ PA+++ [30ml] N,Кремы,Lebelage,Невинномысск,короба: товары ниже базы,0.132,1
551465879,CELIMAX THE VITA-A RETINOL SHOT TIGHTENING SERUM [30ml],Сыворотки,Celimax,СЦ Ереван,короба: товары ниже базы,0.132,1
207466866,HEIMISH - Artless Glow Base SPF50+ [40ml],Основы под макияж,Heimish,Коледино,короба: товары ниже базы,0.132,1
207464799,HEIMISH - All Clean Balm [120ml],Гидрофильные масла,Heimish,Белые Столбы,короба: товары ниже базы,0.132,1
190160197,EKEL Ampoule Toner Collagen 150ml,Тоники,EKEL,Невинномысск,короба: товары ниже базы,0.132,1
207482718,JIGOTT - Snail Lifting Cream [70ml],Кремы,Jigott,Белые Столбы,короба: товары ниже базы,0.132,1
198156472,Manyo_Galac_Vita_Serum,Сыворотки,manyo,Невинномысск,короба: товары ниже базы,0.132,1
207469760,FARMSTAY - Gold Snail Premium Cream [50ml],Кремы,farmstay,Волгоград,короба: товары ниже базы,0.132,1
551607905,CELIMAX JI WOO GAE CICA BHA BLEMISH TONER PAD [170ml / 60pads],Пэды косметические,Celimax,Невинномысск,короба: товары ниже базы,0.132,1
207796439,ELIZAVECCA - Natural 90% Olive Cleansing Oil,Гидрофильные масла,Elizavecca,Невинномысск,короба: товары ниже базы,0.132,1
207796898,ENOUGH - Gold Snail Moisture Foundation [Tone 21],Тональные кремы,ENOUGH,Невинномысск,короба: товары ниже базы,0.132,1
207796789,ENOUGH - Gold Snail Moisture Foundation [Tone 13],Тональные кремы,ENOUGH,Волгоград,короба: товары ниже базы,0.132,1
199367159,Dr.Jart_Dermaclear_Micro_Foam,Скрабы,dr.Jart+,Белые Столбы,короба: товары ниже базы,0.132,1
238358009,ENOUGH - Collagen Moisture Sun Cream SPF50+ PA++++ [50ml] N,Кремы,ENOUGH,Невинномысск,короба: товары ниже базы,0.132,1
207796898,ENOUGH - Gold Snail Moisture Foundation [Tone 21],Тональные кремы,ENOUGH,Владивосток,короба: товары ниже базы,0.128,1
168956391,FARMSTAY COLLAGEN&HYALURONIC ACID ALL-IN ONE AMPOULE,Сыворотки,Farm Stay,Электросталь,короба: товары ниже базы,0.128,1
151175880,Petitfee Black Pearl & Gold hydrogel Eye Patch,Патчи,Petitfee,Белые Столбы,короба: товары ниже базы,0.128,1
168956391,FARMSTAY COLLAGEN&HYALURONIC ACID ALL-IN ONE AMPOULE,Сыворотки,Farm Stay,Котовск,короба: товары ниже базы,0.128,1
207796898,ENOUGH - Gold Snail Moisture Foundation [Tone 21],Тональные кремы,ENOUGH,Электросталь,короба: товары ниже базы,0.128,1
551540924,CELIMAX PORE+DARK SPOT BRIGHTENING PAD [100ml / 40pads],Пэды косметические,Celimax,Рязань (Тюшевское),короба: товары ниже базы,0.128,1
168956391,FARMSTAY COLLAGEN&HYALURONIC ACID ALL-IN ONE AMPOULE,Сыворотки,Farm Stay,Рязань (Тюшевское),короба: товары ниже базы,0.128,1
238415286,ENOUGH - Collagen Moisture Essential Cream [50ml] N,Кремы,ENOUGH,Остальные,короба: товары ниже базы,0.128,1
238359400,LEBELAGE - High Protection Extreme Sun Cream SPF50+ PA++ [30ml] N,Кремы,Lebelage,Сарапул,короба: товары ниже базы,0.126,1
333318356,ENOUGH - Collagen Moisture Sun Cream SPF50+ PA++++ [50ml] N2,Кремы,ENOUGH,Электросталь,короба: товары ниже базы,0.12,1
333318356,ENOUGH - Collagen Moisture Sun Cream SPF50+ PA++++ [50ml] N2,Кремы,ENOUGH,СПБ Шушары,короба: товары ниже базы,0.12,1
333318356,ENOUGH - Collagen Moisture Sun Cream SPF50+ PA++++ [50ml] N2,Кремы,ENOUGH,Невинномысск,короба: товары ниже базы,0.12,1
333318356,ENOUGH - Collagen Moisture Sun Cream SPF50+ PA++++ [50ml] N2,Кремы,ENOUGH,Владимир,короба: товары ниже базы,0.12,1
226322576,ELIZAVECCA - (х2) Witch Piggy hell pore blemish spot patch,Пластыри косметические,Elizavecca,Коледино,короба: товары ниже базы,0.1015,1
437203627,ROUND LAB BIRCH JUICE MOISTURIZING CLEANSER_150ml,Пенки,round lab,Тула,короба: товары свыше базы,0.09856,1
238359400,LEBELAGE - High Protection Extreme Sun Cream SPF50+ PA++ [30ml] N,Кремы,Lebelage,Самара (Новосемейкино),короба: товары ниже базы,0.0805,1
238359400,LEBELAGE - High Protection Extreme Sun Cream SPF50+ PA++ [30ml] N,Кремы,Lebelage,Екатеринбург - Перспективная 14,короба: товары ниже базы,0.0805,1
238358009,ENOUGH - Collagen Moisture Sun Cream SPF50+ PA++++ [50ml] N,Кремы,ENOUGH,Электросталь,короба: товары ниже базы,0.08,1
238359400,LEBELAGE - High Protection Extreme Sun Cream SPF50+ PA++ [30ml] N,Кремы,Lebelage,Воронеж,короба: товары ниже базы,0.077,1
207481714,COSRX AHA/BHA Clarifying Treatment Toner [150ml],Тоники,COSRX,Тула,короба: товары ниже базы,0.077,1
